electronegativity_electrode,ionization_energy_electrode,band_gap_electrode,conductivity_electrode,stability_window_electrolyte,dielectric_constant_electrolyte,viscosity_electrolyte,solubility_electrolyte,redox_potential_mediator,molecular_weight_mediator,solubility_mediator,compatibility_label
2.1236203565420873,7.375136871166973,0.7668241370787282,3.7958225230228155,5.731248059881027,14.322847761118883,6.153763249318318,0.8870518830544099,1.5826863461636895,274.4506615952833,0.8723370793556802,0
3.8521429192297485,8.541521580236909,3.6666395435843113,8.758307119510187,4.860658938153751,32.95450286255708,7.078613569915942,0.6984327255817684,1.5304308055131406,236.48577385489375,0.8230468160928404,0
3.1959818254342154,6.133461046425496,0.0020514471958743563,2.2121310881452527,5.712981385752302,74.8988763404356,2.1717731990751847,0.6058190640737685,1.6258604144488658,464.68907203433776,0.4524908470888064,1
2.79597545259111,9.606715526395444,2.9809133470118843,3.321365193256271,5.187899115583252,70.7654782620367,2.0172261657663695,0.7392866717719392,1.3066218644200198,488.3517129823397,0.4995976413479996,1
1.4680559213273097,11.984245723071403,4.579715019770262,1.592296231008567,4.437189757165657,34.570327608821046,9.589877328046839,0.7758737191028138,1.5289770636409847,78.00634750721123,0.30183708554291194,0
1.4679835610086078,8.162176331870107,1.439670470466095,6.243536034648086,2.463411108015058,57.42149483898024,5.97871020256878,0.26733515162363375,-0.4719243783963891,465.2816311166933,0.3243638344092868,0
1.1742508365045983,7.483099897111488,0.927629876288596,4.256708949616038,3.165922690316394,11.589276018600916,4.023141477483827,0.1987003350790777,-0.08844055337517509,87.24584008484999,0.9821157021924604,0
3.5985284373248057,7.804929167841267,3.2583989743921347,6.171505133734796,5.875369628393566,58.44057916577113,8.054128607761163,0.16736396543700682,-0.2725414875781108,201.77879602261535,0.8944102442366658,0
2.8033450352296265,5.806023248766408,3.5630070364919657,7.640581563402417,3.277688394856818,77.96432971135562,5.346557796023589,0.43664814507028304,1.2272849111841815,393.15835509364706,0.23227552350922603,1
3.1242177333881367,11.182915209983566,3.4401525947599065,5.50245985872619,2.373019479141483,45.31161146256437,2.568295541670898,0.5482002158539707,-0.5390706418985922,399.6666418728629,0.3117484439716863,0
1.0617534828874073,7.9037795886494635,1.5965844001068703,6.3135405135277,4.830213423677279,42.38676702758107,2.226005995287424,0.6540849084608747,-0.45331662886663426,376.6198508056248,0.15321559340914703,0
3.909729556485983,7.710920879973889,1.2610120107966543,9.358978112503896,4.936017018174737,19.048896477643275,4.089220808464253,0.962231067720649,1.6368941621658277,67.60061962748077,0.9894272438307068,0
3.497327922401265,9.61783191051332,4.779593999810221,3.060736665127547,3.141830881148603,52.53411491804689,8.62697943054682,0.39770903818630565,1.1176465787385146,109.83472161084198,0.9118493580040203,0
1.6370173320348285,8.094233946517864,4.616497541349648,3.6557229924761363,3.190687917385215,49.28279605841862,0.8021895772337375,0.784786646869547,1.6261399337572602,471.2974241988868,0.5744930876380275,0
1.5454749016213019,9.537634281654922,2.2865830494641015,7.205263280922435,3.8755719420351356,53.89497946068129,2.341554807396679,0.5782218576353965,-0.5819342252179285,86.65762477815085,0.7082484487497694,0
1.5502135295603015,5.430124030915513,4.230969330771867,6.151924618848328,2.087155799049022,6.956246501354136,8.952887824755395,0.2980809388782252,0.19694121368390705,85.34566263790248,0.7605495926111216,0
1.9127267288786132,10.696063406055593,2.26161738817148,1.8674757549431769,5.157292041444654,46.15426162618052,1.3929987758986548,0.6537748862158832,-0.15054648977104712,426.0406719910416,0.24362066608721372,0
2.5742692948967134,11.583527670155817,2.121945090362552,3.823858369103853,3.2683551490965024,49.62011326230298,6.370332038988851,0.9704585604607332,-0.9709567441610515,338.5695889502988,0.9379330204645996,0
2.2958350559263474,9.5413577031157,0.7838147379964733,4.7315963299346775,5.41505240800791,20.564760155960165,2.2924114075860462,0.21187746932614515,-0.14643111868387948,208.2452251303308,0.5504055780355358,0
1.8736874205941256,11.681961502011674,2.1320302824598643,4.251959395887054,5.210521686400135,20.624964311640202,6.137495105616506,0.556551788094306,0.13874975593363836,124.56971918223188,0.13782896062540556,0
2.8355586841671383,6.060026200589743,2.687084692999035,1.864920602388204,4.645608132475132,25.716362638321236,3.954420835073475,0.1464475187354754,-0.7233410882718644,447.8766889517667,0.4272284774419856,0
1.4184815819561254,8.341913326362477,0.11252163714343233,9.251857908664196,3.299499468397155,58.37911937954282,1.1964335850237204,0.38909466900672607,0.6994626734804594,494.84199093283047,0.6215642283677386,0
1.8764339456056545,9.21264713761813,2.220565025877032,7.646955740770361,4.06526624664468,50.46995476492788,5.9082556620302435,0.6585424098345921,0.14951798741789935,72.48727779927312,0.38518203189336797,0
2.099085529881075,9.072156531948307,3.9067810919760015,4.865422737867737,3.779317030391836,68.43219845883534,6.893818921428943,0.8569512424276792,-0.8606150131673637,299.35102194059084,0.7142442063642396,0
2.3682099526511076,7.8102324536233025,3.400230281871349,6.832604180237682,3.355527544994697,27.174392888232365,6.866671665864868,0.7572955795534639,1.1119365946039306,167.58661320761678,0.8879474813875571,0
3.3555278841790406,7.36659086556383,3.175784944319675,8.983098454141667,5.392545157212712,73.40510449162387,6.4429372089125545,0.5165711003939265,1.1878395015233103,424.57407509736686,0.7832975181630254,1
1.5990213464750793,5.887768157852932,4.547777142186012,1.448124009379555,3.934028298310661,60.777962148751875,5.102202853168349,0.9183004813937319,1.5034143289083048,205.73289129866257,0.6605251190924387,1
2.5427033152408347,7.7421971539359475,0.09016004912615005,2.578693201999079,5.330892391188586,34.625875251027274,5.290831645221392,0.3724431985213936,0.45662179960094784,371.5831801338529,0.5365496073410819,0
2.7772437065861273,6.138625705738396,2.785237930961171,5.472742347840786,2.420873896567297,12.144654921909193,6.429273076118005,0.7785850692026497,1.905976392003529,292.7855396868247,0.29174031149851765,0
1.139351238159993,10.140559735445528,3.9367442420485355,8.010202676388351,2.564099154401343,24.273774686561186,6.964541745117083,0.5266081195728962,1.7421924335973693,293.6855217177366,0.4821988567475615,0
2.8226345557043153,6.46181654846213,2.706676913506336,0.4589234648711211,5.909281220451907,76.75761629111378,6.617792040547575,0.9087721792054981,0.6540548753003947,436.09974403118963,0.32830526178126823,1
1.5115723710618747,5.409957136991737,1.6194777629018957,9.841779686943969,4.351073850424358,28.277253191305952,5.952066536151827,0.8176895394883842,0.33485579320825165,261.68199166605393,0.9373222120352386,0
1.1951547789558385,8.86656296472064,0.6812528254598893,4.603575368535732,4.039078693996196,29.742572011179835,1.7272220510803604,0.9113226951763856,-0.9908967162912314,430.51979036501626,0.911945599137328,0
3.84665661176,9.166608129035811,4.437815359080957,3.656388292155058,4.092624252576447,19.219169832328774,2.264042077230046,0.29282306404786607,1.1329835952177012,213.54207261690894,0.1980350641384006,0
3.896896099223678,11.103391428963539,2.353811961938015,2.9979719346137417,2.8610750961314393,65.5137950854074,2.7501954061464144,0.7013353889045871,0.6948635121490732,128.65232410893725,0.8314892101345088,1
3.4251920443493833,9.038871286923772,4.390575984928507,1.8261314057436293,4.8748157980078926,25.673317268170802,9.212684239457522,0.764617067273476,1.8126324364582418,254.9648199454768,0.7177689619179533,0
1.9138413075201122,7.41836597606412,2.9292606121658418,7.936581698407276,2.3391224949190175,29.769368627664175,7.642071899610273,0.7681728387543343,0.7826963757237324,274.26010161965996,0.9764511345325745,0
1.2930163420191516,10.621083170684244,3.370960583075004,9.558600230986356,4.293294852412092,36.076108132372,5.618094831461407,0.5536004054206038,1.9785682816781898,265.2724389370062,0.49014124017016963,0
3.052699079536471,8.781952252311948,4.0213057718922505,4.195083072969442,4.283075186343606,37.529620983095725,2.670157899731659,0.11012547011315729,1.561457815589871,413.748685345677,0.736065652843664,0
2.3204574812188037,5.554961992418342,3.295777723000672,9.528964878059217,5.656753696534044,35.85055928112663,1.2867369277928775,0.33528770548216746,1.8607938074448596,304.1055236570437,0.5419897241219576,0
1.3661147045343365,8.960953922192726,1.9902742033946885,8.255596392806838,4.104731240419442,42.780777153104644,9.007840414603752,0.390970787503943,-0.01701168614488313,449.7998322914613,0.11593047185773792,0
2.4855307303338106,11.356129817951636,2.568166919643255,4.862406162015551,2.548250783896718,66.08846597123025,8.948126955064588,0.8668329555535853,-0.5519920156982007,281.38347271217395,0.09442651224992932,0
1.1031655633456552,7.774188378487544,4.015227623379399,6.772859173348714,4.29101303699265,66.44637805565165,1.2848168378177771,0.8567972353937983,1.390616341385376,151.1217872969019,0.16600587073579653,1
3.7279612062363463,7.0742806132986,1.868251481864921,4.406343373787583,2.3653105774613294,64.87348503225101,8.012723327745663,0.19421209363400493,1.3585913089073975,108.27312811823867,0.33138151065979604,0
1.7763399448000508,6.00428619912614,1.9406072838424855,5.631361741304269,2.8151753411996867,12.584362933736564,4.577121679237145,0.9548522935941318,-0.3656531817833104,440.7632694250794,0.2961574505212815,0
2.9875668530619457,6.060118653547502,0.47845058029000576,0.6746587364831877,2.1244343367496645,64.97591024561106,3.3748759417392935,0.2642117379863419,1.2942339624047383,75.27775950599528,0.7419103352706051,0
1.9351332282682328,8.029400390392732,4.572922176108738,6.993008405475278,4.053174329837994,14.018883011493259,7.443224454845331,0.472923506170829,0.7459200741242185,102.92432536389302,0.730126598176018,0
2.5602040635334324,9.169758769130706,0.45518157472720866,0.6229639803929534,2.3381304611742895,14.35428275391935,6.22042950239516,0.2936412694996799,-0.6714245652949811,78.64633351293848,0.9728248508569034,0
2.640130838029839,5.564307836187212,3.2410458872427794,8.18914097450453,3.877577514125316,76.08970787262206,7.844295054414707,0.8742992219464217,0.5053507927106262,240.6803887318191,0.34487128417027635,1
1.554563366576581,11.57698012317616,2.0659723940139885,8.26697460165952,5.731780141296577,66.4548383529156,0.9284228342027836,0.7744618286733806,1.7934140025160357,289.67702737711704,0.9415294795915633,0
3.9087538832936755,10.285935322116371,2.028096951277212,2.4470651468065245,4.879045652077329,46.430785015100646,3.322152795583073,0.41817592619902355,0.5193726363356865,58.94362896017033,0.6322080733133484,0
3.3253984700833437,9.106367427985639,3.3977591828634197,3.3042615322544227,2.309646696901172,70.62276533583966,3.3293051340840107,0.7136907634234498,1.366096968660416,282.01377510122194,0.5205432754406144,1
3.8184968246925672,10.799070696572937,0.3354686631493936,4.864972747727103,2.8968392488353727,79.20234819138972,3.4315803044201023,0.26593019575438814,-0.9132700400741304,227.19176208078173,0.6844493089225551,1
3.6844820512829464,5.5613072976847935,2.968528914757173,6.006962778631566,4.694649679573737,50.798154997383314,5.124302751909294,0.44406738313840144,1.1842442385877812,398.14033210515413,0.7176176790063075,0
2.7936999364332555,8.337872144131872,3.860158929861774,2.9448012512457677,5.578807444096735,50.96738277361385,2.9735352701932847,0.43939682950429737,1.840512158412432,423.4804797858004,0.21333257741627937,0
3.7656227050693505,9.410651888031644,4.141063789432971,5.965615405856058,2.131674347055815,61.5820271869946,4.554959378857694,0.31414301354925805,0.49858335467880743,358.2353463737924,0.7641297283584946,0
1.2654775061557584,10.800570342828024,0.8526519469688765,3.048092024970059,5.249804526882376,22.410421427399957,3.8042204125310755,0.8886808446245943,0.013129739076759073,263.0729908924808,0.7389141262436277,0
1.5879485872574355,10.484286920344875,4.487095250390868,0.6493581386035007,4.247255521353235,17.53436461390995,7.405901270601011,0.7109611619312136,0.9399515146606916,147.26686776889466,0.99765566975134,0
1.1356818667316142,6.939484747993797,3.280730459237211,0.1250227433358986,4.18436530118557,61.96855625113044,6.114307797615492,0.35194537950741933,1.7487836452796581,431.2016902861521,0.9163503916388517,0
1.975990992289793,11.586161186914431,4.409274004103414,1.1013954733924434,5.831252731013432,30.867859624557674,6.605568436709691,0.3179086845661336,-0.4696910483999712,203.75111301998757,0.7004272201000769,0
2.166031869068446,5.870420890016092,2.4264035855509913,7.943281931623781,4.990578450387092,15.13027672294505,2.2637221620099157,0.11615812389931515,0.21108263006812944,210.33134923772712,0.7267455274418202,0
1.8140470953216878,11.125935330348064,2.71016672548601,9.618169992595037,5.400475472224448,28.61582944383123,3.389921220203516,0.41192402841311915,-0.5311291570544765,462.20519623417016,0.948686352142856,0
3.486212527455788,11.79658174723233,4.595191385143355,4.326965372884071,3.415982278178667,31.897765090593154,0.40742138659832805,0.5740941549837864,0.4899626966596784,489.0187650190608,0.9688193593349662,0
2.0702599800807677,6.240074662558379,4.499547716773359,5.1755711391544335,4.217456163313639,77.3920744629268,1.262072131473065,0.3499398477175388,0.6212660390916771,454.15893037302686,0.835616937354371,1
1.8428035290621423,10.054462449426497,2.24080436684501,1.5537968738269188,4.461622709711083,57.346978331594244,2.7975314734910963,0.730412448786793,1.8326108441649804,499.2056256024865,0.7790238682318028,0
2.6280882494747453,5.2819986314459895,1.3720631581784088,5.555210391533555,3.2863357614498603,44.814223804980045,0.8415444687598064,0.47057457611013964,0.237545461302882,441.0089797556648,0.15579753219664655,0
1.422772674924288,7.837959775974085,1.9658521728213207,1.532083529869071,4.280992499789598,77.66548540119537,6.105797523476085,0.38468605330960104,0.7008698406190947,366.9608829290368,0.838806081906604,1
3.406590942262119,8.613983094383718,1.9388216426487488,6.151021878868417,2.9466215179188553,72.73548053556355,9.981675136053488,0.9451518929112981,1.655787722162457,182.2187298071628,0.29053589453300094,1
1.2236519310393126,9.064516581367439,1.4343343749139699,9.339260809050453,2.5735026842729583,43.40006424606198,1.1879890978408074,0.3365207895593252,-0.035784999471523915,478.8306720049443,0.5855950812182522,0
3.960660809801552,11.551560737739916,1.342898021664833,2.037415539100092,3.4958810371093305,72.92597265327355,8.248056084158797,0.4584318580869907,1.0224916069027699,444.4820742261891,0.4351038469159435,1
3.3167343078899725,9.705754811059363,4.305314682398597,7.66918080876531,4.957158514985748,35.322849354699244,1.3643992231984423,0.44406170966869474,1.2714855464662893,158.33605658704397,0.3783269356053789,0
1.5961470446025172,8.36894565853466,0.3493096034233084,0.33267398590140806,5.664748592295551,22.28154990174685,6.765157384205074,0.3170785111041235,-0.008415295938971723,270.12311295882216,0.344737501393707,0
1.0165663513708072,10.667725253861224,3.388055910497971,3.817422689084048,3.83085620599293,22.450863261656384,6.502944509978368,0.2957290658293751,-0.5069764434080666,81.52504728149756,0.8626557266246152,0
3.4463842853645024,11.653729746680863,0.8641002572822615,1.1964102275220396,4.571294753101727,54.6736643331595,9.046625961149752,0.3721420169320633,0.50872862570682,478.9889884702477,0.780679314638252,0
3.120572031542851,5.154463040776036,1.7225294669703162,3.5895068717974246,2.412148523900402,42.580274053045784,1.3166670140690213,0.8778125529380628,0.07040519039990478,307.74574747465516,0.5472763147882664,0
3.1870215041229617,11.87764890579227,0.3077151706741843,1.8180155044249469,5.617855034209315,54.4213135254085,3.291355767602599,0.7903745985063615,-0.20061270462335812,160.34024566767442,0.6812564691712341,0
3.3138110400578373,5.602924973445762,1.3498681842773101,3.795719402216586,4.274416854279737,56.45569731966274,1.08964165147592,0.712899562744047,1.9202639320823147,181.57969113074407,0.9853015528268085,0
1.222133955202271,10.700707454881329,3.8421053555862104,4.23347578046455,5.121352990500628,6.674215467328821,4.192356592883452,0.5113926933782441,0.5064590561045996,491.29536768343684,0.4276583789890459,0
2.0753971856328177,6.962343267859888,4.425076622736293,3.075852115531092,5.177764803685575,9.052969426092677,9.13361310086296,0.5569785861693431,1.5694330815302715,327.026431311889,0.5735455757090963,0
1.3476071785753891,5.925257604277102,1.1076357595118353,6.600557299783978,3.0259221054724237,44.95082949434374,7.858926880406191,0.34042496094411434,-0.4140477683699225,239.30740584788168,0.5568475269457611,0
3.5893102776267805,8.078989477996844,2.3177391962946094,9.196635307463206,4.1166978127273985,19.32766083200577,7.284420984364129,0.16688432245232587,1.818328294697392,274.9304578034921,0.9391737563941484,0
2.8698943804826738,9.507696056133295,2.351620239686032,4.065894203642197,5.841919006243909,52.440032660332975,5.42366954765448,0.39793650104843403,1.383294303707065,94.34753256980451,0.3839842967303162,0
1.9926940745579476,7.666662915164325,4.367876528798671,2.0041972491027122,2.358538179283311,46.413930437798605,8.858160274888125,0.5460253803931295,1.4260764685674272,83.7602420327942,0.9869420127068581,0
1.1906750508580708,5.381957857978893,3.813995264379027,2.7801553061402355,4.732199592118254,48.932026877816845,4.6045296227650185,0.1515817418673992,0.16929462558778585,316.7184844851732,0.33946273289452567,0
1.9329469651469866,9.196227977611017,2.5653860918402493,8.554608152614053,5.8490563121406876,27.6841534873258,1.6669195375862549,0.1794099718513958,0.4569109792330588,280.4018163981424,0.15346168355783052,0
1.9755499660802411,11.316822932774723,3.353736002358867,5.759233260374464,3.2023084322160886,52.98826297084225,8.408335186583637,0.3367227095961105,0.7800629776960402,211.6189360865485,0.23180486797995326,0
3.1888185350141924,7.682507561630762,4.236775269546834,4.604609219838877,5.445791685617392,67.21194773637673,2.940455614906923,0.4303723362334855,1.369296608615194,304.75127863011403,0.4549102747710072,1
2.9126724140656393,6.5143294434157895,0.04769477012772472,1.5814035429383746,5.7346301816330865,79.85534401941779,0.7256087020395912,0.4539851300068347,1.547170256181313,82.70417724672751,0.667268152341585,1
3.6616382277289796,8.098041421529707,2.014450155250243,4.552300352405441,4.9883448375793,67.88332896291607,1.4351727005541555,0.20609745965920462,-0.7658640719441967,474.7960271441958,0.5409839590228186,1
2.4166447754858478,5.338538977341466,4.536215836385393,2.857070833238128,2.925313249227833,46.812406975996055,6.168777378702653,0.3032392190813099,1.7121871625995233,182.17025950289982,0.40746426774572225,0
1.358782737814905,10.743413091361923,3.701565154219757,9.437314965748158,3.3360028753063755,19.50721937599674,6.149403246427491,0.3354825268572479,1.812489957512783,82.3004558023995,0.5839316024214369,0
3.1397343616689852,10.784385676651308,2.714206871670373,8.852294083215739,2.143237177670923,56.10844070898656,2.749795076603938,0.1608713885811216,0.7786622130703567,126.27692265834682,0.8468659624989348,0
3.2823551458506923,9.116003244007398,2.6482226351756672,0.9306351640991603,5.325812936981421,75.32403391684836,7.326365449870596,0.39348973053072756,-0.4397481602352822,92.9632615171326,0.8469844762565557,1
2.6838315927084886,7.4717202225687265,1.738850488022189,5.214869543686304,5.398444746044319,20.88999047992268,7.781673522915438,0.1649994154799565,1.4552444981104684,130.37202696185653,0.7399164937731192,0
3.3129015398636827,10.598483551120484,2.6026026682075725,2.328077620595254,4.53084123986477,24.19967153949328,9.220925736109459,0.7331120587987031,0.6457628436487968,237.53932467197535,0.9548260353311754,0
2.4813867890931722,8.88280917351857,3.2769159973172663,4.166693186290477,3.4101114050554053,16.175640755873836,5.932387487046723,0.4474429899015794,1.4515893611491388,382.12290227098435,0.6106944340659461,0
2.568198488145982,10.781526159850113,2.091815192143965,8.780795182689419,2.307244110559682,60.25412327198013,7.838348968646215,0.39407715044053726,1.4444243797679497,172.5567563547679,0.05727475577138455,0
2.282623055075649,9.420211548081145,3.57076573196087,5.322393746896593,5.012230439659637,35.492112756774446,7.580376861762011,0.2138699543532462,-0.7398120529426226,246.16697987373976,0.32638315117154976,0
1.0762573802322857,10.490838312489581,4.306161136301929,3.408731404370523,4.906104774439692,9.702172916478805,2.7265286749784905,0.3038532899004063,0.8210642851119923,467.94077954970635,0.36181156926559566,0
1.3236742809799134,9.18994095252432,0.7734242409243058,2.158094705639471,5.650410086955604,70.62124936177102,3.240214093789062,0.30943468804521124,0.4494328978061639,183.11978269668896,0.5699597734381995,1
1.0942875570602029,7.898987477509664,2.2577351140871222,8.023216108124243,4.922128084021448,46.8253928526925,4.889127478378141,0.9866837933859727,1.8383584099985528,407.6238889691194,0.909644997818108,0
2.909231233791341,11.705621019482962,2.0401004564254057,6.2827283521070365,5.314779768976008,29.832071900026683,0.3865818817866353,0.851814441557644,-0.11007612422381097,121.01759261706489,0.8462092153659394,0
1.94306794322898,8.787796774151914,3.4373240202486404,4.733848058219689,4.983818471615998,30.79872320458227,3.114498176945691,0.11373606247008847,-0.38199968142722496,130.24478581576142,0.2705643360428925,0
2.525712073494108,9.23562662978377,1.2493373262896468,2.2530951032434827,4.522748753249266,26.76884151431801,4.844052158773533,0.6551529316916318,1.691260568057464,255.26879306431954,0.5434207241468657,0
3.722699421778279,6.543413475903245,3.201254574761381,3.4090391041556,3.707865576764037,39.161012929448134,1.2590790937552085,0.3303190867797314,-0.5538532932996858,155.34601270987383,0.6761912036575135,0
1.7478766874466247,9.379555525990934,4.38744620865744,9.602449924711333,5.608469234569111,30.278126636610875,1.4375037001962294,0.19393923593762585,1.0595583761733853,456.3626332074171,0.9881359635995901,0
2.2311487691068894,9.001253546380607,2.0906579989681133,5.24889038229776,4.603874287629879,46.0959728052957,4.739720010225944,0.7350397868077793,-0.0999405584745674,72.838531005565,0.0797376783922926,0
3.266653415629146,6.293868785629175,4.5550784998961005,4.066922884308204,3.5934212878636362,63.01379392034706,7.3634573095421265,0.21844499452151434,0.7035372664924329,318.7726547647278,0.4906834509318036,0
1.6863944964748674,5.417109681472006,4.965818694667393,5.262078219248407,2.333877180727829,55.58459625832801,8.370739523022694,0.4993667015767621,0.8486582985237834,321.90322826728396,0.9887032213073342,0
1.230939729486379,9.230515238003399,0.5304602497397604,7.811986208406125,3.1628194236175284,27.084266956558785,5.553876195546536,0.6689486483559318,0.25210784587390034,79.71166738375146,0.9783455071766902,0
1.869254358741304,10.345845885452244,1.1652659399242933,3.467078471378401,4.174906939320659,44.65557586548344,4.852540077957966,0.5990452805394898,1.9248949407112872,379.6538966919011,0.3641901917177477,0
1.4836638617620133,8.663809596454058,4.751898757410466,1.8691905972328278,3.102541480064778,68.00946199341881,3.9659495709056016,0.9798661884724686,-0.6045004957450626,261.0038950304882,0.05001589944503801,0
3.7890929570277194,6.587408377237519,4.791638432406934,5.890867571556573,2.8849413916716085,10.11546760570441,2.090900125888541,0.8071683518102704,0.17419726711027117,375.38301807266384,0.6073978557047174,0
3.424361138693251,9.665653836851245,0.4885363769337925,6.685520624462565,4.109574056351389,10.872295024017856,1.6363076275807742,0.7967740385147407,0.2911859806229473,422.11624367078144,0.8735919082532461,0
2.9002112695312703,5.560740086267216,0.0749925018856834,7.155908229289641,2.6792813835829383,46.71275510373151,7.96058522628572,0.42003585467292814,0.8931408469885445,195.30470839581224,0.3580823629689947,0
3.614381770563153,8.092835933613681,0.8055001162821113,8.831677148584683,5.201640253300414,52.93363462923524,4.757064995680895,0.10755594287572753,0.2217792745835574,268.0186473209694,0.9375564665920816,0
3.4110162306973435,6.143567308788941,4.9800639169112415,3.774623794822219,3.937472605370632,20.85597618319281,7.945138405701597,0.7609698367036195,-0.7088919658835103,167.34235089560514,0.36606731525569985,0
1.5597101766581076,6.291213357419183,0.8999980830534343,0.8460134726660288,4.2954510958506,60.89150950186385,7.100013751826172,0.9997588758661051,1.8422899945424787,140.68105858505075,0.6296912539739407,0
3.677676995469933,6.4160576441074255,2.5127380336101157,9.587650977946328,2.589533070389394,53.46975327805456,2.100179960957113,0.46529119696925403,0.24823724491605703,50.26764111919583,0.7359437695225534,0
2.6180267257469523,7.706949399307845,4.242088632152555,4.406618081631004,3.2983053425174695,74.24669511772149,5.201011189270012,0.9869666490614056,0.028021181651217697,483.6341804359268,0.3781449762705936,1
3.4223204654921875,5.358051439342783,0.1020080534410317,6.270249345764,3.6403587330446117,17.671565139390253,4.551362978142271,0.2275372985809118,0.3401663725220141,248.4178111983417,0.384596091418316,0
3.6882738997704796,7.784554086503688,3.0224449112922973,6.6964226989700935,5.232851322066011,61.3530699018508,4.353960359688829,0.36686111647304565,-0.3502129536132327,55.88139787649331,0.4964950881995853,0
1.9540104249155916,8.581952129802906,1.3851272443481215,5.510485716141915,5.080638092344611,11.273231793745026,5.517196282197376,0.2536542385682236,-0.6993349459940473,54.02235990562168,0.8434622566993462,0
1.3301557735830303,8.383059994764277,4.311674582198658,2.132049544389074,2.8919098991507255,47.39693071384231,9.824402630539291,0.5276583756341342,-0.5542645626734123,179.7586558480378,0.145808229184117,0
1.683805487625825,7.679488702821284,1.417305746320396,7.575916196149801,4.4647163264280305,46.39213546243594,8.166425857173305,0.8172832613564983,-0.5000355189893212,56.27195541955329,0.649905416128852,0
2.281323365878769,10.874026256495267,3.4337786014095446,8.05714454561041,2.9738254310879904,34.128878348505545,9.056381829977838,0.4065955223841585,-0.40697968535231466,218.53157794634674,0.6934805328437971,0
3.4540442977674792,6.017286846943529,3.3710981622369847,5.574458301572654,5.952988622760982,68.34283607514254,0.49046791512516796,0.9156060434366843,0.25988063667857686,78.32232564752654,0.5799791219896798,1
3.5821917497690303,8.539877206469619,1.1074677442982002,4.936755489789931,5.808495512523482,5.3277983589509175,1.5752963945665583,0.5903473719968066,0.8716978071324608,67.66321601763939,0.9390464680068416,0
1.020856391593572,5.43428991869588,0.17399599934175058,1.2279880129670548,4.253058882082482,44.013455142389056,1.0306838702007224,0.5188819723676895,0.8866635140801975,351.2216273335475,0.6218911810878195,0
2.532241907732697,5.498089752145368,2.0462478689269865,0.93112144884786,4.795610287576572,21.286516237639056,2.7796638496397112,0.8083322579757487,-0.9997072913142194,458.0785802492981,0.6528479135231856,0
2.252233009446337,9.017060947739674,1.4459657598293485,3.4616919710789347,5.20572152883458,60.76239643373247,4.530546421273176,0.1912991473376061,1.7628730006951994,234.22396248602567,0.6197720265190982,0
1.6663234314121906,8.962128974214746,4.044888748068543,3.1773769396221936,4.883993680179616,8.230056972957287,6.492121827027718,0.7963772240896072,1.4685415415969647,426.5466936241697,0.7359178361817587,0
1.3595961020010483,11.146234589911199,4.001820942276726,9.541198864536385,4.799314764329683,67.36660161361831,5.1081464096087,0.31865680015554404,1.8918141183081194,63.16945751108621,0.1786389448711998,0
2.012845514210884,8.905115729620512,2.2851197609631275,7.857865150189955,5.834216031798112,67.85691700302137,9.05120236614877,0.35273129246491386,0.07995903419057848,399.9605251865821,0.8995625073480916,0
3.8287291117375575,11.718537142833952,3.032561126616095,6.633250523064693,4.385824425229133,67.46495093026272,9.410588397159865,0.6395083959880719,0.9943978300681908,78.25999654530091,0.09036770677310059,1
1.9696087960622657,5.340863938799508,3.0212975799346258,5.22471608127429,4.545210687276223,16.44263950495024,1.8025053217350975,0.9117409825415846,-0.49593775223170866,427.29774043880826,0.6587067620512832,0
2.556371865230098,5.686053793465187,4.135790742138116,1.7569385541938485,5.397075001752725,52.28048889207837,8.558546618594894,0.6205662547937784,1.4510990816610079,447.0648551924288,0.6347068855929526,0
3.1090568766855338,5.30846103099267,2.1250120706159876,9.78672105462441,4.679563471433627,6.077551938754221,4.920877599330351,0.6840544139150383,-0.5158968311368934,403.6882290720414,0.24771507105532076,0
2.090888807137882,6.29693795233478,1.3772333989525454,3.8129029125780796,4.93173048807009,68.59719434668999,4.642628818910367,0.7989351306447467,-0.022042897576751264,419.3370609850801,0.08867542499992974,0
3.915346248162882,8.788890776591746,1.3251745907027375,1.1585634642277236,2.9366747447865698,59.223139513146535,7.8924056151487685,0.3333922830932381,0.47250456784094985,302.6680548495435,0.18189362719570362,0
3.8873418848263337,9.519005269991997,2.680961396411021,4.9886090675858865,3.4850676964602836,44.83652981744395,1.1127769886397907,0.8445103055237283,0.7835950065582513,169.19822416219336,0.3080884522036605,0
1.7553468874760925,5.319096105640682,2.2457410136610627,8.752580314969524,2.589205382847572,59.794357482246284,8.848432648707636,0.4761641341604348,0.6788990728601947,339.453951197435,0.8880004060310916,0
2.491745517677156,11.621796228919195,2.200603854924681,8.884180917595561,4.023061769339222,12.074307248882917,6.774460874566625,0.25809012414204624,-0.6937119648700082,247.79374208436263,0.8629476839709908,0
1.902634929450309,10.895157636552668,0.4556866954485361,0.20856256895882785,3.8229096027209852,44.64918741326422,8.777563755048378,0.41510627151501245,0.26502800859155284,52.401452413570695,0.11066279555274912,0
1.8545214831324028,7.0762873750996516,3.593018703450978,8.874327873038856,5.988651257117827,26.845736886233407,9.945880261534704,0.3215180005464028,1.7687277926174678,264.5715678956758,0.3248046076291506,0
1.1106608420635984,5.540312711585276,1.0686834399095535,2.7876937532485995,4.44483461126217,77.94645974172298,5.276443633101083,0.3058422446220813,1.6171055832555545,343.0345660477455,0.8948504310866011,1
2.8286930019396905,6.189209512533401,0.9847681510436068,0.48582640328738846,5.145779292777693,69.28384629679263,1.113969539507504,0.35430687884724954,0.7723505697639195,56.247646861094346,0.27482607702238926,1
2.5080370696865844,5.888610896284809,2.063791601386967,8.493123676592456,3.336058683030617,59.99567718754827,1.8319338567226877,0.26283773326788057,0.7169737263608043,329.61215124867095,0.9961670386298425,0
1.1544362537499682,5.862986455092628,1.138891708089007,8.652280884283261,5.326181325371186,75.0310726437299,3.3714587770322377,0.7009315813743786,-0.6649744520520094,343.6393577975853,0.2939981859979412,1
1.8359393927098342,8.629931820660138,2.919291336540077,6.002687690439265,4.460339865950734,31.013247842410532,1.2148188329201537,0.6219925813316055,-0.3992216430690898,121.14841020750355,0.7521575938374497,0
3.724797657899961,6.720932097453802,1.8573166966723575,5.786894197233948,4.787969326393753,72.56599242411359,8.190349896150146,0.6835977036850857,-0.24208077218771185,243.98338332042928,0.44620621489282386,1
1.7186856720009174,7.506978015704011,2.2445586129639503,8.149890698952053,3.1777231117978175,29.392867408003273,3.1093049401211315,0.4093522514453444,0.464587185571417,483.94967040010965,0.17943232444229834,0
1.4346846162736693,11.926537333690257,2.685846608020144,7.88446457183177,4.194553566782309,59.959753976836474,9.76368464259468,0.7927600623166399,1.1940681442871561,447.8851525099021,0.29239688266236363,0
2.468358280832689,9.790199742477412,1.0176776124090243,8.91204418708277,4.536147893654435,60.23126838323368,7.085396032932186,0.21664786685874826,0.3821760668127747,234.86964028621372,0.6913621718403788,0
3.956951362331802,11.64286466932901,0.778758114327649,5.572199731207364,4.356378703266325,6.37624073405701,1.8996176285044648,0.6140230385152242,-0.6218168744878068,207.43082061087,0.3702035819346275,0
1.7261658145345011,5.997895885231809,4.402109514368024,9.679706218054806,5.660774845698266,32.07947737086464,4.8652179400506155,0.3479076750218265,0.31804663103414144,105.8363064395852,0.6239218095704544,0
3.0164066422176354,7.674976323827985,2.1686185141571053,9.961853626240051,5.5930906579702135,6.4574504306373415,4.775465372006547,0.5748489106278503,-0.5121002387533349,65.8350880430719,0.24525449063051163,0
3.284858845986153,8.88312262297648,2.060468048162696,1.2537916389864627,5.883936231507482,79.78190132076864,5.026614251669613,0.39127345771621524,1.2534420550786534,183.85824984893543,0.4761519235736607,1
1.712912631977199,5.537306433221167,0.1780607513642074,8.510483219585808,4.669712024027957,14.16475713719285,5.44977347230077,0.8114605885821657,-0.500497418786263,473.12750618700727,0.5366334912700143,0
3.1846490458355787,5.0293121053957055,2.4898815129369662,5.048240351711031,5.8876565205027385,45.7108171736082,0.5054962067137625,0.9021446549542851,0.4476019686333701,481.3760531001503,0.4421453351486081,0
2.10334939815776,9.693040336578424,2.7708486080550006,3.936906749168338,5.329912000127635,64.29171790719779,6.92575103228751,0.7683231010344681,1.0802408079832788,415.6337032593243,0.23802212978306414,0
2.8969174917807385,9.492736617610047,2.7942043547733326,6.169415867838878,3.083328561359837,20.094770169566935,4.9744793978267445,0.2580253415643221,-0.31540580816437425,207.87116608393677,0.4884758483764007,0
2.900589132282684,7.8755216699972825,3.5351558466144217,0.6540590168938696,3.7097426782051883,41.37895010716045,7.95146090891325,0.3473802085495261,-0.7719096770880207,114.63189479695004,0.7082555325120788,0
2.6073240522242753,8.427508532224229,0.8874091749550589,5.11396507579409,2.953569768756039,50.557157069086315,8.19042581795222,0.9274222589665743,0.6898984282242462,317.99006402255566,0.966660379684568,0
1.270869310163225,7.908101004144627,1.2611156711530942,8.721816643264,2.016788643322261,17.015356579665905,2.4592441955188313,0.49349811489238116,-0.8373920094868225,340.92725324278166,0.800045539454052,0
3.505907486767714,5.168035313914222,4.053652326152063,2.213269009775791,2.7521950125876344,63.39165949336539,0.6745448749824225,0.9470623684143401,0.7633059289045039,241.05810616052185,0.2033969574430941,0
1.9623401949152075,7.347601243522237,4.73585308421697,4.321259958217309,2.0162423451475027,27.4502342892024,7.091691789900762,0.4532065199760401,1.2604956127586044,361.2410580013881,0.309066757313363,0
1.5595555311995626,6.239575787781028,0.6796637368366032,9.400860788377267,4.87935384540196,20.82673072541302,9.782075326945968,0.9565971945315973,-0.012052024983080445,386.0068485432809,0.1248827006806825,0
1.1223254246642917,5.688969323709581,2.488247772526091,4.342781994276403,3.702137190884798,46.87165598280627,4.577248268492831,0.9331650889599978,0.4650482272420764,402.377748608651,0.17886704804707404,0
2.7726788295647253,11.697043037225448,1.0708812636979341,3.6478395600907434,3.250298908311433,35.77352207322034,2.744205534017239,0.6944742009879546,1.7862855146748395,276.0341501108783,0.2881488166250252,0
3.032693085526847,9.195518075295158,0.3003658417749122,4.461312816421445,5.046883564380751,74.02144584773133,1.7353845669181136,0.10794434361535256,0.41332659252665715,406.23834990188004,0.23955099798330898,1
1.0497634867835686,10.100593989656218,1.627516690630677,5.242582388523807,5.329947098478581,71.00470236486154,3.016966854427734,0.4603012137783432,1.9896621841801667,61.46439182125555,0.2529667882283048,1
2.536279174897843,7.207546202862822,0.7184381259210637,6.356714306901542,5.90119815459952,41.25129975416624,3.4136116034402084,0.9201116167260363,-0.5289927659269813,356.18196503249135,0.26923171511732363,0
1.6794873255938139,7.752029906458106,3.5496653671712313,8.026858729075638,4.568054338700964,31.944783104419816,4.353972485657753,0.8965992601973033,1.1268017074498675,156.03528067271594,0.3356447609944308,0
2.9355183712283495,6.658467957277065,2.668627068357222,4.575811837066711,3.846115834160207,29.41384862234489,6.6229898075029485,0.2686490200865023,0.9578557945917621,171.73413125944396,0.16930676519542076,0
1.5230992870149742,5.678759696757973,0.7191723549515544,8.193061257392388,3.2210572064297436,25.067271731113053,2.8769979495862255,0.4592642463721923,1.6169144405789817,91.08576797302953,0.3139432346273802,0
3.0728132143073976,6.253221462091087,0.046207942027571836,5.383834547385598,2.889272836856905,45.841089028435796,0.6995722819930246,0.8519589350915244,-0.7226703640283778,136.57651861693068,0.7039912359179538,0
2.1602060389016122,10.582598317075401,4.0407852451210635,3.450957052642979,2.851703801930405,65.37339535509076,3.8581303934126523,0.620090067925049,-0.1593802254945499,496.4037048509013,0.2745809498341849,0
3.8101899662102037,9.742820636286432,0.8809720308212377,6.6137131983822,3.636757498879195,28.306745615266834,8.585170238358941,0.8625693101015806,-0.6034623227189942,236.92555875356388,0.21324650627005304,0
1.4125628324379798,8.828502131898338,3.03108321110383,7.205450321960565,5.967145421151719,19.257056726606113,5.083844806348462,0.8439106460037067,1.7992853668157647,467.49442940990843,0.11431087907523774,0
2.0231990531507753,8.325629110067377,1.6846095653837279,5.624684858731927,2.003414789749613,40.66128546374651,9.654880825905016,0.9167338062572348,0.27990597393577143,123.30478768675913,0.5249729118871864,0
1.3404205637217672,11.457039985592871,2.927429691575178,0.6604882340337618,2.788823588924003,10.17758125982499,5.135491004669571,0.20549852937512353,1.7301975366052074,141.82647894433381,0.8498835914786625,0
3.774080854835688,5.509144634450679,1.57826813491162,1.7818404640921666,2.7535719296142953,57.595925459728015,2.9038084058341087,0.23069362730816412,-0.11677901692353199,301.0160092167821,0.10606581205055467,0
3.632018060142943,6.964205692665412,0.43469780346127085,2.9244474368132596,4.86847794212917,43.87686997264502,2.0944771730031033,0.17452812607214727,-0.6208956959150443,207.28964339558712,0.5652097258762417,0
1.7738248831454668,7.449564974994998,1.114750042788768,2.897993498919782,3.4099389103922473,42.22811059796406,7.006340068498649,0.9417419569858885,-0.1103881810419508,339.76184385865827,0.6680879696513733,0
2.9799521381025373,10.476980685489515,0.940292832395378,6.766865922444018,3.8290432183672825,27.533403466251688,5.456536600618877,0.5276461459401038,0.7915230779841469,239.92095907419366,0.6128385739399017,0
3.4516666006036476,11.947602341133798,2.140096762198219,0.2816517505689626,2.59449652187962,72.85050781488025,6.119189504155328,0.15789275513420334,1.5356977753537726,415.21875685945787,0.8837420433875586,1
2.665602434798387,6.6846936033000715,3.2914189171307866,7.581249592790247,3.619988155507791,11.786471888716452,7.600242535474486,0.38937691226263715,0.15617207967499058,244.20158202698767,0.8730758011981352,0
2.5889517350680196,11.120151338959564,1.3190303747317877,2.7268905005886386,2.412799247623344,70.23680066652736,7.313853949795951,0.41627137701697015,1.7444259777604527,307.55713209721876,0.10444221290203633,0
1.725556872701355,10.81435932302254,0.060349676503089755,3.169216277539414,4.1321731515543325,33.2528901811942,0.6249603416486245,0.8286038411290815,-0.26730382096621386,194.48294001067794,0.3928967707625025,0
1.2793083034176975,6.572601783492367,2.5946868213237844,5.32630729664485,2.3917534615314238,71.04676369812667,8.065204671891276,0.7619292029538306,1.0806220619113005,366.81844434739435,0.6872883389728651,1
3.69164727385998,7.795328061394558,3.02879744679486,2.2376634492956797,5.1620335246926246,59.65710937492877,5.420492409106773,0.7204483446063121,1.207140051446817,344.63039403457134,0.9548224227179044,0
3.7012541714899916,7.867710085047634,4.814352470009048,8.856266004397723,4.266406870161958,12.812804499652874,4.0387436019847724,0.11967719733224086,-0.17811124200815198,228.650464748326,0.8144505566303996,0
2.8993043718198037,11.847544679685909,2.9473540154662343,0.9451509153329963,4.895871495094068,67.36522148820151,5.46769037742709,0.9196262167837409,-0.9190903650984177,174.21444625576845,0.21775984500712836,1
2.017089373146102,6.266243309652288,2.355862796890709,4.499385386780542,3.6740655466107355,56.163262527462884,6.202024194881786,0.2939997402241674,0.09571202615226637,326.3469686691345,0.3152483958599344,0
2.047628723837983,10.594105797733475,2.8670081294885192,8.50928046760341,3.525965172968909,7.422643468651134,1.6651618367632104,0.66615526422341,-0.8644115580815918,474.41824214495347,0.7754141704425516,0
3.177867036610718,7.3393489992117695,4.639503149310135,6.196854554770234,2.3928355561954544,15.027701158225247,4.2906708741991615,0.15563713871027726,1.702261326206533,109.6893608119707,0.4979011049090418,0
3.691330779857731,10.116092420433123,4.1418907280082315,2.9940622068420715,4.0954224281712905,52.672104187677135,3.4887448598442017,0.17337348268484906,1.8605757888021737,409.6024782555022,0.5699373199210463,0
3.661259272795352,7.94007703006964,1.61489366681904,4.265526056986961,4.058008659428368,54.69503771602137,3.6340076592167767,0.10861956651710994,1.2061397478380016,294.3462977636408,0.6285308291669217,0
3.339626637572872,9.04851834181578,1.1862718182856864,7.096274365390895,3.8724081777984214,60.99885746281963,1.0950823963916205,0.6093348800907975,1.1800537559415014,286.50186282823665,0.14812694183945244,0
2.9260949384628634,10.828282413282917,1.313168061830368,9.735281359302604,4.962073458729797,59.01840505812364,1.766466182402258,0.6664417026552143,-0.2773219917648082,482.7578664091906,0.8631639317615915,0
1.2524198949851466,10.629158954887188,2.522105198576065,8.942073311956392,5.330017600129418,54.463996600246624,1.7859542623449696,0.14541607290990588,-0.7782232703257461,322.64365890585054,0.8699777174078909,0
1.4848861422838413,11.064962284777902,3.7202472561428888,3.4900848029855305,5.0031586997940325,62.46791763098169,3.8576024835721485,0.361436396287635,1.4063139075827498,423.7330224868331,0.49482747192194887,0
3.695662565581238,5.417321277412613,2.5160960359148103,9.98215900494979,2.5754629712273753,48.13142794192796,8.966017139772957,0.866308972760215,0.6774857946601027,281.51476199406346,0.6455029575756299,0
2.8192871789787697,9.844353871278214,0.33898197914056294,0.1346961689574769,4.488238037128433,24.559353914334118,2.2190682448252383,0.19117753014062272,1.044882592361525,162.43401526479022,0.6769089140242156,0
1.027591154849889,5.97991163705234,3.6179035021999044,0.3735345825033094,2.3212924227581335,73.42824602980387,4.278686575213085,0.2948924480979981,1.3389232042586903,362.52062215614933,0.2302364554933899,0
1.3044146285980962,7.910729976128877,4.029850643354769,8.256021100194818,4.778489149761906,6.366052319898345,3.2537722699315514,0.4819520876251844,0.22830280685680648,465.42960699980176,0.15695558704296542,0
2.9905053073241676,8.84011890538282,1.4474893255985983,2.074680599647215,3.5273563862445068,32.49212899036176,7.916356463003114,0.8580466923698044,-0.5663602300650469,428.553543024534,0.06963929908356277,0
1.015184751538656,7.819176393227815,3.320628696416752,0.7016157571227846,2.5299958250651464,59.66527198228725,0.6912390367439983,0.32936414902768385,1.385110398088686,139.2636228080381,0.9172377354387211,0
1.482424154252496,8.637281730621051,2.132959505271967,2.4477659250413724,5.448203427904511,37.03670308622557,2.126125276251726,0.9974233138270079,0.3612969176852223,192.60010357796762,0.37842762449745676,0
2.6462013680997583,11.975684161590333,4.445596778637214,4.318391524410516,4.45603335615575,6.862580561001073,2.264287115076985,0.41973563182467555,1.4807726925677978,282.59630328815496,0.13153938826045286,0
3.07568559307808,5.946521195989983,4.226127790803699,7.332606077290707,3.41889987179011,9.94856773371599,9.931035443069666,0.4478037926352608,0.31309744028003816,307.22148285622933,0.4925099795730729,0
2.9558837785078014,9.728192317354978,2.6271599915482113,6.280921712856935,2.122908718601998,53.647802685371644,5.7935951760697755,0.2098955838077149,-0.3489507746280818,137.21635150633773,0.12184385767886641,0
1.6728079283816792,7.772006764699307,3.4575277290679725,2.4524500538481626,4.149241036014442,77.36484495539747,1.5617909909584786,0.7121781107708777,-0.48698495003865305,153.50555300682407,0.1309882151666072,1
3.1365376640426077,5.931068592351301,4.41674850511052,5.082377436195785,5.69290351394493,46.38977268758742,2.867551564910342,0.31911866450603343,1.2317652696775037,391.47398106594636,0.5144410784192989,0
1.7117472624904002,6.1111573436201665,2.4785850503913776,9.26951964344583,4.385519330809463,43.00683635178268,1.8446565224046578,0.6659808357655417,0.7246673683819902,378.6428375217241,0.5333948267308034,0
1.9761990944778032,11.64491174371932,1.5662537024441097,8.1685769921392,5.886602418477972,28.874390979220045,1.4211247822705904,0.30084195556263393,0.2138087013940595,427.643966583001,0.6011359310615151,0
3.2394742153540723,11.157210476982334,3.7683306895479065,3.299578869834755,2.545804473081834,24.251800539954736,8.012383878397348,0.44908504050382114,0.476350268573996,469.818413276104,0.6734959060081717,0
2.9488986971416438,11.349293722905152,1.1003312739234588,9.824419157421394,4.273220418379347,6.573873631721353,5.058375760871478,0.8710048827589758,0.6489158158596195,188.71750350621127,0.6848540016701632,0
3.5476702314825337,11.940729430791706,1.9426557400302102,7.115341964307796,5.192500192025718,25.471615073035338,6.385859341118058,0.765015320326663,-0.28175067452261193,436.8177304567607,0.46134685317394164,0
2.97283867690103,6.458207730059626,4.328636185533968,0.7182486211011396,4.102162924502865,38.683283064893935,3.4462622205215614,0.2391318099493511,0.13449673909306759,349.70530607428384,0.6613564056105075,0
2.704925810006415,7.488075361548432,3.6221117013465753,0.448091061557523,2.3642654239498904,19.846233728671262,5.626211843459829,0.6469373506366912,-0.12276560467079489,480.99669075130976,0.33950276840379007,0
1.2810243034842774,9.684533209474067,2.0190550262374964,1.7672386951992969,4.331544006188871,11.55109913610719,2.724176518732232,0.6657765865064283,0.16527154023688162,172.43337021053713,0.46924278159738103,0
2.1031474091783005,8.386617779024531,1.073722512041787,7.305773093696454,4.446951623369887,58.82959004409519,3.2187554942967016,0.18151162615167493,0.5016866405537146,171.35217573778652,0.42366069610566637,0
1.7956071030451763,7.928726733648334,1.7798419541611827,1.9190153658400364,4.91483699390141,72.09652018010503,6.591931854793984,0.5192250889023422,-0.4799273828369023,366.932051911727,0.3626545011577046,0
1.7319689301372507,7.5046787453491515,1.420520746137165,5.163719015167452,5.044846060661896,75.25790522653142,1.6734312340084565,0.33460155610084713,0.18054518794666397,467.7848483172243,0.2766422843304179,1
3.9190316642573366,9.156464423604167,0.8804464397192696,1.0232751897902344,5.083090752842429,51.3499046372742,6.248774219841127,0.5204171284871347,0.1564833299207704,421.0501211538956,0.12453605051382952,0
2.179293174000281,9.029154000480574,3.7166645678282832,9.216772962518931,4.653777574555864,8.958093694946136,8.551901200946647,0.7993638921905876,-0.14198854947321182,377.16780100701027,0.530614953896411,0
3.67613966553134,6.13020483844968,1.2603494342508577,3.505210074477319,2.8632447456746326,60.564697247133005,1.3801476165715367,0.24243360382928775,1.9954889744073565,224.28913912582473,0.5604237768956001,0
2.8934158779917887,8.302178862629074,2.270837350838819,9.090507359950244,3.6169430233579174,13.257147894641479,8.995120549585794,0.2109737850292394,-0.7791174730171259,372.99530061588825,0.3693472918969539,0
3.3844339106249453,8.87430243346895,1.9292972341805452,9.454268854914389,5.104519890457595,55.2311088265868,0.978567666929171,0.34238484559519566,0.9288534178572072,410.4930093938665,0.9770516698836735,0
2.5079112793155764,8.992008571119733,4.9103868931781545,0.16067360840543984,5.813707933603252,63.452437681090686,3.6193104241675558,0.9570479053119249,-0.47668418039069316,388.97855590577194,0.5791131497911354,1
2.7307116538790774,6.470750350386463,1.9554612207411026,4.694938353267447,2.315787859346488,59.43985331198546,6.182991289332348,0.7730417900664697,1.518571967855547,354.5648592287553,0.894559992969476,0
2.4775530814565916,10.195899745766008,0.399912413983774,0.3440949514982396,4.142146711188779,76.3912854320848,5.682264649161662,0.11751027653309193,1.7425896080279024,71.20906326081634,0.5915810440455389,1
1.5857289633941334,5.176393663747487,0.44912876286042014,9.096058386398768,3.2500890852972257,60.36097133505423,1.144632510445448,0.46090435823503895,0.2044339478268764,346.8717199016639,0.23042006032307805,0
3.167356345784516,7.483822988802139,2.953768606765324,5.232234692872301,2.901575577267319,56.990733348635636,8.02934904430136,0.3316581811723467,1.470435348262129,265.23259496730964,0.9758914126218238,0
1.8423170873225674,10.461488539749435,2.996817758691328,0.8419457257151185,4.02324273407886,24.63073791373268,9.736902272823476,0.6743301115349565,-0.2502716519498187,482.7061721973585,0.8910682599265953,0
1.0729478992943615,8.947250447387816,2.093794952413275,1.1917396099380122,4.4243573622261465,74.35765148269263,1.976037234000947,0.5133632081807739,-0.5797944780122153,323.23544751968194,0.4977099945157893,1
2.9364168877215033,6.828137027576021,2.1592184615601484,3.8967393424781167,2.039088925677925,18.465790309562514,8.972283504191536,0.9680486723775468,-0.05236520079216711,323.7022653058847,0.28090499721694867,0
1.5313320382211468,9.864671835401335,0.26966291420435606,9.408318509441605,5.120826288804764,72.86724586048447,5.656732532695156,0.29708060588581436,0.025022041673141704,497.3248343163874,0.26153613545160836,1
3.821375753058743,8.971736609092513,2.5827325519463114,6.959800600524001,5.27952852503779,28.44969075094328,9.372150958204209,0.6290707743990466,0.19207263435673694,92.11450540140744,0.8157194058079434,0
3.861785731007762,10.573705266194711,2.5236973769017585,8.68942677527241,5.8620432982717325,14.762269540825155,1.925642392484259,0.7301890134912004,0.11887682587345627,174.34232829515878,0.11566268087869644,0
3.7445931706613456,10.145176303328764,0.7477465927847227,3.727920798765799,2.72257493289878,67.0012270453378,7.961809653158362,0.8430080404108434,0.23343335855151182,345.2357475360615,0.6561573623428714,1
2.1104761007663333,9.270755454253642,0.5191969305546379,0.5278156255449834,4.378210249443792,5.187159020062186,0.7858594393642453,0.46627392738520634,1.13010009741539,191.8563152154686,0.6581281773647436,0
1.0463698495866023,8.417243727175698,0.6178624529974525,9.7457446083237,3.706501493905578,67.4066238260623,8.85532517866672,0.7182297168917333,-0.26325960140279436,205.76756656810485,0.22333182033951837,0
3.7849556877631763,5.932274879672664,0.5051412324562926,0.27001260755745854,3.3393114062214027,24.673388153448194,6.80676233755641,0.3728813242458545,-0.9442732127046349,451.69022290869884,0.7196667500129299,0
2.284552444951943,6.829331125197687,3.048540977683799,9.481751365502781,4.262533805750019,71.3540954566716,3.828496882439815,0.4919284831256383,0.46904165414381493,310.70925726790847,0.7201359747357069,1
3.899964457131009,7.933696310419597,0.9824132620145931,3.749906496106533,5.129532372894201,56.860938668118436,2.0665748702789317,0.9060644180830593,0.34487373261459187,96.28951226186956,0.38252932406931445,0
3.8908599312677588,9.19509500904472,1.2571507609373174,0.19989500971662705,2.0922111337808404,54.96374996379426,8.202024365958607,0.9549168483978588,-0.8198050304697087,189.88816357967983,0.5092071170811421,0
3.5590283664020803,8.595954986507135,0.8678607207571987,6.922656594072632,5.877600450264747,32.39896723736325,6.111764949669154,0.7469356122345383,-0.5985957954957588,84.22626942473812,0.8411253735915442,0
1.883346676208757,7.017291681716706,4.789176522242515,9.807349009910407,5.239526342822844,9.455223041807823,3.732075358890414,0.43691670169856656,0.5297626840546816,300.25847005121534,0.546995609793883,0
2.1552931858057756,5.045250504527974,4.273087315759177,9.659694656092165,5.004614814582314,67.25548236541829,4.5495910830646595,0.8380520109771976,-0.29574771994126214,127.97068836919536,0.6372492459357272,0
3.553410014550571,8.473674553305697,1.1524741867576043,1.6932764109039427,5.041549528722014,17.8177846382396,8.30011802950929,0.12328037355287817,1.6327948824243408,435.7018175112978,0.44213116796196394,0
1.950766015468833,6.9993819199357015,1.63783146961063,1.8943532800549345,3.5562428384746103,32.91939814210642,3.521486494897304,0.19247131948547896,-0.4801225406215146,309.79131190542495,0.19211913470665692,0
1.5084782400582775,10.142258104973745,1.049464211524986,5.698835254734635,5.006482203379255,50.02660141318113,1.0784002454773014,0.695236362737825,-0.9396321044544512,76.71903886899261,0.9981633000523864,0
2.6704037873750504,5.1676238568933845,2.459379797304119,6.409317781640412,3.5470808344118305,41.16903039204663,9.130565287594033,0.36212371774305174,0.34269130817318105,185.39404863094353,0.5549596942684771,0
3.808464322482343,9.093794679140537,0.09805266237126797,7.42023734529207,5.594827318299172,19.899547637848855,3.9959686486487396,0.95624759656043,1.9584893318247665,327.35195025625706,0.36962413834948527,0
3.088089390024919,11.590319662542457,3.3568400444839783,1.8923985686742606,2.7088895332258787,15.546226766171293,3.614197608929093,0.4924545508830743,0.9016175789194292,200.97424318722273,0.7280979596934772,0
2.710183510268095,6.220864869780497,2.615790749088208,9.594170158967902,3.169389696860606,14.243470418771796,2.203116264984206,0.48642833835025934,0.06208916378577323,280.92950086728007,0.639780678328427,0
1.2915294813123057,8.301546435254167,4.493194641505516,6.423518637263455,4.205350170796304,69.72559111244007,8.994741198037786,0.7102715591718382,-0.949395965596425,459.21303260723107,0.27126286628438817,0
2.845021680097509,5.639953942719967,0.8219634216420707,8.485764496818494,3.27684414354909,7.366966179600022,2.3315522701407723,0.7908117060755707,0.45484531922668037,207.51618672782524,0.8830792244276757,0
3.97016155031279,9.379773385829468,4.0205462303056585,5.446650581313301,3.6969489811810936,78.27606946999207,6.439394106413561,0.5280028643126229,-0.38060199358470925,201.1427881114046,0.117357790075175,1
1.4202520457095722,8.85372176417358,3.9598050723335785,4.201340791139837,3.9696907575943787,19.889651778906057,8.83149711375941,0.29260081154055173,0.943262256339938,418.8905785907144,0.6254133392441081,0
2.55498895709121,7.851558669489826,0.6359059460844346,9.77411077529046,5.425413395254035,13.27417226593086,0.5421534231115306,0.7959777784530594,0.7490254811939039,193.44043531254647,0.5039940669044172,0
3.632119215783866,8.649639150316188,1.992796120720638,5.863001571116377,4.092769014434771,48.272874108259636,8.322158711941919,0.38831614738626485,-0.2043586738384452,85.08125486317653,0.35228849309605587,0
3.2223058532626134,11.276022609283071,0.8507632057225845,8.682048469711871,3.449839394458242,10.998946845552247,4.223874332559791,0.2575996923644719,-0.7933517973439851,131.4252294068727,0.8350611218472299,0
3.0910472229858037,6.3740601161774695,1.2736025022877446,9.53759472402627,2.990944656140463,50.18399473726962,6.6481508375990765,0.6684761709325119,1.265057594121004,476.9601128583355,0.6734632205747999,0
3.1074522519613277,5.15795158193743,1.3162308741527218,6.786010807385726,3.6347039151687888,68.796998361021,3.849564719610429,0.18140830029131538,0.7563922837788266,469.9817566599746,0.7715245220336967,1
2.0784734536592655,11.031654192893708,2.7811819701288636,5.534492917334882,4.06294441765748,8.592351610056863,7.016059312205441,0.9742174075774495,1.526378748525885,151.1654408501665,0.4439258055122952,0
1.88077553279348,9.039819576715345,2.0570546588023273,0.13475742401544116,4.984459428812945,64.9901453396408,2.692090162665452,0.6691575379709233,-0.22059995308985114,299.07584289440865,0.9452784147411849,0
3.428083466435541,11.234609188232897,4.738664020031527,0.49619444331615936,2.4841951046893547,34.585808073658896,0.41491931586688346,0.9873059688295802,0.9585861943412364,111.81564519035129,0.37748725158305,0
3.4303401840375423,9.17861656389221,0.6318507097350257,2.0884270389060515,2.8864367529566035,16.96179753734075,9.488317644921944,0.40500408113077246,-0.6439584984139451,353.6049328301911,0.5544926782328634,0
3.601216955740311,10.671127629717917,4.8684606742509935,1.941483475374353,3.518616063474693,18.20723602005943,0.36040408759281123,0.9740846450713581,-0.12457027624946893,133.3876082044148,0.936967606220981,0
3.739721657669414,8.007713543486036,1.1531932010713197,2.622112072478469,3.4415936204780584,73.90734077706696,8.27617303840837,0.23100602295576123,0.9696173356321087,72.40569031472178,0.12902950999132864,1
2.534027196582813,10.249019519017882,3.8643696819092654,3.1188529132068425,3.566992350420847,13.295431395549835,1.8575484145602432,0.13662529511232563,1.4767439154343793,421.2035632439597,0.15336991530860983,0
2.504548884061599,11.391290268228992,1.694849630864107,3.66464838615221,5.174085058561298,70.00870903367428,4.043758240299874,0.12968565440914231,-0.03722349476995934,196.43017222563157,0.9944783780072941,0
3.3948855369003255,9.004860746055444,0.7154069770865695,4.263323131681878,3.2966176118486925,45.818346573771095,8.260425289759347,0.5183833335393044,1.3965606696695039,98.83508160204366,0.9728215991078769,0
2.9498917923332955,6.265496053936657,4.2894459262312,1.0787767507145454,4.007592721610658,7.929213411232931,2.2181350730609846,0.1747037777307353,1.0332573808198475,425.25677788800135,0.7831165255452794,0
3.10590063177311,6.881583305211388,1.544304496182316,0.5193831263325422,4.495628131431586,39.835710928800374,8.68393453414535,0.5609510957508416,0.046024314522799425,393.0788648957668,0.5099788622676066,0
3.3873780083083034,6.390512038281841,3.294277021134211,6.772050045822931,2.9287142007344205,66.30871358572256,5.078037603198634,0.3947504531580105,1.629190813233318,357.6913026943857,0.530757806204621,0
3.670016025452699,6.72799919317013,2.832218425433133,5.419614765946469,4.874781548590155,59.46520907293253,3.788303934629311,0.40206609322670406,0.5276871981062934,460.06191943003813,0.2943522298605638,1
2.0139854705546076,7.144908145457254,2.3587815469543716,4.497027601979184,4.1884452789531235,41.65868132635384,6.691889918016095,0.6720480968906528,0.9447404676382467,270.1517390917858,0.46109448432855865,0
2.126748857919832,8.88593650727232,2.4790973632426954,6.380955417566688,3.787124652125512,69.50374097721628,3.545619275413384,0.24678820553645817,0.4868940257104404,107.62542391405897,0.4597819089730157,1
1.281945819522607,9.11594140624683,3.661189570461438,8.29402613131505,5.239136106953255,14.027357133517228,3.6034259181642994,0.7898980333057579,0.35815988147230415,77.60588445280379,0.08428551798040176,0
2.7348404229885217,7.985498230693028,0.43886457061720285,4.334159800250426,2.973981036740728,73.24557900442767,7.388558631195372,0.6238278278007713,1.543933151716569,193.29845808184638,0.480500297631986,1
1.1078268213902263,9.307945458745849,3.3409033097895255,6.447082704014596,5.532703882457293,68.48309063625116,3.2363558004832575,0.9234501659627599,-0.1158867548841227,89.0738735618373,0.5058046880915937,0
2.3967940543973807,5.571024479279561,4.4790605069928935,9.54036501596807,4.244194941466815,58.1207619242927,2.167571953873366,0.42835658839077106,-0.890112332908826,290.9792481561884,0.6824940155183696,0
2.62793390412273,5.61451765940712,0.28894098509932076,8.41228250902945,4.436699517518633,66.34158065965619,8.114932054366406,0.984443492860413,1.6393479306348837,56.52455802042105,0.5406302677182936,0
1.8596237563848532,6.202806222503609,0.7032666961683337,4.3174080239738535,5.500235856675771,45.78616301319995,8.092636130526872,0.6182448820426208,1.475071859153549,249.69348567921918,0.8685987857564426,0
2.7724997817070323,8.626542486282414,3.583159683510157,6.482696694365956,5.270330751397344,55.63718218232501,5.07633989632732,0.9760617605687804,0.09968142370883815,130.30713043411345,0.39918373397973245,0
1.0915007498171483,6.497962750888195,2.186408241223088,1.8530021269678039,4.406248275287601,47.044855303083416,5.36122503839696,0.1243545886424038,-0.4436465838843663,215.72061974022117,0.4392317116453221,0
1.1120445662476433,6.982990824448041,2.0177431040684417,5.649169630461389,5.012750815392696,31.6571397880962,7.021550932522859,0.7551786901711491,1.0266009291454128,353.7653336468101,0.5929083879732708,0
3.4678016819789748,7.802189853210958,0.6848331727211793,9.815150082270584,3.7332779609315874,47.66455980208832,5.190888059271848,0.8349593718634626,-0.7637172890930822,207.93369697281568,0.2425865882857155,0
2.0805719242337886,10.683062868072659,2.5338502035889405,5.23131964050497,4.189511013998985,24.30989993989443,4.286991597898479,0.14785595800883883,0.27126426661642533,203.60294924009685,0.4238231813031084,0
1.3811815379556545,5.097034951390021,0.6327265559818862,9.283619161982458,2.2482805468340445,38.02093781305889,9.949963094308108,0.6210726976146211,-0.7424130353799065,495.8378297777759,0.7018590981656614,0
2.566729780164413,9.545651741656357,2.383102281552702,4.132615712982281,2.3594316720001873,26.05815554451824,1.6468761929550775,0.8217480642305035,0.7937290259862886,373.4666252268288,0.44121830231106385,0
3.3099806592958325,9.682135717284797,3.8180764948082837,9.988563789127848,5.317701616745328,14.216584209604175,6.008734196550635,0.6049348527007654,-0.9183748485711101,281.23777033252316,0.9112856845094598,0
1.6474630824905296,10.590590462496456,1.2913217894358175,5.8342783487528225,2.2386866227299866,29.139639229242963,8.881457655541471,0.15743223136492,0.8877151269029349,310.7190429489108,0.6345354948934209,0
2.868671427457001,11.529270573422192,2.4039308408986364,0.5184630429357521,2.677596502530429,68.8990413638578,6.934707403574925,0.7241025168084803,1.0196167198681896,329.0821841834649,0.196079362425296,0
1.256042394981304,5.140964942645029,4.960079846984178,5.908872487244742,5.183330635801767,33.58105779817293,8.833048331064736,0.1545372232059778,0.4614334238754534,61.058929523378865,0.5130721239398933,0
1.155045163505823,6.076485938592514,3.4332521167701864,2.818269687228007,2.004583802513025,61.10027367266518,3.496080259475792,0.8357220055147946,-0.4749780121071644,86.11906573636142,0.7765398083159777,0
2.594063894704444,11.203199058391952,4.206783856525993,0.42156508815535765,3.129617315383457,18.139839067862095,2.8655311673503445,0.13873076497602496,-0.6958181841183783,342.1352081104933,0.6611779070412094,0
2.6219053648303197,8.209629935309108,2.074238032802729,8.226447716477168,4.336154631306487,36.831436937573116,8.542469391640626,0.2236576429093337,-0.06012295558899028,214.01098648174116,0.8910003949885138,0
2.9122897044946194,8.952134472534244,3.8393046156292767,2.829723406109484,4.381799725877187,13.614205200138242,4.062322846617514,0.34759683147094167,0.39562003880003704,74.94981810436627,0.7624837516964859,0
3.178274001167985,9.641190426062032,0.20254586470660918,7.985830685060335,5.108611632917894,15.396579752561728,7.154886765961651,0.67002831303472,0.9266249505345334,183.88096072323174,0.10853308397939232,0
3.927556238387604,9.753466231469462,0.6145559127112249,2.953354071263083,4.023705017968682,51.307728491755185,1.6479360684583197,0.9787231896681754,-0.9962496174445011,108.62753918962558,0.1568870167762476,0
2.548901044903586,11.522182823215557,1.0153529646003108,2.0238309033503654,4.037607478123881,50.561136308675835,7.607213628691413,0.20604056735794096,1.1331917577060895,462.34122900184457,0.6672612638325434,0
1.968869418823738,11.978645921881688,2.0097596230760977,9.74196218363383,4.901242302162801,21.002893051614667,5.580029960443721,0.22843690229252658,1.1381357963758294,141.31642664890177,0.2764875605863417,0
3.385558584306111,10.041102226516582,4.228724391628816,3.680288744774694,3.994497853065134,40.581739571659895,2.832394071122517,0.4319833570308823,0.33361341947749956,114.66103882732361,0.6084431575072756,0
1.8124967537862227,7.010548464436056,1.7313302539396525,6.0536244932872885,4.433964346254467,69.74796252334609,5.04613884679727,0.8525972239797882,0.030219337243855282,331.77596768987746,0.8026067124892777,0
2.3169142621169083,11.158266816060404,3.2731059675773144,6.138816778863268,5.591096273020204,18.065113150736217,7.030047533229095,0.5205078574757328,1.526925694011076,284.8603686245747,0.5980850084166994,0
1.235369144026798,5.3445464017853315,3.546571474017417,5.6486874735176675,3.605804030449488,6.440789980513612,0.3164868067043601,0.3894495402302395,1.353762446093684,309.16960431610636,0.4447141415059749,0
1.0760522302463724,6.617565970121474,2.930911770441707,9.155487860860024,3.540500283676889,53.89963554976792,6.447177176378469,0.6050834489879752,1.949828265553172,246.17666661814187,0.663956795557083,0
3.887945244033775,11.281700022246003,1.786209840850681,6.776966606531998,2.0141959674590852,9.012365606651375,5.507589627078089,0.334470877701175,0.11579241601685619,260.2261899194583,0.18643847206090008,0
3.5079403615366176,6.793340601075485,2.8852667085677215,4.0969567406388085,4.453705046084927,78.49551789293345,2.35880444391798,0.4610439165227689,1.7204978145712952,400.4589001312083,0.7370475957281176,1
3.0879226182810937,6.544557417352239,1.711327963948731,8.637565806790313,2.119087629628528,50.72152128491607,7.579214524966729,0.3993446343088377,-0.7377943423211432,148.96498317155033,0.7121738580264211,0
2.22685883324281,5.966877051981731,0.4193686927600604,1.8925227012480477,4.0165939589132655,40.27972646329792,3.1739176494053716,0.8237269201731813,0.23439819875255674,228.43818627405534,0.5386831967046747,0
1.5198829602125374,11.013782303528416,4.964019890930072,5.487943900343133,5.216935156128907,37.24944050182301,2.913237129156335,0.9318301537942008,0.3961223562459768,481.02142321757714,0.3148728202625137,0
1.469311128013258,8.500407814337606,0.6359122681625545,9.510448682243188,4.199684282078652,47.98029938876986,4.817939820193363,0.7836149729412206,0.32262294861037466,135.49356553372033,0.8076855972982624,0
1.750728694493786,9.724252421379084,0.36174191918028675,6.291436535816086,3.078544660866704,11.796832754016119,6.826266848539175,0.4951752184269852,0.8752945652933712,182.19811776884018,0.5350227880666163,0
2.6476799941183615,6.673464688525208,4.39265374603578,8.187987659701275,5.1446736857974855,74.75142941146218,9.302690563587293,0.5539014797469974,-0.48937648348549323,136.20511592869576,0.10621806056649534,1
3.143787768100187,10.306282947078515,1.5091733044644755,6.570251182897409,3.0788680163301554,51.92315514139083,1.585300982694619,0.2125663245364921,1.5993565151787559,59.22297336116104,0.9226819242486269,0
2.9805921301531937,10.32003881473469,3.251484870367538,8.409771549025114,4.932127123783594,18.798387320818158,4.08538758336699,0.772178240021084,0.6552920556189179,171.42346626875167,0.7793306146625474,0
1.8398016908378285,7.188186174358101,1.6450286483111642,9.450430010467912,4.441033820760925,47.19357903234971,0.8564980066237733,0.6368281114555396,1.712628644039793,70.91035068300764,0.6055648902985475,0
3.8645958419895825,7.87477843107198,1.9572713539723559,2.8019251025740943,2.679985186992005,14.994237937475873,7.633797325223076,0.9121959965236928,-0.9921050679355458,119.608306882985,0.4649842414187561,0
3.2136907500873058,6.467831942011406,1.3105648600839825,1.779644704441517,5.620535499376743,6.316453816873409,4.587782318877336,0.2805500292176379,0.8899643407789894,213.2069315304266,0.9619047131396062,0
2.663062157534202,11.83592716326033,1.715220028965051,4.891508428292145,2.802574731828783,52.28877389104985,7.1279055248442145,0.7837535097393509,0.23737354056449878,59.324547681031206,0.7862695455521314,0
2.835162238703057,9.51921803940888,2.0535020029327153,7.0484380255597365,5.958348296562679,53.63625064025958,3.357505354967616,0.7162044955472707,0.5152971852483725,388.8304546688225,0.5582434139224947,0
2.2588001872833696,11.54180716500861,3.6020803454617143,2.3491934065039395,2.029241954619763,48.777243710256165,8.47430896578197,0.33926098042877695,1.2314135323408557,408.0150561962961,0.6704962004246918,0
1.7431929685034724,7.123698805403932,2.557680971173959,0.14060435925865405,3.053933508571612,18.76124032700173,5.4413151667531245,0.7006407755867425,-0.3185447549899312,235.1362110882633,0.3167128816433092,0
2.0679180359537845,10.47323639097823,4.717826085784885,3.495057646783383,2.7994411890967954,50.25723938710753,9.44735665387182,0.9319360425189845,-0.3853016943568359,493.0996907184212,0.23593014561144054,0
3.2735383313931075,10.361010507193194,0.20940196919387755,9.691707421131106,2.0559736406818505,9.238320569338985,0.9723834636115352,0.926592388900407,1.109023453211429,355.5472616634646,0.30965356993887466,0
1.0431804658892676,9.84158956306579,2.5153416131601407,6.980177859997882,4.929471600589262,50.692876667894176,5.239912880512329,0.7476639170645272,0.5640972768325403,384.674786591337,0.3284792943185904,0
1.3482179215207486,11.759472826867603,2.9211239441585906,4.073121895018117,4.773703208398385,46.55127643307141,7.711261410777447,0.1432658012806541,-0.2990827058149289,136.53519064976004,0.7527515281067753,0
1.1380079260652582,7.754887352744209,4.60098493037137,2.0065033637337195,5.169403857419722,54.144112312932464,6.081495951121425,0.8850379035881454,0.45205590400824613,426.846930269771,0.1830579886832709,0
1.1221864069569105,5.915021265128301,0.24579261810713793,3.625287770171995,3.026794185858261,72.16067043142954,0.42730257618305906,0.6920007463040859,0.3786752173314787,475.27087910967776,0.7887078416317949,1
3.5663817520330214,9.701962014708425,2.86749792467608,1.781410389682355,3.7773406683318798,68.77685789296524,9.728919047770031,0.379390827864461,1.0743332822459344,156.3395749582063,0.5472255476931518,0
3.110973578140071,10.105168603340443,4.268149642639785,1.152427630998219,4.636454086486189,78.54906436719041,3.1229841921438046,0.2685253255351294,-0.9920166891421618,358.90893247387106,0.4153444491579617,0
2.4225214872619754,9.025424014211703,1.2096386405961828,9.076749488468284,3.7590740155525744,78.21807747024313,2.6429230903905445,0.20458347669758542,0.760280797314449,386.1234718984991,0.3353763041140042,1
1.2935024819530043,6.4477252519337735,4.381461742619687,9.976738349917188,4.7893030812716635,62.923977003031446,4.95946678094448,0.1452132093319849,0.8170344515368264,187.32612731429708,0.5375405743194175,0
2.474847625350497,8.531191591685488,0.09521704637145911,1.724732951998324,4.535893633761768,76.7314716633296,5.51314945372882,0.7786929231556808,1.2365304115637592,263.75405115753335,0.35164253949854696,1
2.420415312341697,7.185328155983906,3.6622731456686486,0.6397733328949693,2.458591212088706,70.0462914416834,7.70962374838029,0.31225869904894776,1.6676913981063475,93.89259211132585,0.45797939280753763,0
1.5196056097300454,7.992265697166824,4.665566105843265,3.3643379607475024,5.124172484307872,59.568683742122964,4.054081845058094,0.12182764243892957,0.32056939133506646,127.89266178177857,0.7520645251982322,0
2.301554947713919,9.516530030912648,3.285988308200311,4.670425889538011,4.882705436370073,10.653819098281641,4.51161168932968,0.4575435866577904,0.027560672926653318,77.70673564123763,0.644698581035493,0
2.19551420319212,10.216503198835841,2.19514621990224,2.1277303460509596,4.623337550469621,8.678741620241581,5.442607176151544,0.534346372533105,-0.6930388674661411,302.0744707453822,0.7605832576495241,0
2.8475502941566493,6.625572836309402,0.22440508236359014,3.084106626805729,2.6203744250840093,67.81996756293276,4.064993577468079,0.25230720781011423,0.010507534679699226,331.3683037747712,0.727325005160966,1
2.9052809526029315,7.837277524528673,4.600569066613144,2.0886202833474115,3.0719857951814546,41.72418934037737,9.162571175191328,0.13964350254629482,-0.7945460066667769,462.25381254517987,0.8243188686567757,0
1.1359120293161336,6.884130996941405,2.351481113457874,7.765179627481268,3.5727081263504017,66.09550132811907,8.542269273015672,0.270212934788262,1.4084606160243647,293.98316478062065,0.24160546172137726,1
2.1238378438794134,6.390421297033084,0.14498372167974005,7.154521638147881,3.1197184866257737,28.468870299141454,4.658742211763208,0.7111924856529169,1.4210184435375095,167.27511686364497,0.9953668494996363,0
2.8775797471427094,10.483710539970868,3.4491053566438095,6.3860200060337196,2.911241162704526,34.823739374225966,0.20190965090570795,0.17401930952608577,0.2517129718843343,76.76309596600346,0.5019819273779876,0
2.509408775740263,11.364768861058947,2.409186267881291,3.933456785084127,5.221430680647103,57.514004075894896,9.02915805618695,0.5995333275012945,-0.22107629837052745,448.22887373787654,0.7323212911768271,0
3.5694695235649667,7.591625299792037,0.6217265872120536,9.099505319010936,4.5529289854408095,73.649505269907,1.4184984197067594,0.23177078911735002,-0.6459397736431847,265.48613533762403,0.6938626548512555,1
2.976080894856835,10.258952470616368,1.0713590465512979,9.698372161196698,4.261888526201002,11.582110585916446,2.596221668901653,0.27612025622237746,1.5537114980655393,381.79489524904454,0.587842580386177,0
1.488803281244289,11.278967025550877,0.32245340227923136,1.819029194991579,2.9038108434130154,69.61086084759548,1.6931405867809024,0.45377009494002885,1.6324858351562161,56.59220686801504,0.9960254076755741,1
1.2117062422012896,10.922869473711621,2.871467698542868,2.307825149977593,5.672306249074565,64.47595436595239,1.962192585814033,0.19074280244835823,-0.20113115623055788,269.66251519898793,0.2564500571550422,1
2.927257834618947,6.279693719774581,3.110147396260046,5.303747177203659,2.764732156389265,28.665445304739098,8.068199871320381,0.2558831525039916,0.8652816454032908,196.57518042492435,0.4506424239150767,0
1.0795339316248653,11.69404317059353,2.528711491777222,1.0033806358942283,5.179803731298708,31.64124605986697,5.879114128326058,0.4140571703062187,-0.22403900562883405,63.649072676222076,0.17134403126416037,0
2.75732674382039,7.636735083006237,4.085510665013075,4.420839148348817,5.866690666821173,8.484610791643222,9.569732598628415,0.3967021049485302,-0.32462011856926365,399.05276318260627,0.222743698383422,0
3.820690724274873,7.374684628216855,4.305044106540068,5.85973352129933,4.908370916896944,6.180545833753849,2.4682444207724217,0.7743443371081586,-0.9363758481057541,280.80574380212596,0.7273158603979283,0
2.7264225336276366,5.437019290944463,3.0781219834156333,5.2685283542595975,5.971435100738519,40.77545947682968,4.959222099686094,0.16730407461378194,0.7314782527581873,199.93110934600892,0.05460054482511604,0
2.164509778619566,8.40321557873418,0.06378239853715273,3.375994972472458,4.604204467911787,12.16547341229829,9.778798017008207,0.874405662099709,-0.5501753704433284,412.60931775832967,0.895329618801168,0
2.9298646553270595,5.763095309486501,3.476148278738678,5.470213480164348,2.86984137441558,19.550136081140977,8.299146439892743,0.8346089536655094,-0.9628864513992041,251.1155533325749,0.6515252591052191,0
2.3747586714745497,6.739778746491982,2.089996084601758,9.592129447162593,2.8152779748660453,68.50753996449977,7.340433655380814,0.7893924757227445,-0.6854465069895481,51.57408036573558,0.4688598010305135,0
2.6368503679478046,7.21859835237097,2.827787416131935,2.139572302484623,3.2982571370219054,47.82712934378394,2.0519569734337613,0.3784351262168193,-0.0586924252365586,475.00143441724646,0.3647930518845793,0
3.8243944263295755,10.661784264441788,3.245403010094422,6.582830448100636,2.0285200808840242,52.522432794958505,7.740172928915219,0.8405936069867087,1.0074895703351352,165.05723320807346,0.1699603461699204,0
2.158307913402323,11.128420552771276,1.7511830716353838,0.5296272721449133,4.726793880331338,19.060949812394,3.6061382014399945,0.26452187226035273,-0.3921308400036245,423.75898492850365,0.9254844571311815,0
3.883571691471743,7.117264222230288,4.585492525858971,0.7575224043662059,3.0746711385113104,67.14963533408147,5.399261591058226,0.21196828526952544,1.6627716875950154,417.38692283657286,0.7267062087834975,1
3.716051925868191,11.010886848712017,0.669874333748906,5.563099419813492,5.260732929171011,70.09848293298107,6.169779887787494,0.14046070014053863,-0.1345347688511499,123.06826911232909,0.36957334897973904,1
1.5873734043678893,11.000616561588537,3.357559036405187,1.1388978852466998,3.436690602237201,44.249569528478254,6.17176437293769,0.9453793267050183,-0.006321131729050133,263.3012065466495,0.11738937046858945,0
1.2080839026254964,10.352556652694116,0.02179789978290214,0.3212332054258876,3.919825973853251,73.44183289089949,7.319930024752462,0.37720980793474634,-0.3460684601440681,68.08954032432183,0.35939868996396673,0
1.30233400413228,6.026865798106271,4.623255527025904,1.7979786767154198,5.862755666241477,68.36214687159362,6.684680507893615,0.9258560921601153,-0.23858398878448484,209.5482527998079,0.2254025800686293,1
1.054665476954649,9.832259928305103,0.5625206661904575,5.6920067928957865,2.9686884921891084,59.84931325058285,0.8700346172437803,0.34535220536739675,-0.7775946563405746,378.94047951632905,0.7969596475696487,0
1.283328882267785,11.615168452063982,0.47442115073787317,7.063075449737431,4.885016389718958,60.05569367702215,4.6820008543012515,0.9168093634027146,-0.1156882638514315,156.68126154966092,0.7336187505185418,0
3.0490203202490704,9.7777833513701,1.6650381652612212,2.1045377849996623,5.020471157221669,12.904510546314746,6.707411745855797,0.9135361475614794,1.578852378801869,102.70756883403949,0.5232525959567789,0
1.213565945380687,7.3213179437548375,1.867831430195403,6.715768428360927,2.8839926300945407,25.312702827174935,3.1007312252241412,0.9313084405096416,1.0652736241868404,278.20559792075403,0.8915490479364582,0
1.956926890881284,8.504055222015818,1.071500361614393,1.9065156778823706,4.003987346448783,10.013541486325703,3.2679555347206195,0.5465380953557744,1.6258046115968496,291.6438729681345,0.22164665373212977,0
3.5346259329083636,9.520075303457375,2.9256083046356234,6.1732285236494455,3.4008077012518734,5.65109069197315,1.4207619679952324,0.8793516581190027,-0.6854229568619301,354.1230190945211,0.4793673061618198,0
1.0698158072074775,8.573992861099525,2.2145704902098178,4.178400830968409,5.087624973600357,16.873214853793257,4.302426862553583,0.9556893065505881,0.3668498925264774,391.61198606116585,0.7250892887659145,0
3.4434054477668075,5.839670592116788,0.1708779452054371,6.572615142402806,4.489933276116149,71.0365386985205,9.870938256200512,0.3921552477074616,-0.31223538105965487,363.1142890690948,0.1144122322327452,1
1.8455643243201998,7.184448312564145,1.598260311276503,9.951022249544549,3.903932219442188,22.990554427703863,2.9961297406227665,0.4769869651142996,1.1636467716684442,430.4354937326828,0.40404349284997537,0
1.3544944828649688,10.616772213875429,4.052164567865852,9.384387955802364,5.117453060190873,77.76154719437913,5.408081548323762,0.7473161686021697,1.9107134741776717,150.30790892691795,0.5930815620730712,1
3.090211496092452,11.029926322668622,3.448507674309343,0.14238940257742594,2.940622280033668,49.79682496709046,7.483725077235028,0.3703238395509708,1.4460784371508635,306.39503579742325,0.39846336180017244,0
2.886828540339652,5.961100229008991,3.6243542678994025,8.865843767186826,5.014487522337436,22.794386572601777,0.3322732546658525,0.7784283780213931,-0.8941654997469809,212.04291083959632,0.5061890398091133,0
3.632416040581159,11.666707266791072,3.490584620417618,0.7582588722301886,5.461497248371297,42.28481026131596,9.024307684063329,0.16650293069218053,-0.05002091606729753,482.950560650739,0.6277124318987182,0
3.205213131411657,7.301758324940265,1.5548651069151664,9.535161202982465,5.51448638723029,21.432111702508653,3.988191810304398,0.571148545859688,-0.9142609286484293,248.12578553667072,0.39997108347060567,0
3.4104427911545456,9.636196171115039,0.4983196103838794,2.8900742230868786,5.134694372078416,78.79801686367804,8.717336669767626,0.2100821356753707,-0.8794990992070434,481.8712699101005,0.1507136381263448,1
1.8461037177139195,10.262776021696768,1.36233592016548,3.8821448210715825,3.632056667993075,68.5448737928723,0.5816870572148849,0.36399112879300877,-0.7614540875067584,396.07954432659767,0.18247227247502573,0
1.5323186313391686,10.683623642465184,4.158926500925796,1.0072182312397058,5.927232090871308,6.967909158674683,1.6275028082640235,0.3327628532378248,-0.17101921308831436,373.30873793091456,0.5506537710764872,0
3.251844254922575,11.620247915581512,4.902353988915356,1.2115003074562052,3.5183745752897595,76.08320236006034,3.3607886538800806,0.8550388662063995,-0.08739169708560657,271.2036703648221,0.2160030243503024,1
3.420504217801792,7.1904368362017586,2.469235073707807,7.294731595770264,4.554501596409702,59.07988304771655,3.585525376020132,0.27416552986557774,0.20136053970466472,249.52016041502097,0.8953419885367019,0
3.97151542600202,11.009545181860881,0.0485017746152111,9.448889133908088,2.6442967122778747,11.178593901595875,8.508383385674563,0.827603128143207,0.2147932833988886,286.9466843832831,0.8424764008676348,0
2.2378530307342794,5.921808324053449,0.7002240606711452,6.146410100047664,5.921795594545571,55.29783097448342,0.309770930804705,0.8145643113171298,1.3142270355295431,182.13487831712897,0.38158046555571457,0
2.1160542573783494,9.935286344475148,1.610402876581329,7.18691515371543,4.8159436874586525,53.51950234742641,6.48289540940286,0.5489947500015069,-0.5757902692633007,457.02947292731005,0.8394378133951834,0
3.3292388822259906,10.1938441065979,2.8929267429647485,7.643500471511819,5.013510180985474,21.40915593556876,1.4868618745497926,0.3104589300365167,-0.5267781525872269,407.4487948694149,0.5565284388240402,0
2.0224106207590538,9.744062688409244,0.37546822902656984,2.701861318074123,2.2631068136445784,61.88350250056817,8.267513376968283,0.30420670596060045,0.8797671550167019,410.62813444626977,0.20109838217279408,0
3.792271976810694,6.766203152946071,4.716786493549408,0.5477733461101277,5.053671256882687,11.529852748472534,7.830018006387541,0.518432182404263,0.71522645657749,244.91911795224624,0.6335012618142575,0
3.5752382555290354,11.111302029106422,1.8254183664220036,0.11854016479976899,5.098893716882405,41.70838859234359,5.099226068629767,0.10792810665416469,-0.5379858835536627,81.99002670989768,0.6954785613555862,0
2.2869820821250553,6.1820092435927645,4.5629210896241155,3.571427901244785,4.687090905448919,5.744240537231594,2.284334810021277,0.5782156791502295,1.5567932805617573,357.38479306682535,0.12969699954665068,0
3.252613203374492,5.375443540645816,3.902609013785109,2.4904958591722393,3.1676384551613745,77.65531166710598,6.418054831462452,0.9575015731903498,-0.012821757696377722,218.4861127871353,0.3487304359009362,0
3.263628622254047,10.022254934283385,3.777186362577906,0.7169454779869379,3.958760168643526,61.3672723832682,1.7313315130449274,0.23923619367633686,0.10090204563345861,441.6936406028714,0.05511478823132299,0
1.3093716065077978,8.328330006629136,3.03359789891116,1.877330095687301,2.441737485234866,16.913905711974202,2.062233167408004,0.6160110593280431,0.26138024250376546,401.15229730243857,0.35060736318832,0
3.7076587200387,10.943686139710731,3.133919085259223,1.3325390928526832,3.8863482658366104,30.625552996346222,6.341561041808506,0.9656008197800111,-0.03189438778319276,115.39766389539024,0.3686730662732863,0
2.5157571173435715,7.683779987407813,3.1900161760812407,9.157295968111967,2.9752954104016194,17.042178335613222,9.914038771668519,0.8744699255424402,0.6723651568178795,320.7720787423314,0.6486981954401306,0
3.4793723983232248,6.17795011955399,3.1436069351279103,1.4886454132457725,3.396387945976328,62.4963098096986,8.932396205074953,0.8653421047432063,0.16594316947459564,361.49626666723293,0.23909111566670677,0
1.9601488030918353,10.855095347289089,2.7686411569918064,5.422719793478024,2.6504016336147944,9.417224407078638,6.012452105300036,0.8396649373565701,-0.2216958221641372,305.66191092096267,0.07858643739140302,0
3.6865696854886014,8.842367421480501,4.9320700924144445,5.971748955610429,2.920217470987588,68.03049916727856,5.4776603339207535,0.378121245450567,1.713424603132323,281.31897926986755,0.3498528068186173,0
2.1676050362024895,6.324370546732484,3.6614528371284805,5.480545631315474,2.306274567280465,75.66472541267974,9.984171824079464,0.901555148140131,-0.0749477795795358,152.53838375267355,0.8343385689459777,1
1.032512954440895,10.04268799010512,3.884731941962606,1.0806586987382811,5.679605465747685,55.74709571047249,5.564492046812159,0.947206316109854,1.0954667764064658,156.15807998953295,0.42918794527993476,0
3.7161459292577907,8.577795469426505,4.362314075418371,3.256103781330457,4.121642751901613,20.97240875010756,4.317141915202551,0.5462131809691355,0.0416803110706887,395.6036623891496,0.44433908134231875,0
1.2738600303584007,9.23019087568224,1.0781988136292457,0.6075762913852173,3.5869678850509588,32.00675718601631,9.113644250598346,0.41911394253351286,0.30565996063241574,58.41040350360072,0.49557618470427217,0
1.9579409127712446,8.226288367446074,0.4190207954753039,4.017132149553529,4.140116851075136,40.79299061066985,2.495006099519025,0.4728061140452705,-0.29216942979600513,400.50952821750934,0.7641993892694872,0
3.8501859011524147,10.800962886726044,2.414472182992993,1.967129419588761,4.51317291392621,50.34685791516903,1.155754704908728,0.40078579764813904,1.2569888581617628,287.0594314426126,0.5060236477596433,0
3.8518214408126683,10.806939009781349,2.570403478096366,5.660162079515359,5.687515173477396,55.14973173587656,6.414082336745937,0.29117659782208605,1.2116097542787592,471.3001935731762,0.1367186149099433,0
2.720313664369858,9.965721752770705,4.145908899749589,6.958803099106095,2.7147718091452533,46.56610364891621,1.1393264109337402,0.6566036232276005,-0.9332801625756995,498.7946964753154,0.24607980961966713,0
2.895511636509398,5.737809641775236,2.2189178964116785,5.367986616026594,3.1822099945408704,31.34854406163918,3.8568556621390098,0.6063371976207906,-0.8194178790961245,348.5680542990326,0.2285024986429463,0
2.3453365659349594,10.871977033328482,2.854265127721564,4.398943296452818,5.903157345376458,71.81879604236772,4.351058378700862,0.516326563935348,1.767129364234819,235.51573748906165,0.532470152484119,1
1.8796323150941936,9.697090863730368,2.6353546925672915,3.9346008664812553,3.4847719465940976,11.104404351346869,5.565873057082485,0.18626084801634862,1.6664805417135522,263.7886588523125,0.07843299181196395,0
1.9859936361097479,9.879169162030097,0.19101391878695528,8.432748504160337,2.0902466030293105,39.96920406826213,9.918263548330032,0.8172036682353998,0.5182615783355908,141.89694244317846,0.3194357780871254,0
3.017555368231115,7.5408798828271015,3.07607448298457,2.2717438441461737,2.5905739705486353,63.16736288506105,2.365620888665172,0.2574402064757103,0.4800721746750094,94.65544579616646,0.6268351939910102,0
3.25712358831304,11.154956893099047,4.140216428871261,7.368761561335801,2.105354806994208,9.565449896855068,3.882412509367738,0.20310583905644333,1.4372725231513774,310.4435269859608,0.3869181417550216,0
3.374737131177546,10.077601201644002,0.7875027403790191,7.599075014927178,5.959692569682914,57.90014126084759,1.4959532192244487,0.6607642559346527,-0.584649559345363,412.4727940849703,0.7223265504978805,0
3.3688544283836617,5.788133265704361,2.971658669632979,4.250080071980271,3.115483395964892,66.47837170649937,6.154612555125701,0.4587799251139508,0.9610973640378773,167.79493297814594,0.42166027001395084,0
1.273618309146071,7.854446240843139,2.9680527222320716,3.0432759323338296,5.694171027744904,54.56234738952892,7.331197186616769,0.15382762781709652,0.4279489834617787,238.84376461040742,0.9802946519588895,0
2.4832609141077446,11.204662533720992,0.8209248202817937,4.758360711855155,5.983545103038863,5.970266920651699,4.9243528677116135,0.4200115194649524,1.2299930879468688,299.6481477996413,0.9670884727053987,0
1.1726762800499329,5.330376911881653,0.6173178686536801,1.0228178663377152,4.3993648845724564,18.510277034915468,2.6091464292417164,0.7946023170564664,-0.9096916260640286,458.55401898652576,0.8098486787413617,0
2.6485866469712067,11.729916337494346,4.900259714882424,0.5547073190679908,2.132785260262247,30.658480916896306,6.284705037981127,0.6537242846953878,0.7781766491718156,112.38405244792523,0.9566710016489356,0
2.3245915041201313,9.75413797823694,1.9685958482651877,1.204871674573729,2.326366521547708,22.526752672853444,5.483745689014725,0.42650742068829717,0.6701846456466729,156.59742592834817,0.24453932953677987,0
3.663112548274899,9.419631843503637,1.1371086436176463,1.9527358114760391,3.926356220431511,77.19891051705706,1.8776200893564339,0.2726243124711293,1.5225449887675557,463.33870330360315,0.7633770075065233,1
2.052745037656236,6.89391479541594,0.8566227222718747,5.091350521346626,3.624688051645944,53.869543558534524,4.175682624920877,0.668616058724296,1.0305088926650834,67.79101691961131,0.3555757016534841,0
1.3512010492828175,6.74154252117424,3.3380085679161753,8.506452697995108,4.424709223127071,27.272821801367773,4.464931498024911,0.8987997708517197,1.6404810751869126,345.2520353269364,0.7390296029957776,0
1.4289750461585076,11.594407536420167,3.047226486636394,2.4328590867969013,3.755391238845456,74.72731239990841,9.829653986960043,0.6816454462143224,1.6618199649276768,337.7866474480782,0.4051987885515393,1
3.2845318951524165,7.08790717963886,3.217760614937087,9.358103906393103,5.7363073970859375,60.54456496071401,8.523001155124113,0.8316134691852017,0.22449200269915348,222.4644951346538,0.3249496267569762,0
2.854654189948783,10.428537077032995,0.4400301375572613,9.553588298456534,4.138958861654045,26.345540887028147,7.39683372508122,0.5693750546989339,-0.5876975987445606,260.67410555320316,0.960855340460577,0
1.3033680283683706,7.751852587449554,4.467672917492185,9.593155587967532,4.774904245849768,33.416117705146654,8.910014849928885,0.7461739960669259,0.8908509674665641,434.71307816625256,0.2493911696680462,0
1.2523204183449923,5.974778495492928,1.9463319840452415,8.391871073295606,5.585941090569986,19.957164372796754,7.407747177121408,0.9066040964005171,1.621238295225531,124.2419285060506,0.7706401648762345,0
3.10290739437736,5.075007083867512,1.5668470321517898,3.7018679038974343,2.5874875033328295,77.83054986993663,9.053338180232187,0.7958610804327896,-0.7751399674157178,154.2053652255172,0.6909385550443276,0
1.2182890190925806,8.809801359106755,2.311807236238696,0.8195707189259683,2.9189386164741142,43.79723719175549,0.7346205258191782,0.9188685580583311,0.6737698192539925,280.5576851479507,0.338303759717661,0
3.4655801778710686,11.83045172984253,1.9503303287381413,5.731305444488299,2.4292746418960602,72.20425156234884,4.669448850815782,0.48802564190445386,-0.6550014200205282,234.38544035001357,0.48542586661766557,0
3.1187266814694885,7.5839533566644315,4.31788501569573,5.630946294978614,2.558553596919649,30.987482826263577,7.51960368536997,0.913798229614351,-0.9190120247343941,308.4676238953326,0.1857959411281127,0
1.2440463419256993,7.500346337951314,4.64630487598946,8.514760094384997,4.0503358677369325,69.56312023231068,5.9162988067781335,0.6594105110335369,1.0389060618225008,464.3776337422081,0.9251481741521865,0
1.2545131422555758,7.408641324946094,1.517266082248031,9.960311404366442,3.284717035869856,9.041513632037297,1.9166284086777094,0.8830438894735243,1.0455488356164917,462.6959079820265,0.9697138114510591,0
3.9599187355035266,8.64380686113401,4.319679037299774,5.130757334945461,3.6926913581070195,78.6567738143216,3.536822447979636,0.13543887739405186,0.8019741349890861,153.5082528717463,0.7458398801637917,1
2.122812387268361,8.084654183970056,3.9076156476653354,3.5175199072938645,5.929959327176247,73.4025775274977,3.314188875261575,0.6920671437221825,1.5776684117053916,185.9650757819782,0.8569493266409983,1
2.111926441200673,11.159402387089102,4.654038361723809,1.9404269444070434,2.6268173911837924,32.24022085824912,2.7611997492064932,0.8631775709901088,-0.7573706806195649,122.93090658366346,0.12848655926125274,0
3.438398701772508,8.538645542064433,1.2287515609294393,0.1475182656919703,4.163248283192303,63.1041623985933,3.5627284244368678,0.2567818302788798,-0.684219214903722,467.50566715876687,0.4147701870585719,0
3.841745732151576,8.554304867319981,2.8847957506048956,5.140225555639904,2.395484620214604,61.41934448553695,5.245562226918986,0.6956082401184308,1.5936063139383414,229.03885858918784,0.3642705591381041,0
3.9580031914686127,5.968601163043896,1.3727229237022232,5.599634800355698,3.2739852530555145,72.59410978271987,8.577716442876104,0.8424592427949683,0.5098301596587893,252.36731519765473,0.5867039873381156,0
3.260134555776825,11.879176786372701,4.120472452421871,8.266890950192234,4.110103694698394,28.044123584660834,7.471920091458813,0.3591544326693734,-0.1808415734852883,411.1883513498568,0.2241875299404753,0
2.128778756592747,6.7498102360818075,0.02662095285532129,5.095311982138726,5.786526983861351,39.914000398561214,8.385447099359089,0.4647216951157529,1.214470933955862,280.83806276463133,0.5852122545956477,0
1.2505021500960063,5.513548472217218,2.8240958144319803,9.173036651793959,3.564912885133932,69.87497094545398,8.859316696718246,0.6125659466492974,1.683211167813206,103.88996699968045,0.671647097297759,0
3.3314407477823105,9.642023742826462,1.69601715635959,6.318026418057211,2.2596267848586793,63.393459060141204,4.278274469756552,0.5672509199961059,1.0688098586088866,247.03191924921347,0.1757354372643996,0
2.6752127492074154,9.16756459109811,1.6134185353891013,8.419328758388723,3.5526457918412677,34.51000390552093,3.591057583462123,0.13527045373342209,1.3757977900353473,333.7358194753843,0.17513467342217176,0
2.2726660277409287,7.90601957794922,3.2245316193245848,1.5681871745966964,2.582964703495911,68.42939246840916,0.7647091405047859,0.18880488827687208,-0.15250827941442247,373.6440894906664,0.08365222035099353,0
3.719063155284208,7.955345637164746,4.25742224656997,8.567827689992916,2.919958453165781,8.521552942430112,9.318817894389056,0.1904199213739252,-0.13367392176837267,340.40833375230227,0.7728478271429371,0
1.3335924469184541,10.495447447325018,3.0459769569666313,6.783924158994099,4.472362492659961,63.653472722224265,0.8450655757938106,0.3360411149492575,1.592371641063897,103.63132365456349,0.36445810999686445,0
2.4778753128725777,6.369988480697543,4.265864893233612,1.7853070211394726,2.2696954648147267,20.507439457527546,7.463128050630611,0.32127770152220436,0.8445885459656459,186.95503632281824,0.26414943295756205,0
1.034060934302257,10.741773232614229,1.3229855594051498,1.9786592256455078,3.8588950250001495,26.45906808678404,3.9054613837627548,0.7680001454081197,-0.2975117449787906,380.10409023344687,0.7891896752929675,0
2.405981925982379,9.541229797265128,2.5975092738249055,9.27235612853779,4.437846344043058,41.991113269669526,9.498051590092025,0.6154699474145301,0.5724854463866365,446.0855874512336,0.18609290558506253,0
1.168909827045512,7.93278841645667,2.25268269533538,0.41893206845869146,3.6874335694699876,38.730087580248046,4.312099805154465,0.787578476180717,1.057581414416748,71.23388677801688,0.4558242557424397,0
1.3564537488042157,8.206200316087081,0.05822449751548109,4.679095938627491,2.0765054024949214,44.04275801524107,8.202761843276221,0.16290645166978313,-0.34435275624763606,69.00309863148972,0.757547341742601,0
1.3525787403313148,6.7965304503026704,2.7840607157037005,3.2034053703476055,5.942077427611462,45.85816967540179,2.970017355204031,0.5366928137244406,0.9647192246232077,339.53203820257806,0.5951407017078177,0
2.9476309063481905,10.264800328878824,3.3076216207308744,6.6842666559844375,3.468463069362141,29.86457682736227,3.1310694289896976,0.3913980213387426,-0.8735654505466967,296.62076937347643,0.576300136317802,0
3.2381346377962696,8.590123196136874,2.95957202209535,8.41233093693302,5.114308747733068,18.14206347627725,6.036090216808656,0.8649453796801717,-0.08892513098751642,119.90257273297131,0.19959024018022387,0
2.750106295291479,7.245981799248906,3.6813994939171075,3.667743403410039,3.302585968749813,62.63609219654795,9.980229810333244,0.737010241218913,1.0219154351783444,296.73121176363213,0.22188609144300397,0
3.8865176454236257,9.172350810326652,2.8566976422653854,4.326330664496088,3.9000670279736753,34.99821118153565,5.272209696196124,0.8823326237441167,-0.5519528035302953,488.5193045753829,0.603430854214254,0
2.124611738571112,11.970141164359262,0.3337512742537846,9.820986066564,3.553854570443986,42.93806468442943,9.375824636654247,0.14178441016545407,-0.3334029080725033,333.90509917848124,0.07238851802662707,0
1.8571362588455822,8.046835957595878,0.5822276204235571,7.860773445824107,3.3701569180384308,53.352253876333855,7.905248316837533,0.7487411406099405,1.637279871075168,252.11352022237338,0.8756620895152399,0
3.6057973845683806,11.444839805450336,2.982372887719762,8.982320896224735,2.087405508831115,73.2228441729992,7.9994702789369025,0.5860075169436202,1.0229632982948251,422.3896195728089,0.38294726060892603,1
1.670787515558358,7.415117879471962,1.374895959868201,4.443745984451134,3.440083751418014,58.0664623355165,4.472407893461889,0.8425000261140092,0.49675613077002145,145.7701185434682,0.44578540616646073,0
3.889667618321834,5.383128948474901,0.3982256451738292,2.417354419442741,5.557959961598121,8.409441919278837,3.988114051693447,0.5564445318332389,-0.36731982361764315,236.44689387211096,0.29551071799597006,0
1.036463424069449,6.4296947445790025,2.148013717242734,4.1774483073258715,4.761573354374734,67.89202725485131,2.080833719289991,0.5861881701117181,0.024228969746774354,287.4955513148813,0.8828375442999481,1
3.9096364801229173,7.930866003293789,2.771612990418277,7.189309986531984,2.5816914363817594,79.20162613456394,9.646624416439805,0.1465906428478586,0.7229914948620775,277.04295142283996,0.6603788691656098,1
1.1294797358517283,6.537444500161984,1.6437299417480329,1.1833610078761954,4.364620018490957,40.43637690285366,9.602057401949436,0.70167057853237,-0.5340622182859946,464.4376111450186,0.4774130455833134,0
3.6734293410942134,5.001589267527788,3.6021685111288897,2.7776441456034378,5.568923439795486,77.71927523409505,7.521263796239793,0.34582588804454506,0.4452322396945667,181.70064826100412,0.6060433558767541,1
2.5831033272588995,11.40501076423269,3.2188530405062235,0.5616954145697448,4.800136163859422,46.049655675736204,3.103274008556162,0.11772452996093845,0.22692318241406717,75.42667432832883,0.4113511161766213,0
3.978894388357901,10.907155878616503,1.6640918054583598,4.380242609547502,2.594737569426787,39.47119969039623,2.602759495354366,0.15979344625542705,0.4300620242828548,462.3697420311839,0.4923033543701915,0
1.2213896942061966,10.19604562040863,3.774362644542803,8.291712786198172,5.471329986937986,29.85535735455913,9.888380375392236,0.9615570480694231,-0.6833175361591017,147.6804457122542,0.3897505837435703,0
2.6615628532039626,6.174702169522201,3.243475212665177,0.34417051415030697,3.2061760531554615,54.31661568750041,0.8521195880601395,0.41146956062186224,-0.6805087388649143,220.56258828951832,0.4401410545002935,0
3.9079076068572967,5.842545033469903,3.1872268935895103,6.785702915390943,3.816304577249367,22.236531539378344,8.466930062984828,0.881268065759043,1.892332858238964,288.9012310331347,0.34922771680895875,0
2.5692935325104465,5.473233246306682,2.76713850393534,9.331709157686022,4.1045710387565855,12.870066388580323,3.6834884047282523,0.9637095106623302,1.9381032011743056,489.14621174669605,0.12375902366872091,0
2.8881959144057876,10.068204321410448,0.05694834044276398,2.445585828960705,5.402026417512781,7.042782693816056,4.304923253326762,0.9489404699535905,0.2784939737354546,290.87079873286916,0.08547896425501039,0
3.0872460669538517,11.501655724815198,3.4825359173844457,6.966984923203716,5.726429980590645,26.92850845364478,8.353380957738604,0.8935527166294781,1.3669863609525121,251.48448794681556,0.21540089405435164,0
2.3636231943033197,8.01375074639126,1.8802089555457824,9.753508820891984,5.718611511162225,34.682812412527866,1.0879095568525088,0.9053595212151708,0.9673742807692307,312.637315782941,0.2890558566372939,0
2.8826742402521903,5.833984703972337,4.713048550793278,9.626552795509385,2.0318167251141626,46.405752221093586,3.6708628494985205,0.36010723990685634,-0.6492494361448331,486.863671962712,0.8959482675601983,0
2.7529429357693007,8.586749745124745,4.089923855386027,2.4257990109885186,5.687553942341829,26.956236889025483,9.529837916261815,0.23632290123432248,-0.10996402799590665,418.0750694403982,0.6306862217969496,0
3.703474031472967,7.441823352210411,2.9384723476565613,1.0932774267994803,2.2175478640062893,78.80446792890584,7.050845945158313,0.6753363058791313,-0.05904577406643863,126.03566134036494,0.9603823111427914,0
1.1363391410243735,7.623774470449984,1.2609099090963471,1.567997125169568,3.0630946272697415,26.88088761808757,7.598403815097726,0.5392950326819415,0.7873233045776717,411.4670067068941,0.3726645171858481,0
1.842889568776691,9.349314369089951,1.018586966388333,7.050153117973207,4.059951418911332,38.07315413348066,7.623551949363669,0.18887204682565395,0.7399301369434101,428.4945769117498,0.43165110361041514,0
3.851234452229676,10.031026792835416,1.7019241883877456,7.285012866987428,3.919702756017576,12.745712414892525,0.7935868150066563,0.7097871844201697,1.7705260811082666,360.8123467813098,0.7337655662103642,0
3.670791351672749,5.774225192112126,2.382839717900093,6.77494196011917,4.418839175549568,24.546988500280673,2.1914344139522255,0.606574006736296,1.3701089419288217,345.75505662526894,0.5990069737523289,0
2.3669702583571386,5.249131615645335,1.4803275501947355,3.4271760386481573,3.9177849149480233,8.624910484174332,5.014379909595876,0.8767606607293952,1.570542993808921,248.3946503815119,0.5514860763629935,0
2.8603977934046103,11.960312118800005,2.574647476962414,1.7807917036054093,5.737502718561683,46.963147507799604,3.8078722782586767,0.6482654161195588,1.673685840833028,338.76292420375415,0.596785839485729,0
1.8321435489433981,6.629098442408862,0.8268521275659296,5.849534810327306,2.962195392858348,61.32985123493238,4.226940472701965,0.6165515617495783,1.4038300176649412,381.908737468516,0.6049285466626368,0
1.564363479171284,5.376813674359213,4.888564064127499,4.888436413002879,3.0960987761539434,19.678236075205096,7.858184310531592,0.49667655099936514,-0.001356216828676926,105.26911163343456,0.7774534029943048,0
2.3910952148199467,6.32912730367144,0.5396227748249693,7.315458056510804,5.682951742772225,32.59332033620531,0.3438565036638057,0.5165083628999833,-0.3549610859964999,165.79848208254606,0.6846779259492586,0
2.0600566840781585,5.27270492443925,4.65972069827186,4.469464778987652,2.306958054981025,6.246217004537042,6.672820877948141,0.9589431042812044,0.7153020140631408,137.33684553483232,0.9594485362479648,0
2.750968335552616,7.7426762623202015,4.567890057013474,3.452532977396037,4.4382432876192395,67.9641541791659,0.2010802716578601,0.2246014084602154,1.0687049493599563,428.54532660770644,0.9505648671536114,0
1.2332039108949546,10.61681249115927,2.62680240909749,3.005437915854243,4.726943808262443,63.49726436987522,0.8179735506471884,0.5015969367239684,0.15970390688949743,356.0011661892955,0.45082670719431805,0
3.9231844229984993,7.388711148304044,3.6245513591804217,2.1935561684924907,4.022166893718958,9.744052315571928,4.201203974408715,0.6902445105341586,1.5450159498935307,252.85034280882945,0.0839364790363149,0
3.9586322334388084,8.109283848148566,2.180241489862939,2.7308891242479483,4.776927515292549,32.365070699030845,8.44129549408725,0.48970958103135964,1.8816997784539504,421.7250877198107,0.060521043107790905,0
3.094485142059235,9.729107414972072,3.150172887712191,1.0388213445566035,2.691018584047868,76.64649603871216,1.6209585025317128,0.354894064336682,0.7081871784120559,372.5516029966298,0.16703373464348387,1
2.608289099032361,8.56225849048916,1.7028796871055936,3.533884408196007,5.4105289310861595,34.40202920592328,5.635289809460394,0.3586216336865694,0.36977618664865486,461.1168866953836,0.12115252895319077,0
1.9285828488589831,11.030119802149269,1.5057950989272268,0.4620411423932862,2.5601027578795423,44.4656507543012,6.849351222902094,0.3102904416319442,1.5286613508275537,84.56314824406209,0.4046977465223251,0
3.441385059120846,11.062249725320296,2.8911489308475686,1.9454970869466355,3.6032497772629988,31.64321457577664,2.4494222648871737,0.40951288052478074,-0.92719135903184,279.12082169355585,0.10023086893980278,0
3.0541935176616377,5.069374868438075,2.4906483709199017,7.493027401732348,2.301030405232823,49.709854109619634,5.220836501641914,0.8845072980252103,-0.6129621524972558,368.0365566093148,0.6436683343302622,0
1.487850818034674,10.446324145382395,2.897681845749905,3.3221429878985647,4.180844315269601,78.36176567276166,9.131791374754284,0.5547020952906957,1.5369729770188032,143.37193406218057,0.23066551469551333,1
3.7327815534815274,8.225135201691717,1.4333029064351148,6.715546468075704,4.678983229702556,79.81268776108978,5.219839548582222,0.31621485527003657,1.1960857569439773,197.2068043871138,0.5382670526411082,1
3.4676117287695067,11.92188378912564,1.8347891590849763,7.197153338413045,5.764886540381163,63.103623350839335,1.7417660055189503,0.4460740453238792,0.24841009461297792,238.53931309392198,0.14792484350204838,0
3.849399739875772,8.382624531128046,0.41948980314454654,5.853734893047924,4.957344783584004,35.32333235153295,6.352580107537939,0.19524737087071123,1.666555573173215,407.4465282217651,0.8363426125368774,0
3.17715852516508,11.908271617718082,0.2613818613610286,9.591107639517444,4.164411665816605,42.08241506217412,6.003561764083438,0.9136321657648642,0.05437486293616134,272.1092904757378,0.7909608867836502,0
2.8402455878073694,10.281985528440156,1.2672856483650814,0.31225467956882125,5.7304680686813345,31.75484960842291,0.464156646021686,0.46737804888228884,0.9015360736007523,271.79151478150516,0.4171628599988255,0
2.2547291088718566,6.740234192293144,0.3712342966527288,7.412661240822607,3.913747352163506,78.91809724282597,1.0878251763261528,0.9823520841337682,0.9030034109777478,243.8994283484654,0.9150636658993048,1
3.79818545006204,8.768764855008705,0.5188735431737035,9.59198777501004,4.2448226123954775,58.08202293690528,1.7364572803819056,0.4127848959362673,-0.44700432215729136,152.86509018334192,0.2264156138761083,0
3.598191668501225,11.944949476350079,4.064642026969685,8.636490120594098,4.3843941106803825,38.669858407513345,1.5356329601063252,0.8527204425044089,-0.14544479150782597,465.3821910257441,0.8232398699523844,0
1.1356560103185682,11.002714254263466,0.1943684850834465,1.762137648869632,3.6399189035462673,5.908645258220176,2.742764551497145,0.3307467819623079,1.7480207680882573,193.01050429550395,0.5685626626578061,0
1.079100923491756,5.681568256538547,3.2947139696737135,3.335521031892148,5.353930762263296,44.03625607929113,4.650232167708566,0.16853760403984203,-0.44975543861974887,305.35954734645526,0.3631010648838035,0
2.129390100634149,9.944603977669972,1.3627887440770026,1.8072732147770076,2.7407037553802365,78.79461512762134,3.8428197194100475,0.12856002550642062,-0.47927613445712647,116.95088098503793,0.13014288817172737,1
3.431659992345499,7.419057101095691,4.357728403540632,6.052952801765571,4.219368761486432,44.229568172978894,8.92836893576505,0.6455515839803052,0.4388464212016221,245.4095264445712,0.2127455700873634,0
3.9618283879448333,5.048875833162437,2.4249614228874976,7.1506610215969735,4.888933024748776,18.682001411683526,6.198672212182104,0.38041630450623043,-0.7234078952864771,456.71158227614796,0.8697194750879033,0
1.4512506733105845,7.824366783188998,1.5278822966391288,3.239030316694276,5.615904687506308,6.657031032858114,8.786214629626063,0.49916789242824555,1.68387856695312,497.9593573297664,0.6265417714321296,0
2.7823921460564054,6.643280952074799,2.5881946784471728,5.441115082444525,5.535673585737113,31.60278185931568,5.36498538419247,0.8367823320407158,-0.6995525850625868,212.7883355300602,0.27524078047667455,0
2.1426725698930644,10.7320848936433,1.9097900952263442,6.94011364370483,4.034961157720568,73.86710417724552,1.0807306127555316,0.32329727712532197,0.8496724305223833,119.29574584145098,0.5210602335827864,1
3.9097431934438096,7.361314261920358,2.821505323349151,4.271264184449379,4.572645804653367,79.74155811319108,4.740217000851062,0.3777872290614219,0.019345569335954327,191.50318702867781,0.15244483633397976,1
3.5263567694071263,10.79266585767672,0.5726643416317412,8.554753751509047,3.576950944517204,75.9025981109002,8.255918959055176,0.8608025665528005,1.4128186564131013,197.25879577415876,0.14390036708516307,1
3.5149861141334133,5.004185571843567,4.984952514062756,7.738344359349389,3.872711051520801,59.706499494069256,2.1022169182376595,0.5434860460091537,0.7694322373026157,340.02895742704294,0.9123764190553099,0
2.406079479384911,7.154734050182834,2.127779388483588,0.7401888841206495,5.625063170292198,46.860704633049146,1.0938999317759677,0.8448986503472389,0.16491842323831452,273.27052602255213,0.4849634747997637,0
2.2444585070129954,6.688156500154333,1.7411531985368434,6.249140460999207,5.7228159727698955,49.3014609786689,3.4284604357149493,0.4370284031196847,1.9516189536344322,395.8068777195337,0.3934887962535801,0
1.8202212157921187,6.6349715274802765,3.5510492415813246,2.4297229545015213,5.581656232268079,45.42440068189707,4.011198740273368,0.4585329827443977,-0.801307034603408,365.5864780238665,0.9516182353120477,0
1.1691264899527813,5.477306338358239,1.8194970324766624,5.619430820206025,2.553483447254553,58.028697869224125,3.2013252287778635,0.2504245256004306,0.7333589096920301,163.08892576636083,0.4290506446768113,0
3.5941671287651595,6.309869892873512,4.166371525143788,9.573195582066365,5.400336085322545,36.41549200215143,1.5253596991206488,0.9247112682354697,1.9687049346321346,402.9150604486001,0.3694300216509013,0
3.4387030273902326,8.88884698919934,2.271353621802126,8.802713845067275,5.793454924085921,55.19030037168241,2.6582306252728025,0.9071053246113485,1.072857929639051,431.3578401116672,0.30933686259995014,0
3.999153019858392,7.039527509864211,3.5977920663271745,4.104712390839803,3.4449987782944187,14.120908621790077,6.886367565100682,0.9857953131082962,1.219308894926579,319.2755853893008,0.5868096797097406,0
3.989910511221716,7.921763476304036,0.5372660822094327,2.9859871976090986,4.074585157686677,24.927147992111284,3.982099459673007,0.46220241445274035,-0.9037265662615422,467.45046916185925,0.5804900626619259,0
2.6662951168078823,7.6380681624303195,4.230595927775559,2.4206168696417643,5.116381023251984,67.70022791064721,6.398984557261847,0.8367534475827779,-0.9359105107091128,402.3266552305476,0.06538446719711352,0
3.3069622455415315,11.131334474999262,3.6785899338905494,5.371897210589548,4.248312550262595,72.78116980575433,5.455777043203579,0.4734583585049067,-0.8916696640534215,317.92815809293955,0.6713592077594412,0
3.834297189647284,11.337092993073608,1.0585838923098283,1.2310596872547577,5.973934086824998,45.42561781702248,5.580718810605157,0.5088689100288755,1.9751717065286964,457.77469879099857,0.798891747875131,0
3.5489421720322345,8.45069880159102,0.7264300487289332,5.537822580469661,3.8228534606273135,7.3726712909699295,2.635785667888401,0.8469994542353421,1.9385592822225544,320.16131610824254,0.6351663153088701,0
1.742044305229593,7.311091652209231,1.581461743628122,0.11320303095884096,4.855770844829511,74.52301780938261,5.31112172112818,0.2596300937977598,0.00352677729278561,284.5360073018031,0.8763937313698358,1
2.3516324059302804,5.747604928016545,4.880352930159521,3.306111344383864,5.170364560786177,57.65481935204648,0.43122819585937744,0.2982798410155771,-0.1270545512025134,210.3162531849962,0.31259554298484205,0
1.387478245454485,11.673820155674665,1.2841578728352931,2.2773497069227546,3.9764016630337577,36.05209428165206,4.431088674784277,0.3832554163562335,-0.5621237634464672,447.2884987675004,0.23238043263030533,0
3.8621530817761673,5.421588614302082,2.2806360447331664,9.715066020611742,5.427935222845504,49.87842073996223,5.811703667261169,0.8093611292500518,-0.012579102505724804,105.22722689276972,0.712414189128975,0
2.81852390335264,7.083551942977963,0.15010112858668156,7.299698963742792,4.184618364828786,37.23311258310246,1.9835570892702712,0.43538639443127447,0.11044979164181079,263.07622139785536,0.22913114709031096,0
1.685928416510388,7.0864634081900295,1.9861376478311628,3.5615684665761536,3.6466031872065257,39.90044200490382,2.714273361239724,0.4223513874526854,1.2448484502771011,291.8359993437598,0.13654963540649986,0
3.01510205321757,7.242809002981504,2.856600077165514,1.019166356653143,2.431294695407788,71.51073992445512,2.3514039941930704,0.9989347107297176,1.5988806587592044,299.6370980463996,0.14178431511267875,1
2.8543847213736875,6.150007902906864,4.7656230625398255,5.216325887437177,3.5736543054016967,17.081318518783366,0.8914679616011572,0.44542552878953157,1.2402053592241642,343.3504237183594,0.7799738185644322,0
2.0744881540985216,10.48213001646588,2.583680224700322,2.213134025127819,4.935745818933137,12.775185161167759,3.609001747172883,0.3229934826840283,0.9394253032867175,277.608030914217,0.07730043658469918,0
1.340672776598887,5.857485033761924,4.095536630888439,5.410652504393742,5.685145646720429,5.204655838476181,9.793864511229007,0.660892310380849,1.2977002342663937,165.5681664379672,0.3249838695972399,0
3.0147195867783987,9.444346614072138,2.7356382128445027,8.370087306371035,3.006717615441241,28.550028170909503,3.668027983343379,0.8216919567595008,1.2154924374554161,435.6249782627749,0.17272708944687298,0
2.5609231027113797,5.866922186940722,0.2039250671775905,6.196346265803715,3.4209420693220105,16.056032486332054,4.713258894002362,0.16264705035084334,0.4272490811911842,345.8863975259877,0.76716463945953,0
3.316955175206918,5.493749463150696,1.5750413759488702,6.374505353495522,2.615843976417705,21.49891213535834,6.600255059372477,0.6570030080246275,0.007554207384073308,436.1845161696378,0.5283184312943348,0
2.56049050333598,11.366006525801136,2.877747539155516,5.456199861721833,4.762891576915875,5.842923699903269,6.55527796145725,0.13216191029220228,-0.1516578493672014,174.21957094116954,0.24521779377278385,0
3.5565445009556202,6.3309013642309395,4.752969829655622,9.279929763050951,5.840753720039701,22.03965610157774,9.508970804182516,0.5736991158815662,1.0380663785383448,336.6756027062698,0.7628903537187038,0
2.6557205163234565,10.74875108191793,4.295651798756166,9.325836575763972,4.5638088793927025,29.953368644928045,8.604128575911426,0.33129240738202825,1.8779123733356755,371.37818528437776,0.7628481836812552,0
2.6828139146061587,8.812416097749951,1.1417780708942382,5.175959690628167,4.468306120024906,7.3675622307410995,7.9807167336304925,0.37597752790586714,0.7431641568068903,222.5323221655273,0.5468715147152181,0
3.629960807975035,5.544995637261387,1.1005491500958176,3.127018922720694,4.213959722001736,50.59280932228608,9.525946812627444,0.5203863675841444,1.7375795074167981,415.5098531931055,0.31205729770244917,0
2.210448598637191,11.688137340066472,1.0058648355695037,4.649911358206494,2.353822962742146,47.660026166281845,2.461500777735082,0.9343967146710284,-0.9573118870811574,51.12894867903353,0.6069632442991105,0
1.402045685351922,6.728728168943247,4.612494481512516,1.9469233307365954,4.918015305717534,12.27768338824438,6.247131107293567,0.7396005759290888,1.3834119402080174,317.71388759639973,0.9368535957164823,0
1.086348028940017,11.017517417468245,4.263330765508603,6.399808721649084,4.408198174197404,49.625733313880076,8.894528313877132,0.9431610366560468,1.5608079738802387,326.1058116584587,0.09905456824490787,0
3.265411767020857,6.18167004049195,3.874417161264744,5.050914124244109,4.645907075425148,79.89904389566583,6.316553951125399,0.6939739041028099,0.8929815138310873,290.22939186738597,0.3036023542907027,1
2.8609286540603938,10.97760017499297,1.9636755711211378,1.122674730351471,5.595244372109686,75.83517146086555,9.77872065114732,0.1063969723790737,1.802182998085189,333.52181911375226,0.32072073562304415,1
3.112239304297671,5.092601690337058,2.521903521493834,2.056713033084192,5.135843148244072,5.200324502574747,1.1834565962825143,0.33902667761290983,0.7697389786438988,125.25208566047161,0.6502210804056386,0
1.6388924845267323,8.582463195986364,2.321658723975764,4.848356366375315,5.123661008618104,64.65337334977697,4.505438927373364,0.9151953199483365,-0.2783892924197521,358.1516668110691,0.6686061768288499,0
1.4091144267603093,10.386098055950898,1.2669905377968633,8.887131008116697,5.7087350755173905,31.52039571773645,9.778156497504636,0.6791009688709703,-0.3528483116554172,201.10503327649937,0.24599962519652774,0
1.0436339970036457,11.543568622449484,2.5251402307438346,5.707268134247864,5.959739805851998,9.773852775097057,3.919766679985273,0.9834825129132474,0.6675088000781457,253.42418415916302,0.2552955677793851,0
2.051762676419791,11.36441495344541,0.15248273926377232,6.847196502063861,4.3251309278442385,27.198741028715606,7.447652475973183,0.24036761729646605,1.7194517914886327,199.89921379832091,0.9318020502932111,0
2.7697530605638994,10.737374086833515,0.6590518674872958,3.4563826424647064,2.435526464124663,29.13023872347217,0.497948430570762,0.3670730497958675,-0.782896162734769,263.27129157476844,0.7684838767796703,0
2.176732135299197,11.21733944762913,4.432947980844732,5.756972791137919,3.8365196311017455,44.24331794817926,7.009403723377068,0.42613089356533274,0.813171536632733,329.70615193028647,0.9375562136051335,0
2.312424766071187,6.394537800859536,3.7583988351571165,4.5290602441168675,5.1504045858465775,54.5812825451641,9.359341978770269,0.3939020363505795,1.3094104189460736,427.254561902998,0.8381798387545635,0
3.712476083481245,6.9892900699821014,2.1143420452954356,6.625386134969291,2.1109012990473968,61.1791709156306,3.950521594862027,0.32679237713489256,-0.6537937911292926,267.54577593809944,0.43201208125051355,0
2.044766401069901,7.02277967444741,2.585751811419386,0.6006981041822027,2.2275497534245963,23.442728192245,0.4087384116839088,0.49911914418110004,-0.6496909278639612,195.45072242162146,0.16581225500290975,0
2.5419684674794323,7.639377517011892,1.8499944297998872,4.983672140765695,2.2686311295312853,29.132792768637273,0.4735160830757418,0.678068311032434,0.09838399000876419,269.5738455164229,0.6480728479439009,0
3.3509590382234293,7.75324469269632,3.7038993358033623,3.0303269889252733,4.924143033313243,28.12862801448014,8.941828395968672,0.38013123059802645,-0.17835647935084942,359.96164883173196,0.38439150914477155,0
2.1896283469638105,8.811887272582728,3.920935896160398,3.3292321066513018,4.004666514252689,32.205265109065735,7.280657849543366,0.17172993098283013,-0.40505752331893075,206.01532252660803,0.4541413910622276,0
2.8662601006836206,6.11915834356509,3.8164259510157956,9.613082572424808,3.4755917740823743,79.9742231717254,1.2455265654204823,0.737679274203847,-0.4039174791659643,236.42693362553277,0.4545857538968553,1
3.5870911262402356,9.838726646501925,3.6130586241722478,1.9086786458426896,2.422468181046944,63.34574771205694,0.7349847151017264,0.5131149002031418,-0.6079929027254924,303.27791765393135,0.9396936405810021,0
3.8485618709729263,6.172965775131545,1.0225216934639791,3.1813280005281097,4.9289610008235565,78.12428489515227,8.087288563431699,0.6008340754810569,0.8325620392458573,182.3041687223075,0.11541929823296393,1
1.4412204427871138,7.172159374731833,1.6898498962023938,5.14793649973563,3.2840792422035987,56.98332946602929,8.13663420149252,0.5098605914475236,1.064376810752261,144.08809679499882,0.23344857339625147,0
3.779762875484483,8.523415914243078,2.349227174918375,8.643966786681274,3.0612962802586687,35.47030262354632,1.3811140299620803,0.9013217531094192,1.1088086806371336,113.17652773846788,0.627545727464195,0
2.4763488792386146,10.575083930664341,1.6539649571382782,4.225033823743067,4.609276806214204,34.23081377202312,3.1548999581086408,0.6028704974497421,0.5970619284158185,208.67449240673344,0.8895701625925487,0
1.7747331648968752,10.176284632671091,3.774701000791645,7.464266280792893,4.236043570387367,41.64358587312839,7.844255432824118,0.9309491558665747,1.8587188089967,71.75430789712567,0.9220455192764914,0
2.377407268714784,9.518740494873656,1.6467676212497735,8.578103572326544,3.4496425672532065,36.265233752332804,5.349038295349263,0.5595178074004002,1.6415983327701973,312.56713701927566,0.5807582801891837,0
3.940097725856431,6.090412824061191,0.6911604339266858,3.1691619226363046,4.565949883222352,67.12446845695592,9.574531635107933,0.36332934601625366,1.8728934279988403,129.15921469888602,0.08283315789267684,0
2.4778542819786087,8.829317419309044,1.9952022602415203,3.9882268170332287,3.0848860815364727,39.875150977001965,4.914413924390849,0.419898328458577,0.166386434381534,219.82765654851926,0.39473698262250023,0
1.9862548308625247,5.6121255125991985,4.899572163911902,3.629906614514727,5.179321046417307,27.17107701581345,6.834187788142024,0.569916364226307,1.6333494798650738,171.15026692926767,0.922891627564045,0
2.9002025629501773,7.641542237576555,1.1294070646678795,8.34527250531742,2.9172758012306157,63.114520152248886,5.195876984267526,0.5769904940245077,1.2886240982206516,333.6754848537872,0.5249468816744377,0
1.720436856334579,7.894615712029714,3.060793294716145,0.5390339333406515,2.6353507815280626,69.0815307036046,9.441061857713448,0.7186039313940539,0.01991870910203919,432.65554766008984,0.7402826152243099,0
1.2275899843259919,5.278680076120277,2.1648652491985314,3.1533687794039325,5.1297576379955,36.53217171053386,4.106859102262567,0.30204538496796773,-0.6802202244873421,334.98546934475524,0.3057337494270199,0
1.3866391657319477,6.917916696289803,0.35512283824663315,6.8261447201917855,4.831568122791733,55.0856428929149,2.4520052607502807,0.6929586099689515,1.047863749690423,294.12721790302726,0.07375662181911032,0
1.3841375168733174,11.689546270865424,2.4393830299902977,5.6978906456968925,2.7305559028071937,9.410340041622856,3.4010118307537334,0.8007292075426771,-0.5906430276343589,351.08768269491895,0.599442176916813,0
1.455708080536883,11.675428254807827,3.510821643241562,4.419264657007573,2.464983010759752,44.70986389786,8.557197000819246,0.708932790520291,-0.11867257899666384,63.495786992089926,0.8432319542145994,0
1.4164815179482304,7.466289379767775,2.566099879139094,5.445487449491705,5.353596353946768,8.373585330913103,5.079797922418908,0.5336452988358318,0.501093729331362,105.2800974329539,0.9907552620455566,0
2.9226242344096436,5.301700762638268,4.360530318732906,2.0560873997003513,5.106393928786752,7.189313037085105,3.671672574321943,0.9925125860051506,1.0396476054454191,92.7172561869699,0.854295752446929,0
1.5456402531974345,6.253664575297271,1.4446850832879132,4.364094553919303,3.309029494798657,50.96936378920543,5.533748213732933,0.4643318432162946,1.7786829715919148,94.1887245869528,0.576294644205069,0
2.0370018499715896,7.74552455403478,0.4312458565198246,5.066859543345855,4.632789632853466,27.750153679624034,1.5056511313130552,0.1959315531218463,0.7797201345469897,167.21767183844662,0.628291209360511,0
3.6903652297180356,11.63445788578461,4.68282805829003,9.021772307350556,2.496640746191243,60.69028718415991,0.25252118533084167,0.8393537938666087,1.0142392990162845,289.4235171724423,0.8329558378776074,0
2.4218849207886173,5.988393444760295,1.890981747641095,2.682268111759366,4.028190636190713,72.20619204744442,2.94972990019621,0.2909810969923764,-0.06995844954706587,101.6067103955362,0.06882016198623535,1
3.0026732155630818,10.344610905677484,2.8820277572681667,8.691502171432832,2.0749211682416795,15.454338029776302,6.129056053878715,0.7419570156121978,1.061877849285617,470.80230853522517,0.9540621307847412,0
1.5169596136048895,5.760777775622844,3.9600156306509797,6.477989868177221,3.566407523686222,59.33921289341929,7.174471542681596,0.26107865444361333,0.3133703621902235,434.41556119448694,0.5546601835558199,0
1.5768670564260123,11.868803041738937,1.621568319377903,0.30137422756924975,2.2993712858856203,43.588999871625745,8.300787470249272,0.11518965177214545,1.5707935486513214,487.23995922484187,0.9544496322654248,0
1.1226058487994366,7.671315493763945,3.5808226908880556,7.273850235303997,3.90058872062753,13.408943762202414,9.281302882065802,0.2438187434101231,0.1773515417044229,69.12502028982077,0.7762922582517897,0
1.5068051892164935,10.426641772293392,0.6770942490891402,0.4519635877356454,3.6867265874115773,53.86944548605435,4.238701000254728,0.4392898269182397,0.4048160649696708,433.13110119019234,0.1947017946839663,0
1.8357710170958759,7.398137579677923,1.4564687360275264,9.97407315545675,3.777540106552224,50.71001023298546,7.457064635663056,0.19595642241681846,0.2977632707307736,411.68033394867024,0.206996823907646,0
1.5310314528302404,9.393682140111661,0.7235531806825996,8.73910320814286,2.1813252081919763,43.67314005505869,0.9317947159410129,0.27791117581211383,1.4333685029221552,455.9476390711072,0.38596367721207764,0
1.266107601271167,6.344112593180257,4.056152792006789,3.0437031006464523,3.4464653651273296,74.48534034197435,0.7637939879663849,0.7881636499159537,1.861097591035716,287.5748754469139,0.3007886208390074,1
1.3619076133018024,6.022147135078738,1.1132461761339267,2.648371178947384,5.025935396399666,44.08097720780124,1.4230203214643347,0.7928952471794176,-0.018171097050178053,404.550081849053,0.46733382133264995,0
2.3823363040981773,11.566448976976918,3.5870177770260514,3.876266712845528,3.4756574934144804,79.28863365876595,4.595977158741472,0.835739404471879,0.4250837022862304,73.07909570419359,0.6237086773316204,1
1.6190011552173775,11.423530945331034,4.716491986228263,3.626052956612986,4.860687810438323,43.192161038608326,2.2705580972877497,0.8570397128928332,1.1177788000797069,84.14500526779497,0.46475052451240456,0
2.092809583144226,11.212282581490177,2.638861045344385,3.786144402015273,3.477914894534933,13.688902872602569,3.0118644309905953,0.47839230515237985,1.6861448661041933,103.33950842731471,0.10359955547185784,0
2.5102518125645705,9.378034151166155,2.7001459613034386,3.2509378065828565,3.6929577659607458,40.28534383062728,6.549225700420567,0.8807946946241756,0.4811020905380621,461.6549884841936,0.976850034393357,0
3.0711844858880957,10.657877478513948,2.30516784048906,6.24922072779848,4.255568451317064,18.674657191630345,3.7135173522678913,0.5733431875126388,-0.6733194753198182,77.526207224802,0.4538660274912821,0
1.1179364195232968,5.4832585583796245,1.6294507169682138,1.7262102708341773,5.80272774722833,49.785011391307044,5.6622412656366174,0.5235374052424073,0.10601415050396468,95.06728701459991,0.8585212541056344,0
3.398231196727128,7.343523293234754,2.3782751546245855,8.47521479521553,2.4354417865866207,56.98491313952009,4.241556816018605,0.7466826960961982,0.6510856563203391,468.6846811832872,0.12025657764809453,0
2.883701168472723,7.195921873300094,3.014037661333797,8.142784591910022,2.1316550746446947,40.13264590303203,1.8558987040942319,0.2924365702239165,0.25257381789809763,98.32666182452519,0.8195616357308478,0
1.2452770958466157,9.449517253668294,4.929957860853297,4.817183757767177,4.431828735240181,12.327722576236118,0.9253959045077624,0.8105476391447248,-0.44033281963578974,441.39033442641824,0.21473440582573972,0
3.620735872320332,7.4917044142944835,4.688822796591121,8.54202665625762,5.796388355713706,40.148104893766465,2.5150686540369014,0.4865192439095829,-0.8890315139703475,405.1718546280289,0.695434695847114,0
3.7626172015954396,6.039547471505766,4.310764791465608,2.5467361932999037,5.95889253021886,11.10906610508003,0.7654646010122346,0.2145658726033844,1.0622259982396849,68.12689483946941,0.6787163614423357,0
1.1832338795645914,9.175269527894805,4.445652678524292,0.2738980114692728,3.9366569895680072,56.15944666299005,6.262397206920108,0.20738072216527081,1.9782115723314275,59.8313286003335,0.9143163823535165,0
1.8306329444416112,10.70068744468357,2.339245916460215,6.230158457795248,3.8723264843403937,64.27761686488157,7.998032494367784,0.24841606946203013,1.7576199016898513,290.4747725811169,0.35464284633320164,0
3.418603839379184,7.674864461219812,3.287221635887324,4.633303128950682,4.579855082980785,77.17852454202793,3.529459528726529,0.9015154608194041,1.0498127325824402,498.7289316950453,0.15351177191986043,1
3.244779071150975,5.925881005689372,4.4753336146810705,5.714929008329119,4.222539028819879,16.160158034634232,3.9936883424531113,0.9918440400331427,1.5245894255492876,445.4735720445439,0.8713375254468816,0
1.553563058069132,6.3768173811897615,1.9647538249567653,9.00346014928219,4.5363522304564725,44.93152516499781,8.198672415041205,0.4212764192811551,-0.2328171445984205,189.51144501707807,0.36499865315834873,0
1.628047970010131,6.662383136185688,4.8088123917273435,9.70226317830284,5.495997702151577,47.565302565156394,2.3816065412608913,0.3629294669847678,0.8673033082353392,223.83915535193154,0.2709070996074458,0
2.111416308374146,7.099283150961753,2.078930310345915,6.3810860835804695,4.985224677950438,74.18574003357348,1.3677705989097673,0.2968938753349036,-0.8181873538031037,224.55769830714547,0.5118981813889444,1
2.453568955573064,9.499565493544164,3.005413326966078,7.66415033953914,3.9875095667471823,52.045748044738566,5.110957549844648,0.841434829450521,1.1215517819373733,380.38046715725665,0.18882890551120035,0
2.854764314590888,9.206618391764033,3.5490235663618597,0.9297034915229263,3.8474578360006784,15.913223423399081,6.532663661425725,0.28828673417698847,1.9096170170728057,203.5097386980726,0.3321151854183706,0
2.1067409187093173,9.872559030969274,4.752960065379692,1.6910842904259058,4.558406994052464,37.72634929723919,6.076613365455497,0.9316811169372428,1.5823919216535773,116.50867761886732,0.4160166023614204,0
2.3876041483994435,7.537513891720592,1.2230813702613301,7.358727569034468,3.82282513768119,54.10718963796879,7.195955843686972,0.7006153410741545,0.6033226243149121,386.1983338625977,0.31339252881651586,0
3.24241281440127,10.767983563159849,3.730654891193211,4.370518018241219,3.8311174050625594,57.5213324051973,0.756161585295634,0.9074150125022752,1.3662206579383298,256.1070282102971,0.47774652570592796,0
1.1100496086717937,6.428613628090321,2.604077930720411,4.515056177003617,2.0652236071460193,69.73054989429302,4.396375805032054,0.5986088689547316,1.8316964298444942,84.55042565891014,0.4154181386699185,0
1.7573108330320624,8.283285232627078,1.3427857031032053,3.1552160481908227,2.6962565496292337,18.538033988329786,2.537991134667793,0.7216118759642471,-0.35194726618235384,405.5235208214273,0.7858614795550695,0
3.1400487576536573,10.606571050790013,3.883034198981953,6.112828196429663,3.954054559983012,76.36566100666238,7.639388343551038,0.6575122905919369,1.379775538932134,313.3900687776032,0.9224882430784743,1
3.6856205130615978,6.261110534128335,2.7611114008692326,1.9331339496204059,5.2906138362014765,9.43545590116942,8.752758743791427,0.8480759106914172,-0.19045912609343985,270.21619637095296,0.1458770559104599,0
2.5350323263469985,5.769041796185481,3.304869103248379,6.306471165207566,3.1149080269084966,78.78216009266765,2.9570902599028663,0.8522747300672929,1.6308422658189992,353.00442521627593,0.8321374162719816,1
2.596340455795947,11.185787773815928,1.614505342889505,1.820608685638873,4.0905737325245966,69.33253196498063,1.133137174880201,0.6308136998606126,-0.7049364829295636,277.4154572691648,0.9351826473168388,1
1.3215160340193282,7.400507639314371,2.406369759138025,0.7318777436261646,3.3798483390369287,54.520458707162845,2.6835940275156895,0.6692568843967951,-0.4653447433904756,341.78906659482465,0.702282488670242,0
2.342237100470364,9.787090874363223,3.086771254940335,3.370541118120704,2.419215958158356,60.124662519831624,1.219283192777413,0.9296883284480469,1.161849390415405,440.3698454143947,0.9965986923621539,0
2.5978517993650696,5.177440229847569,2.02455407134922,2.388289385897492,5.833193932285202,10.451900443909732,3.359737227911847,0.9368798355684724,-0.4756674884102531,326.0814656500064,0.36829084968164744,0
1.727411510904189,9.830328218866146,0.9918626992385066,8.90101722170769,5.4186954810012065,8.110989717083928,5.474346067553893,0.6978248055056635,-0.5258370942908669,346.8202240344237,0.8387944445057172,0
1.807729692848143,7.212709180828794,4.80820246157652,0.6440391932994033,2.3139696978676256,12.632434741352416,9.742073353102423,0.1069788503558472,0.666400632196616,326.23523123930363,0.6900173794430445,0
2.131852489313868,5.390185975112092,2.557337700213087,1.8484755564838165,4.8791490498731385,11.551986099810334,4.1138284926433135,0.19397009327854692,1.5049617131272122,289.0308999349835,0.35725734783758467,0
1.060213593333179,9.26868933083682,3.6696018514385025,5.532324095272189,3.3903196174300008,46.053592510207636,2.3563912537752874,0.8721482785969745,-0.19459772417611276,127.3875849389622,0.719442659334828,0
1.9662374967495349,6.685626712512213,2.0552359677802907,4.862565189389989,5.97939922824717,21.158299033384186,1.8346570556341837,0.17624270473372136,1.5234145481164552,201.05493960148945,0.53414074710468,0
1.634344020989634,7.70765069436316,1.7756588201285817,0.5539349819095453,3.209594079315911,69.51542279050449,1.895789708159025,0.29216726276955973,1.423860189637924,361.899035311155,0.22952519625726642,1
1.982492056533744,5.564065686005595,2.035821492335625,0.1717990373499303,2.9549537814503997,38.43114673010541,2.0874572959623006,0.30749201219948663,0.7373162028780065,241.4642480157997,0.2151856982889896,0
1.3592863954577536,6.030142757664617,2.045983218928249,9.881872625415383,4.271562193221621,57.16328573437062,7.670216820866981,0.6402112928019144,0.9396882610618102,232.75805535996045,0.7277289044275557,0
3.671581842219685,7.0858406484709064,2.720900579709768,6.622463533552498,5.340504653372816,53.965481972761985,0.7980715720377152,0.6189695180953878,-0.8786764401642754,391.6711778587511,0.7263339392008968,0
2.780777360662146,5.6283165039211,2.717349349906816,3.717520695925413,2.770075487279192,28.988977919728256,9.974546528041735,0.36047577107836026,0.10140667491113975,52.50598728064756,0.5542350729133618,0
3.0373069574334686,11.375783852804206,2.485769079414358,4.7572792518660885,4.837611078877325,23.237568014429677,5.32232663342936,0.28685022901159857,-0.20981520664494235,355.54751611040234,0.5263448839138597,0
3.3675137158220148,5.042329302287849,0.6739289245871904,2.7388461924974408,2.2456263325644867,30.68422139724764,5.533864564148092,0.7880788268717283,-0.5499884178175828,270.1519297205069,0.22103652340441876,0
2.495326596787172,8.38702153205018,2.4803773925026555,3.5142504585627767,5.675738972441989,64.74937803873782,3.7041260112561276,0.9419105400453786,0.1689779874709445,219.54316156085844,0.4578218168540896,0
1.260760864262271,5.86273220692786,0.8455195021032574,6.525540225955318,2.324299664589195,48.970763631471385,6.9645025222387815,0.14752511192479484,0.0647125890422986,203.24147520811533,0.877827644979546,0
2.6113196254556432,7.15375362634564,0.6306789314788258,8.83983680878697,5.65692550537665,24.01539968893815,4.820272140631817,0.21986241643437654,1.186675034389181,127.7939728918263,0.8619909407903934,0
2.7605233540626375,11.482416918727859,4.663228586705839,1.9228872285037304,3.9632289978108113,66.33848322953227,3.424800592652588,0.6779475898351367,0.7942890214302598,200.41343723687137,0.6778729567176939,0
3.2363184225529897,6.1318618729179075,3.0247500657385213,8.419578903314655,3.7923644511836794,9.106953958273005,2.7983563563388203,0.823997306504283,1.739300206406058,226.13831244966778,0.9974888440712465,0
2.294978638689038,11.76082623802833,3.2974502906229213,1.3034106322308638,5.893228318001507,57.438753124272154,9.271381827945943,0.8120698018987597,-0.5637772508324833,246.8520137411757,0.8985194293551395,0
1.3827409083866913,6.440560638925952,2.0089683516668186,2.2284230135250733,5.961536710792876,37.93256043119832,3.0516972475137183,0.7477148377744204,-0.820754184029422,352.5352874048874,0.18796890238969688,0
1.8513277173961735,10.190962759267807,4.544904459574321,0.46803535169149524,4.600712503844048,59.84677895494162,4.476653942412452,0.8986851590482827,0.6038233624733862,254.1069587403522,0.42917958293901776,0
2.0892468891959055,8.826740854281182,3.1896524478983275,1.4940374347206946,2.508477167428194,74.55959601825701,3.6333457407413894,0.2956139916137316,-0.9969185841676448,408.3279369005078,0.1753406105213106,1
2.9377517239948037,11.191351093177314,3.8458493476179374,9.181301140094101,4.02468034262081,61.252557346017795,1.0445525087947525,0.19656185184275243,1.3631568294048968,337.8820988202685,0.4927851356077429,0
2.7123349140067354,8.877952788521917,1.8428123451385692,4.648443591521947,4.11665240382265,38.14740164835368,2.022157065926218,0.6538266730822315,0.5179186660550283,135.3186857723402,0.7875636835075904,0
2.0682901776935387,8.74191453409416,4.800059404095627,0.8688920316057002,4.057785712541239,16.323176113541056,2.057119358198544,0.8400483023710892,0.46419672817368074,174.72792774673104,0.19799927443232151,0
3.959545746378939,6.368206002578799,4.102306450791575,9.601295696585717,4.2779673540800385,65.47632318540752,6.997765241018618,0.6238392206325158,0.08748793617252315,85.66213389862345,0.8864009307989081,0
2.8173244580706616,6.163605534361611,4.269742315072718,8.802023846810636,2.0748988551775627,39.55291451910287,4.18453701766493,0.9666977387130156,0.1249215084462878,475.574789715495,0.590604673963481,0
1.7116803752079834,11.4154240578086,0.8609713371287714,7.571356956594598,4.84490912588201,10.648424259284734,7.863282118092455,0.8160080152526105,0.29340103475196755,448.94771655317,0.7614972320573828,0
1.3053474178612112,7.2948673919502385,1.3548160393560975,9.341380640280823,4.849577207811953,58.92915483326495,7.147719058474739,0.7307126208183348,-0.9519029667219094,88.1583014529217,0.09289802150222032,0
1.4585774175529962,7.6045757847402715,1.4281329984178854,2.279281266274065,2.4618791007115517,26.888897443744227,2.082087710681169,0.15423156178456024,-0.7493626383513861,308.334207131357,0.13914624568332817,0
1.7378731851535245,10.318765608998719,1.354546116234356,8.380056000799854,4.280957769783203,8.666617212888893,5.716585817176987,0.1969680148585139,0.5151440600337112,482.18081848736836,0.6398181270777773,0
1.4820441197786671,7.371764376959652,4.27704081052144,6.930912843907631,4.273444729743098,72.70632612305583,7.4805066912782685,0.8063538693320749,-0.5496332043405877,386.2142554757701,0.8462823172823483,1
1.5597010721539173,11.664437126473018,0.15942397604296055,8.710616570720115,4.7298016807616,41.232581907043254,6.403820650062086,0.27841413301932644,1.3362878250409946,271.3154872868027,0.8801718302989565,0
1.8552855060815414,10.165494382991602,0.3804999449038715,7.989424500852035,2.3415907685403243,26.072078987976617,6.080161779262213,0.1259516584710915,-0.1765444779864227,158.49634500798567,0.7039508590037276,0
1.5201207858842645,9.182004698013941,1.3695743531495186,3.530301125450568,4.5060132290643855,58.72899184136837,7.448186696527527,0.9196846171722683,-0.7063010879520278,175.56668378658304,0.2408917841399763,0
3.6902962738792757,11.166266123813267,0.9993648732472182,7.76654551647083,3.1230078029853647,71.44267832619228,0.7564512447118075,0.9017248363311107,-0.2943702222896506,381.3070796021123,0.23527062892766187,1
1.2407012369849266,5.34724135844638,1.1592980694142418,2.6983173995504144,4.028011961984688,5.023030627531662,7.367935084142043,0.29663544450834267,0.07129469046736436,401.258872959731,0.8872946099892961,0
2.573534168710764,6.799438845324461,3.9897159462665,3.353062413977743,5.093294210816307,56.58891387816153,2.872021578903598,0.8021856322656592,-0.8940501742153492,287.91199595814464,0.15757361624141164,0
2.2311904809689844,8.255254339546369,2.8156329694602347,1.168266600507464,4.822583745452054,62.525877051381606,5.8043480941916705,0.14318169509048959,-0.5749734268410129,104.42691568251715,0.7017673209030526,0
3.947135850725819,6.588849776300647,0.028853306464839967,9.35725849820664,2.4756120707119735,20.744557045961976,2.5745889480257733,0.35655220344093674,-0.028459736567441052,470.24076813196757,0.5568314970849082,0
1.336116706504157,10.207336311115064,2.146613828520976,2.9809332976627876,4.3647391484642935,41.721787355763084,8.420412207627008,0.6613002174309623,-0.0685585785707078,430.1432305550307,0.4503490913302312,0
2.193566797137225,11.434456217376077,2.0394246342517945,5.2541624051973725,5.876466123762954,11.696442418845187,4.909481672147409,0.7868610965425469,1.4011600896795176,113.24245056234028,0.4683178378556628,0
3.9084112998261067,7.966390839516464,0.5697263472227176,3.9741950810153077,2.627077749340009,61.00624118865107,6.500823877844839,0.10935926990937062,1.529766425937959,75.5274126329835,0.947946994598431,0
3.596521377681941,7.394928200783265,3.380708943007286,9.603288393776666,5.41162835090166,68.55920139225144,7.982004026071936,0.39358775194636964,-0.4197442025693501,291.14045723738013,0.8683710399021464,1
3.45121621284784,11.730855124962964,3.510485941897455,3.416986792290976,4.810192322215108,13.113999299349544,8.974089499699371,0.29291100405730663,-0.6281803482614579,177.8641779782867,0.8717346706876586,0
1.7737084811348196,8.113967029792786,3.6044660952604883,7.807603632084621,5.096013251639039,66.23451900746261,7.374208551279542,0.9989023651738512,0.9024874529642548,177.46236923655556,0.43628739273644107,1
1.5126627621701974,8.423338803144983,3.64235472779296,8.568619930848682,3.127833308570582,62.867762786340016,1.6579320466659762,0.7038840091467116,1.4138706670862944,89.24971673768528,0.15163214830044197,0
3.005929659773293,7.4615491063933375,0.00026413466148400566,4.412504325061563,3.15155571751937,31.018499027817295,8.574417221940708,0.46510430759176946,1.8911692916723943,479.02362587212434,0.9979474614617586,0
3.7881279673827573,11.366839311084968,4.769604019233611,3.8439009630840197,5.624077823105953,56.77171474501875,6.262063575481961,0.16808734178261653,-0.9796111457604572,423.57490684693005,0.1880759328927074,0
2.6702886790417892,8.982688382972956,4.071043835273315,7.502683627233017,3.4393281283702346,5.0036092920733815,6.172607632126682,0.6388032317562674,0.2410343402804136,101.22556634416257,0.539803213812225,0
2.7148380684096995,10.335222110271513,4.519908482946427,9.137670205031718,2.252061562771242,74.8848240849499,9.22913748608823,0.6775313238424578,1.201963502283157,444.4694454428736,0.3013882291684724,1
1.8399372809808525,10.682647028456206,0.07821647653717068,7.573824157415158,4.402386814317801,46.27874264812797,2.6385492455256547,0.8347653347528216,1.4856778966230633,357.33022518341164,0.535205718567413,0
3.308478799575811,7.3929432934208075,4.669293978928697,2.3485510193594696,2.4992706761673706,51.52541480464996,2.547958661241527,0.35971916762742717,-0.8131421539507067,196.44850932287392,0.33968653439751567,0
1.5611312456725701,8.03586031924266,4.048942643440523,8.894246699633284,5.186384965631633,54.849456015432395,5.229296836010627,0.9832852724320867,1.0418435583923822,442.0627494868093,0.9020423085899115,0
1.9710377092127311,10.939302420843852,4.186095714793493,3.9370585076246476,4.56698577000423,47.102676291377506,7.558458052041679,0.4955191653825546,-0.1331838478030899,319.1099845018813,0.9699245159234166,0
2.2763093158492502,7.542787461730672,0.46643692360984257,5.804671176601549,5.498906020884833,69.25729156545974,4.58295894063939,0.36634937919354427,-0.7762091220006239,431.90142995047376,0.4395610685059889,0
2.522831136053365,10.55754593416296,3.6938901445929884,8.33121263099784,5.139348999130541,50.7276374113658,6.412135620945542,0.4136044006013121,0.46730774526400176,261.17056601926356,0.11668015854868247,0
1.7272291972452407,11.58694625802106,4.799583448210455,1.9651081972648732,2.4484545933527846,73.08199934303545,4.634742297382645,0.5676274476704114,-0.5255399703875621,275.29296807282236,0.6801692943782078,0
1.3445104742176106,9.362472611476049,3.392736707090803,7.866650343207776,3.524282705737689,48.67487166755067,6.181794368772294,0.9430314080564145,1.2110225541850541,180.95451323493026,0.4077942858460448,0
2.831860127324898,10.191391012163223,2.8528070231230322,6.002011699315707,5.0982409996583495,17.834181648542497,8.25817056561437,0.7616429181274604,1.2237853990983605,224.4617113751187,0.9866702231586058,0
1.8658916597207673,10.635681184287943,4.728148388744985,8.944082254093322,3.669365893065303,73.51719168794772,1.9686716216910485,0.6193986845174041,1.5262032949625284,305.4884311076996,0.1349060389906744,1
2.743714664267837,10.915277542276497,2.21468560867218,1.8025069782510754,5.889461939119913,56.12206237698326,7.0147096332586445,0.24652934918187563,0.13270605544325664,476.17665066887776,0.16317011866040462,0
1.4630881458226068,7.765373364997572,2.9964678315523936,4.264754146705191,4.942961799573797,57.44292458266671,7.9167722455141964,0.23441797980178453,-0.9600706083080691,320.05299198566064,0.7144519584772197,0
2.4434203055644526,5.358844214231987,2.381691467471831,8.34514661938169,2.061999666761284,78.91113129287012,4.581691793321468,0.5519772224322076,-0.22079218487656083,116.3201863011771,0.7707171222360717,1
2.5977682976547576,7.813133898657177,4.664231106801496,0.2903938642219257,5.519942766243346,10.639741565718436,3.367689055264972,0.7558378341414842,0.4034350985758306,53.14828346441902,0.4975415840760352,0
1.1554706104672807,9.716293608488629,0.3804236338275363,1.2107935309798643,2.4032191394742304,37.14444553213785,0.3327343744591404,0.7759109554795991,1.0820338382481514,432.94453497890595,0.31340137231812926,0
2.0098128345817616,8.152452700465549,2.505598504126741,9.906595606291674,2.5620948967203434,22.93215447399614,8.011629218874116,0.3033229454886326,0.14612175706022423,213.94644051476885,0.34431954667392967,0
1.4032440308169227,10.24274205602279,3.4347622069271915,2.8759023680444704,4.937969602444204,52.281984853524285,3.4137988585526835,0.19008956156252793,0.6081451882014142,191.7346728379248,0.37107431810020725,0
1.1901249114183032,7.498877006280647,3.9595326921111846,9.757877617867138,5.459874237721921,65.5108762811054,3.7016328001988925,0.4460148903284106,0.5727907623671507,410.3290053240719,0.26401789110930435,0
3.9698806971698355,9.443208987728207,2.915093237220682,1.9070623549858718,4.1453985115982235,77.47330316693095,3.4928603983683604,0.9263552889196668,-0.5050529519250503,475.4139345904259,0.8581104207399819,1
1.967061534924169,6.304938633977822,4.54458872060727,3.674834985772623,3.1561989317831167,39.094708021604006,5.087645441960914,0.590830527402444,0.8691485002400381,386.62028975838035,0.11182334717705764,0
3.4296233375639047,10.245586056514698,4.709957234419359,7.553407500585349,3.405262181012702,63.966367298195316,7.084495817546956,0.3880897901485969,0.31775518461619345,128.23129081014451,0.43691393287439884,0
1.7639219642912916,8.81987178169118,0.3215961159679176,6.612006231657967,3.371557318384224,73.77886940302847,7.764258683805007,0.39127390150520946,1.4237561049574792,226.120232115969,0.7602229875989428,1
3.044508166671788,6.428450719826204,2.011852697706872,5.85311175929765,3.306712415238049,56.249407440191355,4.047193059950952,0.21887834069996648,1.0718336243866995,391.72934859563327,0.05363420072439032,0
3.2806835796690597,7.043378214484651,0.11729510860577219,5.346001840469575,2.971638687286599,23.20494143373284,6.6983999434426575,0.5259013624955422,-0.6655924414073361,458.116616601758,0.884130890941882,0
2.7869162218235326,10.240260960072828,1.6470832868722147,8.450060392280928,4.435468378516932,50.58906133308435,7.26270565265889,0.8122264106633545,0.4662752301097055,499.3700287773471,0.7209785517603962,0
2.414728565650475,8.378208649630645,2.6843410898530107,2.425990772050588,5.601621274260269,77.74640358628899,3.1097898504383394,0.9717028223746071,1.1074830754825622,280.2024082121836,0.1197052589923646,1
2.2355227424418054,6.512220082751505,4.553974652549744,4.480462177235832,3.2283296523333647,79.0665371646174,1.1468904014635142,0.5514354999621779,-0.7389648225779721,420.13616825387743,0.9002467595447162,1
2.046604799628986,11.770898332592083,4.2327716123270145,1.6389776923489272,2.7467771898456483,53.17698677875836,8.967724062315732,0.2504934242584196,1.3774910976698944,70.98423924982283,0.512939742999277,0
3.7885874327434776,10.005875138718215,0.6374986333599286,5.999821797733973,5.354310665485699,71.52408184039919,6.835736523459611,0.7146553598225781,-0.3339864560668018,178.6211373897356,0.669627367195796,1
3.491858223363187,11.699943827778572,0.4651518737044785,2.58038980028607,4.967133323558813,20.02620228864521,6.551482006987657,0.7811122084707658,0.509254386421069,217.18103150637018,0.8879317057928998,0
3.8950807319995375,7.989735317522403,2.9463366937833353,3.4050364369995196,5.723348126239642,23.455895371416258,0.7772446490773843,0.16452977448079198,1.8216838624179084,488.9857303768523,0.8871042274549921,0
1.3728916704566343,8.325702384842042,2.6605898622939135,4.765382094572928,2.6620789424196385,76.46657096636447,8.215155963538479,0.8651252166681059,0.7140027044668518,51.527141696687245,0.43830691258212645,1
3.1926024256109327,11.285686513295135,1.3318882071501192,0.3650287984609657,2.577005256466366,15.142653162110593,5.747330729643322,0.8463901509962717,0.2721633551118421,188.60933199316688,0.2758050107736874,0
3.8150213704631133,8.675345381717692,4.497265422769176,1.0101855656162928,4.165717577219986,19.33298285701092,8.509267289712149,0.5252869486352062,-0.979615217802572,468.68551682580676,0.29455046712886784,0
1.5436991984969803,9.95095238333967,4.6368320473077675,6.890699285011374,4.457734619340381,36.54114493400388,9.750699600620262,0.6043802667542815,-0.5997591316777657,188.00520576980506,0.7776445070645415,0
1.1994888021003325,6.76521014246871,2.0130571917008133,4.3468028091033215,3.920693767438358,49.218821581501274,9.579583144626373,0.7420672573398273,0.7359916552939629,151.28004461655956,0.9329588429539334,0
3.223361947870177,8.127085280918484,4.451512785567601,8.661423197798964,4.395866545295502,50.28629142262037,8.589675594624033,0.7090733125565734,0.48147512196121456,378.53983014619257,0.11861913964796747,0
2.7234193395397357,5.864149060672486,1.9197444713148633,6.977252836077574,2.7215190755002854,26.898200649917328,0.3072842635474152,0.11488238037388816,0.09148752694049422,385.4025018499394,0.06426874167031306,0
3.5254863302748163,6.441860251138731,3.684084159148501,0.18019932230849223,3.9184550166563334,74.04604234627611,8.880126640722173,0.2101917734636372,1.769647656182352,262.48004719137884,0.8317883083991037,0
1.4193171298788685,5.006603906873417,2.3797110877386207,6.205452074594635,4.632370243758672,73.6324930705897,0.9356106755109259,0.24633150020312114,-0.002552387722177585,476.1128614394405,0.4172724730913554,1
3.3858019355796705,5.274855361540622,0.6129157825359149,1.0278761739911926,3.730825796994815,34.40510397892794,8.541700907732318,0.780108300164889,0.6114522693323199,141.21818579382884,0.31262678271025296,0
1.6048819601432336,11.840986762238504,4.639671006185107,7.831238479925893,4.717789343266391,37.57188270727229,2.945705872393912,0.4960752066031421,0.7061402285723903,461.03712529081884,0.22895515523504978,0
1.4909678285971135,6.696475865957336,2.270482966887683,9.91592611395717,3.8047651222153585,57.68728376179339,6.178669717627003,0.5909523637481426,0.5824051701917679,389.97863443638306,0.37915657933683233,0
1.4927973937929788,9.643174966528013,3.6724352016120183,5.358868062990964,3.334398323369109,54.72469222991756,0.5730686652688208,0.7954186932059357,0.4327561746202977,215.69375338432133,0.9728946848141075,0
3.4437241606941464,10.873697891597281,1.8358690721564608,6.85951705192189,3.2144201883483694,33.67227612207218,7.757580621958636,0.4068840421576817,0.011191208035724376,413.10887887551826,0.978225785816512,0
2.9955916620886005,8.85462321465595,0.0944043928811733,2.4494101928580405,3.643608235954352,36.06831886407525,1.2947199978831208,0.7740012045868958,1.7262908991188586,109.94097938618924,0.36493785022886915,0
2.569196274307358,6.072011500587694,0.5026517934591795,4.4322176631625565,2.0923584907288033,31.102920756615422,4.224744082422565,0.49806934716660367,0.3524097852774344,108.94212193695228,0.9655056123746595,0
2.0764914523705076,10.096815061353166,2.4810973974496218,8.575343789140199,4.674100553784455,22.65387552149809,8.210970822787953,0.4394621689967859,0.585346602038227,468.47174146133267,0.33487027725263613,0
3.631601622439325,9.201759870697082,3.449821785631812,1.7574871826878873,5.380422563921048,39.36037721931048,7.014420165781685,0.3997335376492661,0.9694339514907266,92.65122853043526,0.8617570405037189,0
2.177335322267906,10.118754125431625,1.6736766328963952,2.728802495576245,3.4185083777724743,56.48255989269053,0.25921842920905575,0.9684503339431446,-0.797031872705396,51.8358230822321,0.2514039986970216,0
3.4497983184147314,10.38822635999961,3.4774422958882516,4.509793385331698,2.1841325445668742,60.64750289857197,4.149716878516979,0.794776069638081,1.3438644243897357,225.0637212132059,0.8351632089533914,0
2.3174047257106554,11.827872573793215,3.49317794715978,7.151264029255739,5.947102389542231,63.415523619197195,0.6108896662521788,0.11817634669617644,0.5375219302581067,96.7329384944575,0.3860438776793242,0
2.1308332882747227,9.01494296018697,3.5196795366391544,3.821251152477171,3.054793021804268,33.104901008984115,6.800298636020998,0.9616739378663816,0.9715308075349005,438.36642195991294,0.23593734394580368,0
2.3880393570088194,7.391487788834213,2.462609270102542,9.284549569851738,2.506484486763092,62.34769957137302,9.69569521918255,0.797895666754006,1.316036196241074,465.2120810493198,0.9380409120524493,0
1.9041336224924263,9.53925189830166,4.57443075060752,1.0351248075603199,3.4790100318921118,5.488723676890645,6.621560370547441,0.23425724300883002,1.622298172292644,267.0918639603857,0.25347511580723636,0
3.2428281405287533,5.479084964698383,2.445982589903078,3.7709615556939906,4.954228162534227,40.77874532876616,2.398849824952047,0.16870431287018542,0.17666125085879303,241.46218985451662,0.9922434644712796,0
2.5081611702774373,11.281781228251104,2.251325967483191,7.118645821941377,3.175666387562263,64.54283000995181,3.6812837142520936,0.37737468429350807,1.434289678046765,292.5676746248414,0.15314519776906532,1
1.696638085440452,5.8356670793673775,0.9969040950531349,2.3372689800487754,4.298812815677952,52.2533540481015,9.771175445452984,0.6617633764114556,-0.22348931330229482,151.7875811802438,0.059519744220696925,0
3.6987237198237053,7.294899865200728,1.5382754367816824,6.598490028873762,3.662239977748569,40.55473431158808,2.395713637917031,0.6548920202345206,0.981006952872099,184.0846376391512,0.8772538687732289,0
2.151673664119634,10.710217664382846,0.21167246259151673,1.725747886450725,2.471055969106474,53.34815049547619,5.702984915933539,0.34826511263429843,-0.6918780979610818,95.43972671780216,0.6072741878930571,0
2.630658583341966,9.181186648314982,3.167676468080851,0.6542048201306951,3.321148049968441,73.02095023614979,4.124447325081099,0.501107480791676,-0.9399085977277744,250.9025410001135,0.45054498697128,1
3.719416332893641,7.7554486419420945,1.2426787196354643,1.2980555958116238,4.899482022856267,47.47863504576555,7.729489919696572,0.2907011401423619,-0.7127106216620809,325.26123014014667,0.1278657292554895,0
2.8727139877419763,8.31404961562515,1.5207762724273255,9.306849353027934,4.448015589325783,64.98396435950797,8.700414865402895,0.14552081665006372,-0.04185254031257257,468.6006804762209,0.5961479044326092,0
1.350694122125092,10.981831752415262,3.854072608321606,5.562333741101558,2.479113519534244,78.55570439188982,3.5402052886329085,0.5652734206841908,-0.9067161585260072,382.5829267820412,0.4240393059741045,1
3.8194963708404255,7.380030702419245,1.6361059158072693,7.983823177248525,2.6532896388572342,57.917615155667505,6.67188436425395,0.41229202082683425,0.8914738165617875,375.378680098934,0.5094408173392486,0
2.883124159214254,11.0875477936852,1.2109794600657109,3.3932795589600073,4.562933437229782,47.99943229167977,5.580667435673728,0.588594189068137,-0.05036638485320555,188.59953294234597,0.648872268332098,0
2.0047168439712584,5.61694101683684,0.8452887456685287,5.967320614065922,5.253661657283475,7.81144603440052,2.9287560025432473,0.9518565902234065,1.2091282031428938,449.73198387952004,0.657936925349035,0
1.4178162179901617,10.437589060460414,3.8742920109097794,5.000026123679416,3.397897983832677,33.08584236909407,2.8650198675674172,0.229033280525789,-0.8622545911911831,476.130063505999,0.9625692792853874,0
3.382075567810888,10.932833431383155,0.6485312899501344,9.46280579808271,4.381243007373801,47.408205013633875,5.47859014581658,0.1017658164798598,-0.3498953003575055,469.5183214439167,0.6723007427673775,0
2.8602182677855406,6.2727235698613715,2.2687688012517677,7.500988896935692,2.682574355008421,64.79049287795243,1.709228160616538,0.16919039195391267,0.22401027598909584,67.46136193597327,0.3724339331731193,0
2.6003832759289645,8.012425726605404,2.5346505803859722,7.332372051816132,3.2455053476212954,37.85785922356822,8.145936985528222,0.5164374664914662,0.14795468688213886,321.9577863368097,0.3631511863768245,0
3.6816777491528727,6.158498422645589,3.436949563428573,0.5588973673993674,2.0810808226922104,77.004370682358,0.8762474241639397,0.7362388268220912,-0.6070039814909786,339.45129757638273,0.5033029052622697,1
3.3657916336735925,9.946228902959525,3.1664174116649773,5.541729723136542,5.07310379119809,25.38453144677562,1.1268299648415,0.6226872429854701,1.982410440744971,182.7793220974266,0.2963613148747739,0
1.4550246391982535,8.747434376431597,4.053603364725874,4.723215393627966,3.604039279091867,60.84253964077374,3.5538178274872227,0.5454051466363723,-0.14668125749849226,496.5854824210684,0.40761702921997445,0
1.9351662033866446,9.447263426958248,0.22375716963119074,9.285638439401326,5.2645022946158155,36.427356281309564,1.357299230331907,0.4185668179831712,1.1630962539543894,181.0343564683515,0.8500071333333421,0
1.7454674194433972,6.375408768693478,1.482203623896986,2.6476856830763693,4.833491984090905,41.44913709244294,4.861860208303827,0.3789767543783509,-0.3399199083648454,147.4752461814751,0.8667735227238373,0
3.231838877718031,6.482221034366937,1.4006705938768986,2.7713511875818337,5.314977062913908,65.18765253990802,4.116823726330329,0.4386575575944821,1.633553632178252,267.86554269943633,0.6464028542903233,1
1.100597304207338,5.290481278569344,0.7300845279605411,4.172327863926854,3.142634678331531,27.216144623877916,7.273735999680028,0.6504714586081641,0.16327493044907726,195.41632089665455,0.6036988948943792,0
2.7096690546139497,7.254472746370109,1.4458912692822157,2.509360162723123,2.740434921711381,12.260904244635736,9.539440721055259,0.2509785602789826,1.7027074669673135,465.8132569414749,0.4557448401468527,0
3.2873760572220716,8.918212629335724,1.548826570714517,1.3789207863066202,5.887622730606682,44.019168846007034,7.584874130443435,0.7942258747491632,0.02550475890191306,248.03452909164776,0.6541039697904043,0
3.6302969102852485,11.005544397981302,2.6094223096373916,8.588406981842928,4.869311148163478,44.659595885281156,1.9585968962299227,0.6177279160837993,-0.9740685355092596,234.56729960266253,0.8157506784449154,0
2.0262452461477225,9.668492132210766,3.3185223946312803,5.626937591598766,5.336169071706681,64.78758291690303,9.36810859755115,0.3422407398502849,0.5510612932353842,331.63795854882505,0.7509547050135313,0
3.4637719140160383,8.04777426379826,1.9055025680590703,8.627490917670011,2.052533494839735,77.62394046740764,4.042907639020059,0.5510376665301554,0.5743638084532892,86.50160206300552,0.08368653989380162,1
1.3318952108656217,11.671840800758964,3.597351156566906,8.32823417749659,3.4178464811835463,9.14755147462613,4.847055737083747,0.9665008189166497,-0.6404974516340933,390.52982606743484,0.7445734986753518,0
3.5393568752035547,10.034716404030823,1.6808266928978999,2.892219312417744,4.971266762309327,49.37671053073316,4.331447126232229,0.11844237623067463,-0.29510927974212275,395.77946981219213,0.7339502838162516,0
1.3824659869959472,11.51115642003785,1.4514183865738017,5.5226006988103125,2.3119313319599333,56.09588977360999,2.949360828219646,0.2795703768111063,1.350486772944048,263.31162562745044,0.1440410098542675,0
2.191861871681102,8.693115812905159,2.7059402792851217,0.9238552571266975,4.269359718275743,78.93510130613913,8.971434020415343,0.5035422159129502,-0.8897325261140223,480.0640734501927,0.19273499635966984,1
3.391886097338661,6.812329923551977,0.11858180152895303,9.160993651904509,3.716291069820013,75.69426607076836,3.455940885786838,0.6745957496018453,0.46858006006004205,310.7025998580865,0.7985130856213106,1
1.4497522820463213,5.369786804553054,0.39894561817000185,4.102200879145015,2.070466028564429,58.433807353398315,5.870245402859555,0.2910054396569367,0.5912243702406883,362.8564044102459,0.5810400993342718,0
1.6877541856979246,10.082593960386953,2.0898477179326354,3.9973942205013118,2.9439023084778055,44.13420584333494,2.5523291268684365,0.9382635535385766,1.0661361820283721,465.9552299763956,0.8305475410563792,0
3.166757705179199,5.849120986038739,4.714563556958782,3.097278169117737,3.139167956266857,17.114294172444595,8.014278672747768,0.678314811182178,-0.8876311977995944,349.85540454115653,0.22550692816068446,0
3.160109609638223,7.119425897903771,3.607558899217118,4.6605710726359675,2.44743978538529,33.813241640331306,7.787146863386029,0.8896887540607874,0.7569389812713918,244.3217034764962,0.07908402647102,0
2.923442898655892,8.727296355187281,0.44063284750278875,2.5924179267999357,4.526147638970642,48.88417437928658,3.103858956781031,0.3963861372252867,-0.9907058902654504,61.147029034916756,0.2038446669376197,0
3.0818453334013,8.950916114458234,4.231590063904369,3.811037500688365,2.969591505007556,59.390029744681534,6.879229916805846,0.8460585408759665,-0.20446489813242807,377.7346920343142,0.47994154301886816,0
2.6281733300427885,9.204082378909952,3.661503853040905,8.01947578099033,3.1104779984775535,52.654966810933416,7.097960624330508,0.44039729520950166,0.4990527659494437,484.18970522047033,0.5471281178294065,0
1.7553971767208583,6.163787312447905,3.054732628513266,8.3591294854932,5.592954392800589,58.55921013708059,5.712611877826709,0.32747659521508443,1.7338440122768515,261.6058055911972,0.8648160659500334,0
2.0370879805117585,7.658161833751541,4.101464803045887,3.11140652852231,3.868492370772558,37.186437841392326,6.085864146262368,0.9204898052474138,-0.6202305519833937,202.89588700471887,0.7303905033594604,0
1.544793150404277,9.320359589818768,2.0205492387147856,4.7432428624726,3.5685125878770894,59.57204679282568,5.8296554552497994,0.18299662811096912,-0.49213261299017474,283.66674188620027,0.9908711085026257,0
3.725351684000885,11.788732052436494,1.1075052542692636,8.750815785172517,4.895484153258868,15.78059420147894,1.0022711591494873,0.9485999164507638,1.007750193151483,377.79674255809664,0.1247836118065957,0
2.7501753842983616,10.09341796389782,2.560116945543797,0.6214659851140016,5.638455187531648,17.193973382233516,6.768600378195093,0.5126636852808449,0.12458508146719671,50.31071351692218,0.17371001891292526,0
2.2025542502909197,11.458226299657705,2.744208777967369,8.902535123758275,2.1001453449497753,17.21241093720971,4.803795096419175,0.9933629261372755,0.8702642057686152,449.2452752293341,0.13013781412954117,0
2.386017410932398,10.335484408199239,2.6916318600495606,2.269925021958084,3.792955386221586,71.81487177768321,4.496881349305853,0.585635188361526,1.9923625014028015,448.86328685524484,0.5615351442492309,0
3.841850018835446,9.142018782246803,2.8253689574005265,6.817538517722321,4.4431254243117895,10.702554748147588,8.627992344061648,0.7817393548740728,1.960614984046562,293.584070123919,0.30351773226600964,0
1.4600542093482405,6.344163583954412,4.743524591195904,5.8672617942075425,3.2742523925039584,65.1131279550107,0.42762179191895355,0.1063639147042036,0.06114073848326429,105.07044477902357,0.6994512930922495,0
2.758689496050392,9.666799563247592,4.511228115481157,5.574113407073596,5.089630888492967,22.517817353505286,2.662886195995801,0.5470001379641487,0.5117760614744977,352.31260757612955,0.1760563440338226,0
2.517666036653398,9.36365696171935,4.378585182794697,8.607666225052931,5.885908281081095,40.1322455371438,1.3897542984589142,0.7637081244563038,1.71407047588818,112.03054833349101,0.14803182958402,0
2.8343627063039434,9.217284193200864,4.007084054543136,1.1055642220821467,5.773709465001133,73.69674465992586,0.5463422371753124,0.8045443179626042,-0.7234970127743273,278.3962181447063,0.4871571964933004,1
1.0543305514625216,8.428501075917685,4.7171405363264265,3.535577450723797,3.0639301575197675,48.945292226563005,2.901634577224286,0.24224372434143826,0.35691171151054113,92.13348739150265,0.40710343560015766,0
3.6163717268324547,8.70059622792493,0.49247320839701625,5.42870218881318,2.905353113749944,20.758826467426893,9.887067473387841,0.47707385534450075,0.13273204494937696,315.07940223387556,0.8377066701953441,0
3.796354847450837,7.341097689826729,1.3256163072286975,8.131759654065794,5.829962124084885,26.306754523910534,2.8482458974342233,0.4771647623074049,-0.11535168201700818,193.1311963030943,0.8456763712908487,0
2.6953995507676267,8.635188848496123,2.475279728272924,2.242786525775548,3.8345139497258636,74.03349679218393,6.70431703399856,0.1932767276491503,1.9826126357670448,423.94613663187624,0.16155723447980141,1
3.089952471630677,6.382891339749348,4.232672465617026,8.049005429605335,2.833190892338767,37.03579438324837,1.3593291223990704,0.49874095692232,1.2006478819171336,409.9757567937867,0.8217066408499433,0
3.767498143531887,10.636220781522638,2.5258285576136625,4.056420976689964,4.827987854521673,49.02391122550921,6.098106774462854,0.8263836628264049,0.16624097717876607,499.31324396349845,0.5859567332596901,0
3.121715902940196,6.300438682890954,3.7401736967079433,1.9702471786935847,3.1376812956151663,39.49491474690416,9.84791853475547,0.3701626638570883,1.4870656749962574,165.87642861696418,0.528380360182865,0
1.457617128742784,5.594764029226265,0.6947995262445811,7.613965760390478,3.0689879002842093,33.38285660363372,3.0600077299125603,0.48931706970449484,0.46899830213617055,77.81049175081115,0.140025207432384,0
2.7288650805004395,8.053722184500101,1.2620690648828008,0.9998991245980234,5.5169961723111385,21.745934519930145,8.511141040480712,0.9648628165559284,1.6184732371035762,249.35146931698017,0.7526492305448546,0
2.8201451391485675,9.608152076542433,3.658880475188362,5.196197003346885,2.6499166135076138,56.464362536345156,9.976199527592048,0.128537268302406,-0.2008604631082649,87.53150073495686,0.10665209327752623,0
2.272392013907158,8.06401777453479,0.8236700444386202,0.7323702602326952,2.2575717858649456,58.86815197040903,5.967830069463291,0.6323695911058201,-0.32919931783880374,130.32487177959342,0.3138071811671199,0
3.2093327068741684,6.937278923659161,1.7567796732746337,3.6285367660620973,3.076745760686749,25.61638187055496,3.232130784194747,0.7690924825998662,-0.2581399562576573,318.7850636126986,0.14065995802582193,0
3.8031010443070445,8.907198287233085,1.3243312890678571,6.050660310163287,4.427781651352815,64.17581322911228,6.8006063470117315,0.7847941906280606,0.6154417283751572,316.45888310493433,0.5542292293488775,0
3.776705538720329,7.429016347885399,1.7493084711123923,5.60554386072341,2.492351413613082,69.09014002262596,8.479512421432464,0.7443442223956399,-0.12605982653459602,69.49736497836066,0.6629685557741126,0
2.3525181142123963,11.530073830886431,3.5416202453898515,4.106088637256199,3.886378689107175,74.05063221797228,1.8792323810273877,0.7538062991215927,-0.5586409475608477,249.3071381382254,0.8963123891564035,1
1.3397141375222659,11.458515977225005,1.839235905714005,4.347575140323945,4.509348441701279,17.090931043877745,4.634654485646243,0.1531113991057449,1.983883755517196,288.59841179025875,0.7471783249464503,0
3.954523596887004,8.516602739804668,2.7763166130397012,2.345018578172589,5.394947970372696,27.794276270994978,3.3280395592136416,0.5807229572226995,1.7012996823242301,170.610907018994,0.9630491789680784,0
3.516694259337802,7.295187958127809,0.49965938527204823,4.613237625398619,2.9194783648090175,69.52650106277717,2.976918170231323,0.8046721644915305,0.905037312479239,442.4194318439723,0.772902341240223,1
1.3739880436098004,10.159926897696474,4.025088466173139,9.537223071636259,5.269385293531158,19.890515212092048,8.636048355253692,0.18465854413359664,1.6746286217718378,122.49439144088986,0.3331694481278291,0
3.762525647852117,5.256990604381467,1.8494431282406243,8.519483886059525,2.9396250445249543,5.260134443262153,4.332209266854018,0.11084493014818109,1.8063882125234567,164.2558122527965,0.5702055700350073,0
3.6096890861863846,8.323383042305558,3.2426707951667124,1.5378054038558038,4.707066164958562,70.31204826887259,3.5229481496783457,0.8331056484396923,1.0283248755975065,120.64748676473886,0.48504265735401497,1
2.5565141713782165,7.354263759892335,3.626948008309163,0.3948297944771172,3.7226942859298204,29.483708131352703,6.1144033059749345,0.7410649488098403,0.5560393360739246,102.44598524175115,0.5876702874554772,0
2.7738263072347875,11.443751195717883,1.0483046105585019,9.341890695894643,2.4587249695146807,36.08731438542125,2.350135480446337,0.47098577522299834,1.6460053766440317,445.5406328032067,0.5934848724417727,0
2.1970081116103906,5.084021190908778,4.423374924766749,5.314822523819402,4.857053851287395,38.475051929047844,2.452956207567174,0.9463567893167547,0.7033909907387286,175.03662428149184,0.7169960311955749,0
1.164284916466094,8.869704130028444,3.0811212580347647,5.424594449178146,2.871050474196071,68.62059505004214,5.298829562540746,0.7899382851863241,-0.619598371438378,375.1358087605353,0.1288916239132861,0
2.0055917249377027,10.184645067466382,2.1436257087574075,7.829108157494571,2.706493704098366,30.34191084450953,4.210872740732605,0.9710748474459197,0.1005680013725172,242.5920618763624,0.7594078724376637,0
3.4085603457940343,8.395125912668288,0.9116759178910977,3.215420841326133,3.4332917143575328,71.92099143923613,3.09082736243878,0.9363837335927205,0.33776285520613114,336.14306633026257,0.18655643257159438,1
1.0138960690138086,5.597821211139052,4.711504689506033,4.8708849314764215,4.613160979037934,51.2704353536036,0.7287210962862016,0.5331642426813764,1.8061070484067865,467.6792882774942,0.07489693967401477,0
2.0004975150734325,11.807229730195315,3.7753410206581255,9.689762840152701,2.935985915162511,44.54650430252632,5.303587538657512,0.7792380807792094,0.9775564169174671,430.07354016946226,0.5429602648633891,0
2.19450608077283,8.626073019632685,1.0401228136662444,6.754272000630831,2.734646155127543,29.42108803455968,8.202770214890535,0.7022722499268751,1.6258326883876721,81.04387658910703,0.602403112629087,0
2.6121868088137687,9.29930371023308,1.6885538736211225,1.622075816758281,2.0398145028534573,23.278377221088938,8.543496611803366,0.8303006890832423,1.2727751025198089,430.34114087564797,0.08310851661117749,0
3.7595668492382814,6.656268478952551,4.048371290440366,1.418944805045098,3.8865723884068943,51.804383208301154,2.5073118013155864,0.8089195620258928,-0.07041734043195114,253.3205818763137,0.5396025590410218,0
2.0390379830978835,8.384486595747626,3.478388316076695,2.1222211074967534,3.714582277260731,38.51706200424321,6.076483798685386,0.2379087730299041,1.1561269791925497,207.56557709594838,0.5578416979471981,0
2.040859605688683,8.004046443708253,3.828921463578622,7.690445576765104,2.935470974549505,73.28870074490047,8.587636832736816,0.3103619786276917,-0.41410079222837615,352.5745664577328,0.09987015620173208,0
3.2125037443292452,5.5242708940138865,2.206005511064662,3.0242323380220992,2.214608656038763,41.87290370855373,4.205514097107395,0.3391584194598106,0.224437435152403,477.5935428946616,0.7260060208589422,0
2.3566538226694216,5.743122474832271,3.5823813132108344,0.3117495820832899,3.7170234983833477,43.38461875258933,9.33494080961378,0.8366487032953095,1.4182755714677961,92.36097391466186,0.24977521669516795,0
1.6738144688199459,10.862307637331423,1.9324686143195686,9.447326198706053,5.152820444286525,36.25424608520006,9.049189585469618,0.82966753353627,0.8357874857456848,395.6346636126076,0.8047362531340312,0
2.35731854839808,6.678739665446132,1.0563145846909823,1.7801628223096158,4.8611285253087075,64.19472477434638,2.239712194704332,0.545801812245498,1.4762375178578448,141.57861384107994,0.34528102330989735,0
1.4225710611393996,6.364707900490414,3.1633851742068,0.19462604286587898,5.443179559440681,36.862939858195276,2.7378553624219975,0.622749033326729,-0.23588925294984608,221.06125527214948,0.503997904891006,0
1.52916095951867,8.534380158750974,4.880069627993971,2.4476028635948976,2.0383307508526225,25.20064998123162,1.9683315867304951,0.8442299376715598,1.2492464972818849,443.22035731846245,0.8972583354479237,0
2.4951033182184394,10.38122991953759,1.553004856976648,2.4267849924695235,5.865677267218394,69.65231557201324,2.1213326442560825,0.3813342406099689,-0.39302691567449044,295.60963280555274,0.8158704935099202,1
2.2567763485136436,5.433625630052916,2.3048479610626984,4.277851983372658,3.3656490105097934,49.76211660239302,9.09704845430028,0.14516089922472697,0.6359125171940216,80.35549157769182,0.7927703996561825,0
3.7445377032043003,9.03765543746779,3.370006855349268,9.211859331850365,5.961591184367859,49.36326648267513,9.325151510087705,0.5343367944512505,0.30060378336329396,278.62184756153226,0.20241248773465048,0
2.0871816973498993,5.834473099884013,2.7075314106124395,8.80393068601307,3.0104778424070986,50.81166553729449,0.7085929636142834,0.9223454294638046,0.6694275733124209,405.3388557386409,0.09573526736462835,0
2.7417650508341302,5.255227355779329,4.217138978545246,4.623256094326036,3.886145550312979,58.912981115425005,6.017312885587607,0.8114214348640656,-0.5933997279151825,287.996264494517,0.625471003146574,0
2.8967928637585914,5.369207665135522,3.8087135323475794,4.167909059418884,3.4157107063012146,28.480099198442513,5.729469316004202,0.4299555727976372,0.08368362653903505,125.10015754057352,0.4401570603644054,0
1.039283369765001,10.839148757459089,0.2914860193117852,5.594589956101027,3.4230428599772105,7.538327812475213,4.027366937899707,0.15829422443455304,1.000711492598521,250.26848377588934,0.9136234126089503,0
2.9906121160501318,5.8258073853964305,4.99210616961887,2.510194718520481,5.369128394992863,65.79448706577571,6.390636409666449,0.673227554844259,0.675592382243082,465.95541561784216,0.3821136003849468,0
1.5341079006092544,5.3160595508860435,3.7620122685973363,0.616631420466992,4.985675758949355,14.667879041122806,9.484204690006331,0.8510417162834681,0.646909276735459,346.19179554235086,0.4400209334480262,0
3.8832109524083656,8.065299210000386,4.319516581470566,9.398318948094946,5.968605740920193,59.136480290790814,1.8684978506770327,0.6984537098091746,0.5324903363937632,378.4489279288652,0.5497005158964735,1
1.4459881832593389,10.907954303594174,3.255988560476732,1.9483199502840103,4.4540587308700506,11.173647371549656,1.3800269152212652,0.4825671982867178,1.831654730116635,403.67142835225263,0.8065806323505064,0
2.2438723711810713,6.836858635425114,4.281425640233811,2.0641672195325924,3.8530264175780107,33.14808815213691,0.5272275941239617,0.2110182518611642,1.8037090938192026,90.81204088700068,0.30488410139576233,0
1.2560490042359316,7.951988322681414,0.5619148746435471,4.777357255654081,2.3602954517875645,9.726955237365368,3.765566416833406,0.9196968197236194,0.0804349183948827,311.6914516714837,0.9447296243042554,0
3.990622755537842,5.279457727946259,1.7386891777965778,4.966972113919274,5.986245678055427,44.166025972079346,3.5087590753630873,0.3483624931780447,0.055685034752614326,219.16183693338863,0.5629250570854613,0
2.506585030993728,8.14354959894413,4.382104718022464,0.28249867603734524,4.206122611729132,53.98518295861813,4.422032943954711,0.3018583328436634,0.6646953697191833,112.6216236524437,0.8489283981156888,0
2.7861550519601312,9.043291564459935,1.008276056334461,1.56475191386231,4.801909878760567,17.85748558836412,5.1324383026333,0.8343789990486887,-0.7131811475823766,141.21930123681074,0.5493375592832178,0
1.2012294321652823,8.996349376265012,0.39121049290011367,3.8437327037513436,3.6269695487652456,32.87207138288016,7.626675141498456,0.9830979448514713,-0.0909798976974523,401.5222131761305,0.7833935359530126,0
3.249881411197533,7.326986845220556,3.9405946997260948,6.868933865754337,4.1908628327169435,74.76796182822902,4.04271122648368,0.6941442328702844,-0.3073973025964818,122.67009738039775,0.09884971486007994,1
1.6297167792867573,7.208732264641949,4.177430778216481,2.361342722636165,5.770310927571549,38.17918378305926,3.4400084717400894,0.6623294401220955,-0.32983099499071455,190.5883732497737,0.809251857598863,0
3.6941628683221412,5.746365332556185,0.813261090949503,4.28784301779345,2.665677751726411,65.19076767324175,8.303412438544344,0.3874877822989563,0.9155165776858036,178.19300221838665,0.5477614583194452,0
1.6154189214460215,7.567588244523879,4.271729913913577,5.617716140693021,3.1694903373210184,74.53885587951568,8.528007372405833,0.11837210561661642,0.15305100303244812,71.88366376155544,0.4769448087772534,1
1.5720631619909997,5.696462682110752,3.433838977985848,8.897065696770591,2.6082389111121294,78.07593687329648,2.4811064500748614,0.2726180792404387,-0.4865068757250812,257.97130215771136,0.1560291832812745,1
1.1096490035442845,10.366171612984362,2.6004134160829198,3.328097973038521,5.168863615219099,72.37415147685269,3.283783862570822,0.6259873929009147,1.6627155349632785,394.6684289761439,0.7544844119630874,0
2.416200835329998,11.763920084237302,4.151250963906925,1.422226832048487,2.2481810416873182,28.805399686922684,8.286140434918865,0.236184815634441,1.6224460638133826,59.96868473700485,0.1746054698789319,0
2.6945233997878493,11.790521196666948,2.096246246594829,4.943795036386321,2.3265265994053532,77.19296646208947,0.9782007941180955,0.8954522262381944,1.5873887705967054,100.64815271595324,0.23270192216379343,1
1.197125918285057,11.055497695627757,0.9699697811169861,7.4925438566722145,3.193976451149475,65.92964313095352,3.3932984478292316,0.2693302190675967,0.1722348267733782,374.08400581890555,0.1701020929241659,0
3.326582850085032,9.205545045377335,1.4242633830530682,1.1876115948220611,4.0567527236840455,67.78816877296158,4.59383104900044,0.5698940077107114,-0.8290526394686428,317.1114458028111,0.05624682732797337,0
2.3598665042440827,9.90605988070716,2.5258200914665743,4.3043665677999075,3.625099202238346,6.137973812887608,2.0333018289655964,0.5608119211919155,-0.6797739463166919,371.8614263219069,0.6788180910638244,0
2.57317080798274,6.9964406187628985,2.6566539633658786,0.27607289849858596,2.179265242683229,76.56791474887203,1.9631591267848423,0.6435510671166854,-0.17185576068610242,153.54677969471234,0.30730184253302617,1
2.3222882408146845,9.415392941208346,4.027904132206168,0.4322358983077863,5.829966231483806,63.356766788655555,4.363648168532582,0.3946906627462351,-0.3400899876740361,411.6959524838322,0.19199693623126118,0
2.202289182625978,8.189546846079143,3.956763618261672,4.881238295844989,5.811478081432335,62.5975622380925,7.594312902401587,0.8861807809587838,1.621956860446506,265.9419770496245,0.353973858388616,0
2.6789209939246534,8.374121378438527,2.9068327860228744,3.0521532516942016,3.1174252929630395,11.11435481964397,8.43428319956675,0.4998713823775627,1.9590745411677783,324.6358883804857,0.5241304569693434,0
1.4657207377921375,10.304435922626105,3.903927416827382,8.46656226015358,4.926102461074326,22.442640580499845,9.796503906854499,0.7301382208629166,1.450020986995407,91.46903774037631,0.5282418948400718,0
1.5457843914858134,6.973428489180762,0.9588672914683549,6.061327630651897,4.314301645532895,77.16962488534243,0.9250436908988466,0.6723197748700328,1.1895467082475655,142.2642125119196,0.39883620791536145,1
3.585356863040552,7.226277281861639,0.2503226354664717,4.593936321255605,2.9499067800224963,42.55078061041072,2.3234855712307287,0.20544047480773295,0.7658724197819426,398.0110467246387,0.5201856574893575,0
3.8383463864008984,11.472492537900457,4.368169113173501,4.138560173437534,3.0486862069664618,34.83935136779421,7.614972455365138,0.6603754174323503,1.3097248975396183,150.75879853495033,0.4559743849052444,0
2.119927948839259,5.393570063956806,0.37777246881384785,5.022730253876676,3.964612697241802,67.99556128601853,5.497867319345486,0.5956324101829864,1.8410999365771725,91.6384223846564,0.8315319846352615,0
1.8122340194306612,8.399440088893382,1.2334421487199865,0.5003444290053473,3.6769477659894405,11.550531058545825,3.411261784831699,0.9087436569303153,0.8040340097212431,318.74147701344515,0.07813326911662286,0
2.9319986297170475,11.389605602855031,3.476594748121923,8.938654228564534,3.164917312925057,36.27065122032945,2.214778680222987,0.892788972836413,-0.5361602679404983,296.57143227277976,0.8746286266568946,0
2.226202513294289,9.2725410547271,2.0472396881365458,9.983201241766187,5.230046385220596,33.17755808165627,2.9486800060959912,0.23585930867048174,-0.5084250481938409,323.55226804248184,0.2817194928946941,0
1.0761590669810346,8.824849519484925,4.381569849577544,1.8967225361011169,3.9258516705495397,31.23885402727946,4.40703171294933,0.1735166310279469,0.7515884093857585,328.2374733633911,0.735693104284438,0
1.468457792098571,6.748209254605486,1.4898989733113477,1.2917913512687356,4.619392249556512,28.076918273980485,1.936081951159121,0.3651329972897819,0.00040561935442351427,275.08880563902665,0.43478763552348054,0
3.1479166865421924,7.402928423451138,0.059356733346796475,1.521416888141093,2.757094000671502,20.755621759255853,9.649414367592156,0.9879515710158778,1.730742125734908,272.1982642558951,0.32961631627954674,0
2.976771825730454,10.96433891063285,1.5032782028037206,6.6441678765202346,4.134030650065947,17.968310224289162,1.2543667570787689,0.11941639876568508,0.8349270015079169,465.8745043802581,0.6345800043498903,0
1.0812879775104505,8.914526922379206,2.890375245924158,6.64826430066267,3.271904197786486,53.030458768975556,9.858658857994348,0.7056030156155891,1.029477840270081,290.2467761958831,0.7804401979199491,0
1.6659164857988484,8.603195356297459,1.8796918770164668,8.494449206556268,4.105654441579513,73.95461309065088,8.450554202806591,0.6476623604568794,-0.9825378696972923,327.78509108623643,0.4774396304484235,1
1.693224389764214,5.697057994780202,2.674363778793776,7.543081245419907,5.123303333643713,43.16387339374111,4.346885851634643,0.6819204524120351,0.49654565618786917,170.13622637243506,0.4932261509122069,0
3.015678230796185,5.112197095185862,4.3829905941750935,4.551927766356463,5.075652840365047,27.34809142599832,7.45020007700446,0.29645730079366733,0.29349416416673524,441.991940360986,0.10591366052929549,0
1.0591316132630926,11.745796320809344,4.5624252711518425,6.167268079496656,3.4168827121371037,16.937014829166976,6.780849388224584,0.30404561121986495,1.1176155703025987,60.96564169662343,0.9277961815964516,0
1.3123257459537214,7.638903171007891,1.3298703232705607,6.914018236643278,4.7771084683185565,67.26075237894457,2.290211795899524,0.48757787395644214,0.14791598100009695,300.7520430339985,0.8545518616239459,0
3.399748256119568,9.22249143469653,2.3107023663495037,5.176091055823729,5.7651598015771075,77.86190423549104,3.5228868439656753,0.18627202636026072,1.929725095661487,222.7326328391489,0.4280931481653139,1
1.5356339861630008,5.558005512310995,2.745720076207256,4.8089447460712025,4.502677319699625,31.18665511008889,5.228601115493488,0.16715188811704618,1.0106095446692054,321.7568880022146,0.7767030825025305,0
2.958238323555624,9.781800000061326,4.7455622844412355,6.486464711862267,2.5936404935305486,26.821281916409667,6.450872962899724,0.17952350813748746,0.9797549994277683,212.07742239712107,0.3476152169230362,0
1.7145483431401796,11.527966960941725,4.993086595821923,5.618998034858972,4.718834517116381,50.1119714731206,5.520370817294891,0.615681254175632,1.758023434273948,372.9595602729411,0.7439007033621361,0
1.2983241782780355,9.029656770981937,1.1770362442076332,6.475028822825513,2.4196175453972453,63.14967357150693,4.835277117863444,0.45796767120810444,1.985614501695037,59.14914933804387,0.5408571307358573,0
1.7295165729983624,5.882807256627874,3.6348993567290773,6.167262262237302,5.488441635172109,39.15521026622483,4.542892279858022,0.36425510259154625,-0.4065379322136602,232.65024744611432,0.48772838610876385,0
3.1668007955669775,9.072050692314338,1.8901553111659757,7.220045949085181,4.066641983207761,52.25548623957119,5.0829920930911765,0.384237441686175,1.431599429644184,424.06861988408616,0.10369684739520899,0
3.5670894043188572,10.364430491732566,0.04054098443106613,6.463754736950473,3.540562945246318,58.74118010174689,4.45664489449051,0.2865549752641664,-0.5130415140339175,162.59032300074614,0.9671508257184197,0
3.4906595937009746,7.84491575601813,0.046262612179511775,5.245450615728946,2.2280263785987695,77.04442158921344,5.505034759948017,0.47035480178974143,0.3711303591626298,73.73789527114491,0.8455385213844993,1
2.1915505888553644,11.158864235590276,2.3028300378112787,6.849788431715426,3.5231349383684387,17.377799789006254,8.902255930657335,0.28275226227997063,-0.6994437870025896,273.4358335543259,0.8037186645871243,0
3.0042554097119387,9.540780673501551,2.441674565021673,4.549871455335738,5.612826671663157,79.80368703690272,6.401727267935195,0.7282414380693992,0.8701129354014945,489.4400572370555,0.33967038777103803,1
1.614952886247463,11.294742428024417,0.11284848286721327,2.4925451371287504,2.0839319851452127,34.41174914309216,7.281684574887694,0.2115392613885425,0.40555449021522505,78.8713526908115,0.32511067520254694,0
1.8794431907830398,9.36453717873136,3.4346370838715123,0.11404037932576305,3.8985926311272197,59.24001070449153,6.055334710561611,0.9534178761227619,0.8860968449771451,81.52542173740699,0.5945334417649167,0
3.689007455563359,5.919015804033769,1.4700169429747656,5.643645056743847,5.724632364442489,47.93107834797479,6.501573287657223,0.18083704611455398,1.0338822578462388,317.8024542260052,0.8539120364148411,0
1.0390057705322082,7.167841977736324,2.799465507679747,5.947486743425546,3.5793639990600843,41.500146275663006,5.867828318792166,0.9491146428518884,0.858296750093714,162.53047079515812,0.9378969858602197,0
1.2565255925634042,6.412564637767199,1.5045953658270939,9.723284751279571,3.7127027498486016,57.35565265486898,0.46329191751906734,0.849965474368366,-0.11791263217788062,234.6040551367514,0.30548257470741524,0
1.623658765438082,11.361785484018036,0.8356715743465359,3.678635507533328,4.31424022079648,34.681538766769634,9.996064145560194,0.7126409085520423,1.510877471731006,423.72821884972586,0.6270440603034466,0
1.0795966116214593,10.322800471012378,2.0358686929943763,4.001919104000287,3.851749334308734,14.45824860026048,0.5293705540863876,0.9210714900089352,0.6550585981253723,139.48190788213242,0.7377076598987921,0
1.544306305269392,9.734788582370042,1.1613668239525037,2.097815855287683,2.6744067649502097,41.66700373409298,4.072450480689806,0.22529691416563918,0.4695535196504095,373.68497164164484,0.2650725379240627,0
2.7491246829090765,7.106764237421352,2.67400488459584,0.798289522849487,2.0742221562794416,44.1436903011739,1.2301336473295477,0.25868329676822377,1.9611914127046233,277.01848097040033,0.43709519871130303,0
2.264273651777494,6.288313404351495,0.9941426514323998,7.750764479331232,4.4392466319148065,20.14266150499544,1.1498988143211382,0.32693733285293425,-0.14947627988056944,457.23096158642227,0.22810056002795864,0
3.6780151332309243,10.295157615922383,2.5420298832231354,2.571842536959318,5.683226348031249,75.17145172464929,7.97656412640994,0.3203303740893018,0.5840909146855193,487.83290013210376,0.7139598238799175,1
3.4523306852153226,8.319105621153557,0.7868925743443378,6.128158124197375,2.4254565321086625,22.060673498471846,4.374072637709155,0.37976344383444416,1.0469737358239746,268.2323535440281,0.8705958797179378,0
2.025452055093628,6.580526865054404,3.354873547428925,6.908953051900267,2.8438108770110135,35.69206955630733,8.051159341327896,0.618067808445784,-0.6243222012002992,313.0911766019601,0.8836576368240723,0
1.7782703002938773,9.316353847156925,3.7696884222071203,4.765243204187312,3.480917943299894,16.619726513354248,2.873307412672149,0.12535535017459418,0.06271917243960612,385.629143331899,0.6865844269680718,0
2.1390772245018006,5.282336964969164,0.5519711712496689,8.775885918969196,5.234968916084479,45.18474846402081,2.713335359701101,0.44404533553597825,1.4050661479919784,193.40336384240226,0.3797947421656452,0
2.7708848275444233,7.283191778897775,2.339012060186696,4.493568925699314,3.0770412658839104,28.072820607506724,2.662067541781729,0.32174661510333685,-0.2897252962005099,152.03315773546106,0.6779883580115417,0
1.8041909224686288,8.279898962137942,0.3543585032743679,2.920595368113475,5.528217617115073,41.6954389982063,6.238227138797609,0.6459668632474498,0.47987109471082,484.1083275993524,0.8710533908122776,0
2.872446723547402,6.035708338765841,2.990912227710012,8.970553677320062,2.2198314986002656,21.846268734365143,8.18699402048688,0.986652397946382,0.8918918179489133,244.67692604881017,0.6445630422389941,0
2.228234956573721,11.892581343135877,1.3220214896482267,8.629486414074568,5.7638264850357395,9.033134596153682,4.632157898737358,0.5658891509650353,1.0134870599228005,50.71587193209816,0.4422473432810722,0
2.6561415425559405,6.4636815521273,2.638122284193539,1.7239954760564888,4.2429883114950595,63.44199883116915,3.9166391282826076,0.4831167152065905,1.1849313261434777,426.9732343362876,0.923812613183049,0
2.30837958740595,5.912471910302859,2.587305046921456,0.35701408170381743,4.635110713950818,53.08147129697438,9.741079631176163,0.4314191906306045,1.597931951128833,319.84887258098854,0.8434557636059551,0
1.8833972786257531,6.424744117208275,4.621771730969002,0.9908570078612449,3.4707580901454125,30.555451678325966,1.3441895529140604,0.8064542969918719,0.17857832910091287,125.85135322413686,0.8883134782354213,0
3.84535992088647,10.383427932118071,2.7454161128436145,2.936819245682789,5.127977142044241,8.562066851174167,4.969000284039947,0.16478283848565425,1.1198957778915686,63.56286192968554,0.9080324199882797,0
3.2908173824792826,7.9785396149029,2.914992398591578,9.725372037242936,2.6662650003376243,69.91812970228406,4.2031799811780575,0.9637934630141094,1.1965239433107548,181.167093968779,0.42412169227729746,1
1.4203395272993578,8.957911578267765,2.0082656288219014,5.629309916292168,2.195647301113948,17.734625370175948,1.1616406465515259,0.47612609738924105,-0.09917760961902933,467.5491929631491,0.8666570571319684,0
3.6054039276937386,5.147064098904525,4.745398015914084,3.7952911470897615,3.5820677724302286,74.8056663711071,2.8283635484645484,0.38233065324260174,1.9044738506349237,470.07102651602554,0.5918321876843629,1
2.462293594748541,5.241019160013202,3.885929547198048,8.898289336666188,5.414782855924158,40.89465339469689,0.4787238832752979,0.9766613047597311,1.5956575205661858,189.95156883595317,0.08625102487633807,0
3.683656680682274,8.120778848789113,1.427026451514208,4.586049681637146,5.019707346550779,30.52900324313628,8.79415203203298,0.9422909769188799,-0.13041601390130786,426.16894676932253,0.6540445386941117,0
3.3995657678419455,10.716586702411366,4.22104792888116,3.2208624211701093,4.068623881955832,60.63196076682229,6.156925384105931,0.6777407257891489,1.0252060300609624,248.83039546569307,0.49708797807977045,0
2.2756405134077005,11.196672150952956,2.16198180092545,9.418073334582008,4.288550988661414,70.76295545563893,8.187181279128458,0.1166566373653612,1.153401903377882,344.4551371114675,0.3113969262279325,0
1.067407924960352,5.6069459731694815,4.14333571766797,8.510224895307513,2.5195713051950217,32.803517273428305,5.311233633549301,0.7736814785859146,0.294450908826138,200.4997441419905,0.9718639830446876,0
1.8060320781548382,8.76854171470716,4.11444034146751,8.452316916652466,5.362726034470329,35.550781412764046,6.075196328334565,0.40200166003780113,1.5912298578228992,282.18766832194325,0.10231731537832539,0
2.6249026439826006,11.392607803954894,0.9443509338142719,5.1716189561971095,5.147838731856788,37.4868664510398,7.068373882529817,0.449452207768835,1.070688060527119,182.20075094764692,0.9485835211717131,0
2.900434659478442,7.715809280785205,3.5057056569178844,7.915440148273004,4.625881575547771,74.17422961090018,9.098513949149305,0.24286791607964975,0.9744640554581543,77.50146306040823,0.20130370760290622,1
1.7736630562996067,10.80696081999858,1.4532148465326555,1.8755982567190637,3.8647641453157537,56.94229936357495,1.0991685006932885,0.5711122754784094,-0.3374788831458454,112.72018378619248,0.40813877033550555,0
1.4180682222184724,5.935869580796053,1.487463349963341,5.774907279806812,5.85783707311805,23.573458778424165,3.443294268410124,0.7700973365833896,0.22352693404874735,180.80352251295676,0.4463734166483818,0
3.5047907103978972,11.54776142767459,1.4817403844029036,9.840074636190701,5.516127887505885,18.874977312648454,7.148456668860006,0.3457100062837616,0.3017674673970496,489.31420278925845,0.7444694927277732,0
3.9532065421106566,10.259963222719119,3.627841237799741,2.9804884621278207,4.577721974058474,22.277574756861206,9.59183551741365,0.9448596172390377,1.2009832897370618,484.55246761249623,0.2548287482998693,0
2.5770705469080575,11.589340749508311,1.1491302089626805,7.964088059551984,3.4872039908691517,24.767291688913808,9.811912799202053,0.2752631704026589,0.8551836357726574,422.448504118039,0.9867967510661623,0
1.5150378575449106,9.736320634867546,0.004529176230451126,4.955736231359865,4.4720891147260495,22.263761850050113,6.453409489545172,0.15963610653499005,-0.7424182281211988,154.6277229932391,0.7615612601258218,0
1.8169219795581069,7.543827523995989,3.5761842674131654,0.49407626389866455,4.301763706122662,54.38798353942971,2.0972650819976995,0.6799274860149108,-0.07690614433827991,248.72096324382017,0.800455006429702,0
1.0551720296424003,11.567268207673056,0.8559237191756264,7.6538920383751075,3.5769679513396655,13.695013299312976,1.368247331856776,0.8643868586920421,0.4191425133846365,247.90227732081695,0.15110733407914975,0
3.742896419681497,6.9289674341642495,0.5224119765391733,1.7688345294819168,3.2266958867523043,34.05188672809705,9.471227713948169,0.957819573376761,1.210198837570979,224.13796016818273,0.5024964090339776,0
1.3532532486704234,7.325207654432128,1.1875806029703007,6.351588314614227,3.6280431689492896,51.87901797277748,4.4524913567325735,0.7904539094648669,1.2307073902390222,70.19613729038552,0.9483288829543745,0
2.7295494265427607,9.905658926012183,1.8995026116135199,0.9480755210650317,4.295645624133591,26.814498045719812,2.1091971259743114,0.2796850103554651,0.47162992571491014,290.537318400943,0.30656276797421617,0
1.822165662061618,10.357214096677705,2.3795316373660036,9.473987235210052,3.7125393788443777,9.895578852624352,9.35214665462049,0.9798950663233573,-0.6492028532179672,82.7653964561874,0.18811447220331673,0
2.6625340075473805,11.505824386944077,0.2228502035631541,2.988066483085573,3.0542979528055354,11.136794213447622,1.2243378613302565,0.9274922884259584,-0.12128978988148287,410.86340632307474,0.5111247367759788,0
2.9542611650555926,6.433616863393467,4.852866663136802,2.34200044760621,5.043853271043234,14.447508222851475,7.349796749199337,0.2468506804862027,-0.23592285325879225,361.0882142801517,0.9338734161686478,0
3.489225411121605,10.585986246534567,3.5803152670977907,1.3784504002567097,4.125869983829652,67.68822686511163,6.3275776699246755,0.6029072442237919,1.3430792309247233,208.7316529895906,0.5124510932090959,0
1.6192638152818097,10.169822373778743,1.6159703266216807,9.465421714056573,2.2707006529024,54.339762920372735,1.0597997109327402,0.599965683337881,-0.4600410579830393,341.21137199560843,0.434592587773676,0
1.0329874859754415,5.446561893775185,1.5934862864269865,7.147847050168921,3.473266022504502,9.839180832323358,3.5197381972665336,0.49828130031652373,0.39476366718557654,154.86665295159415,0.6677588148780877,0
1.4106568902064218,7.710561988471449,2.242712746842297,7.442442798309077,5.539653828847975,34.330165936356494,1.6693207574921045,0.9858531972337199,1.0121564105431702,169.3625292304846,0.9400397989080237,0
3.7000559255443153,6.97935819942069,3.131224113815165,5.044105157664421,5.020946124799808,25.893887963529924,6.124086206824981,0.1536600134621991,1.8943584588501112,191.3600826164322,0.09660457674386277,0
3.6216702326875456,7.131432970478213,0.7318653329448388,4.799805074177786,3.2929871357760283,48.35300837216001,4.875707710438803,0.6644880175992262,1.9977217406733199,408.6552199708984,0.19572576820285664,0
2.792239306510925,11.880628156882906,0.9446490688247616,1.189210305615619,5.752732608178036,44.2104462254235,0.2418962216728114,0.2847732604109291,1.858766430666317,144.811106080738,0.17611659454204737,0
2.80155058130096,9.499441894359496,4.297172914167755,5.642426846281518,2.3064116334328406,41.08430175272862,9.7619635495823,0.5745980842578636,1.154727035760605,303.25155236871734,0.13106633318420735,0
2.9951100236387664,10.023733104554497,1.2812746194453628,2.5444733015770256,5.844938815568756,28.588427777945988,3.6259295689174964,0.8017666946087669,1.239322499066275,140.21020148966824,0.337000776615976,0
1.5261138358703488,11.836323461205065,1.9009749898758876,9.773738794724018,2.9828203699387026,15.334982903299306,2.7304030498030905,0.3220541228516917,1.2776302928270522,178.2668412780867,0.26784358146429454,0
3.743235837774879,7.640412477203471,4.356359254750585,7.986151306149958,2.036376721209677,60.678228715447844,2.3799409667822067,0.45402359183483365,1.5878146296388702,155.96658184392112,0.5712567028988685,0
2.2563115746762192,10.61288117916964,3.3157391469991127,4.188621395909587,3.735232146073307,70.98925766319908,1.7563957825009648,0.9556912668523592,1.8553563885566238,340.2521019829786,0.3609249506394181,0
2.1494155847484926,8.041716743131467,1.7085593967084418,1.598278461046177,3.4358817187480346,75.8113181924613,9.991543346921796,0.7853326639482786,0.3371184335609825,287.02802500510114,0.4349474683849824,1
2.5567531158485126,11.086735702704859,3.418497728623104,7.874783742273961,4.156356020827175,9.396422796018534,3.092072785239728,0.615450866060652,0.24953263412638083,374.584615657499,0.9447714559748219,0
1.1408979003251651,6.264602789179122,0.09841607690706855,1.3083322941050284,5.187091442279382,60.49315336916622,4.174032272797961,0.2997976490260451,0.3813933871358921,148.9745467998436,0.1978728592059359,0
1.4988501062682382,11.633803239449957,3.678213300056826,1.974404159620998,5.369723208601789,59.48775945552219,8.739287978545272,0.48277489372982485,0.9794515143697824,54.11684107671676,0.41903446045506204,0
3.214100849279111,6.531401958876158,2.4350802025811973,2.1940531256678515,3.6049199984467672,76.03322106091919,6.490497534720206,0.7966551871449304,1.3263361888332938,356.22930520865066,0.2942277484928427,1
1.2483960037753794,7.28354354886652,4.065910736422306,5.613217318903634,3.719382974825401,23.968594587332408,3.813205235103671,0.8384887702989785,1.6116331727039874,101.68428132278419,0.5717076832398645,0
2.8094563283991647,10.293345638747464,4.773188260032342,7.891860874504626,2.5927109213178947,60.66342787213673,9.00361867205376,0.32014557832815904,0.3686322628478167,160.83735099078024,0.7495194152193121,0
1.7360473290439629,7.756285990957847,4.628942747472841,3.211717299374453,2.190190435524654,9.096971657486343,7.547297181693282,0.6958541893753173,0.09011787854038822,187.5587686075502,0.8261384797469717,0
2.1678868421259296,9.257479637365126,4.546325217276704,0.9382311613253652,4.564859960940099,52.34342905712143,2.433424973908657,0.18550269291105992,1.9500578441066794,386.0609415308906,0.5395318597914973,0
1.8660812103120996,8.112014507485998,2.560849779669436,4.69893078889175,2.257750502210769,31.31358680391348,6.508642147079221,0.12089107670541799,-0.3043371369783212,331.6513147958422,0.8621707619505954,0
2.0670181493948476,10.196589559628473,1.8007105706946902,7.506291387483362,4.935320477685824,62.668207966060635,9.239505283265535,0.5938065310897191,-0.3339854942425682,132.919446436623,0.7958217324834516,1
3.1571377155527367,6.598318766580276,2.325176623653364,2.294472046565144,4.15636058008899,69.74782148265452,5.065316608814044,0.30194186885238583,1.1462223644794869,319.04951477888375,0.19915385836205152,1
1.891365146869525,5.409205910658139,3.449480016566804,2.277253025589805,2.7943319129043336,32.36157816631372,7.389401547750339,0.17102082811791958,-0.46102811319207304,368.66659779977533,0.2831573210689954,0
2.6992139208906916,7.099505782311464,4.419988884355933,9.477547570732437,4.1580917740505985,44.418956952447544,9.71681669109376,0.756845481605707,0.19822699923836717,225.00374125557715,0.6881345019167499,0
2.428151206597299,8.320160654079011,1.0349315150005978,9.54612189847986,2.7319908664083954,13.805304677269993,6.966058580773087,0.5481771295281805,-0.12283953305724415,160.6788113125334,0.9760543187535776,0
2.9910134960879446,6.1761403653487505,4.590965792308515,9.905610747409606,3.754948830041648,36.268022391760745,1.20389915970759,0.8166493098626054,-0.49386862972915413,355.54224781165516,0.4073232155700001,0
3.8104892179742738,7.48358102759472,4.075901159849446,8.095830055590323,5.198241264968916,32.06002949443769,2.596683599126636,0.6975498157125012,0.7391217172936808,324.90104006367375,0.2683174486125037,0
3.197716291630751,7.799881128054979,4.894280075891173,1.9630232747626613,3.8476771736425497,18.734259483838827,6.03194508595796,0.756824445923941,0.12053447226388658,85.06047131186905,0.8756729625808001,0
1.6448211357722702,5.4017429058179145,4.401258866408436,2.1986170559126874,2.594797273190193,72.08589685750819,2.90044699064468,0.3766245231663099,0.3867025185453381,350.0058381051894,0.23963136156573844,0
1.093549405183854,9.083150737289433,1.3996866484595332,3.468229891071681,4.8953147272917805,16.106587853012016,9.583908712813571,0.3369482431149128,-0.412410985523452,269.8330697758844,0.7125378603473685,0
1.7867921328994751,11.190403995799013,0.5297795567202385,3.2495120602015595,2.7470736650800354,52.68045181476404,4.172449933417304,0.6407874028857351,1.3036004080152699,389.0160306399774,0.08253661683807133,0
2.7852337921007644,6.062200390671367,0.5612053599579431,9.56962471587229,4.954199497480438,71.76069826099157,4.680857976177178,0.28007392635827594,-0.05586374964776275,135.82289384592207,0.06803148934300848,1
1.1542774404527512,9.184656093810599,1.4561165928913806,7.911832430528767,3.917409156863333,73.39764348974192,7.07570051600715,0.833870904068819,0.028154537080696596,166.19738805561937,0.47898837824695645,0
2.489098741603709,9.653174434375924,3.070918619922696,7.267687042399383,3.8149670363772064,64.49297748804264,5.3376473671503675,0.5706281520768147,-0.24353811369966205,294.49073259388456,0.6737131211724081,0
2.7905285467506675,7.935342762935019,4.021601630485863,1.941035918175505,5.4057401514298995,18.210585040563245,3.94503047550993,0.3042909391129849,0.3032107163571014,266.7800875514896,0.18531273126082998,0
2.0027316724508823,9.90768311154989,4.496251534907824,9.104303037687062,4.834414097362675,66.30735569104023,0.9510511765148719,0.6626514090969177,0.3907298817160161,223.86441697542347,0.775688330351461,0
3.3127366112374657,7.875120804437085,3.1187669218461638,8.29591675711112,2.131643187819757,25.742360931171845,6.045166777177067,0.9505321615752559,0.5890007489885454,385.71499149340497,0.17229965829137298,0
1.3197947594013155,8.532461015842044,0.028156563740268647,1.7200542291464447,3.1846972584064095,74.17985205743817,8.702284301781539,0.17388525393169668,1.9027048459458191,304.1382036327271,0.557022417478091,1
1.2254133452074263,5.051471311880989,0.9315838825926676,8.724586286413627,5.483682643399595,58.181501106788716,6.920471929248551,0.19841068658215266,1.7140754241371106,369.62233425235337,0.34288423266322643,0
3.1845662686108103,9.842040798942822,0.4986310192668397,2.795250610067666,2.0733046741807946,63.89506707566649,3.9386510984601317,0.8594552321770059,0.828177892961161,118.96473304360208,0.7646406129440451,0
2.4864739486185954,9.62939875261307,1.81662237784505,0.9006104837378498,4.181013785047881,11.377434012645292,1.4517154333066682,0.1986343971101862,-0.8832895967107075,378.0447328154917,0.8139109158856899,0
3.0652071892832082,5.268806141284412,2.5067549681687296,6.6025408344906795,4.911302676695776,48.707383508265835,8.20011423166159,0.13543783241768903,0.8367810226302037,257.68764864513133,0.11278667758434754,0
2.3044820158112387,7.577750751765931,0.21698589289280423,6.572666127904873,4.487424341938303,66.58565951740097,9.429133949865806,0.4131375229418256,-0.7309941797076512,65.19557105806416,0.23297434084209168,1
1.7392060997173204,11.853222885541673,1.7423898789782766,1.0398268946996192,5.042128808417745,69.61927645793745,4.005075309803395,0.5200352964294378,1.131032715556242,155.52119929842462,0.8980119040909258,1
3.457306953022599,7.945155937980317,0.8958983731266129,3.2566329084721657,4.902767395658984,7.147377855023114,7.340693454003803,0.6124999930216208,0.17023293974279174,61.59037628326009,0.4448321947708234,0
3.398247636906938,8.513617835922892,3.2353508312943697,9.928863176329832,4.768122780612453,75.43694244163395,4.225481710929406,0.5565702093078249,1.513089474705556,255.59353489596967,0.5028990721043932,1
3.08408941256328,11.36951110711803,2.3213618466217003,6.816424003386495,5.2861594437026085,8.25040499768598,5.122216000751555,0.921866106392302,1.827587735795392,196.64589224978843,0.2096226495794381,0
1.8164354116898882,10.020833131060295,2.476588234669544,7.3277441493729585,4.582762673798154,51.08890097561374,8.397468530040815,0.7918012903524736,0.251331024396827,494.3523019609631,0.9951500566759431,0
2.7706920006072613,9.074490917869564,2.1384589401673053,2.207881127482626,3.6096739770279282,57.004064571148405,1.0175585536693053,0.9854292302755397,0.38166588642123855,440.8268526305884,0.9268952986973596,0
2.0829216908200805,10.584632769387508,4.780098552432835,0.8799425029387518,3.8876364396583503,13.050896837593235,5.397286418109711,0.5288098809027901,0.7704427430385508,421.55188715441716,0.0519234374331315,0
1.2747462199799025,11.050563865191812,1.0736756256078162,2.8413267284352828,4.866899130725802,8.60088992068945,2.3032786917779804,0.17589664885526102,-0.4086018344258484,275.50244706406045,0.5731979485249908,0
3.7519407263867284,8.198216502160868,2.5833212992193717,2.5640940134126007,5.505224118667176,63.868411583804686,3.530098265858472,0.9599775786485871,1.7819985224850838,413.1893747078451,0.8786540144229968,0
1.4104558927568842,8.325758554522848,3.6800868418266797,2.4219865974057257,3.0888752033591027,33.85029685980754,6.515402481494288,0.10370184543018762,0.29899977950411794,170.09134135823984,0.45900692592226217,0
3.8507120614624073,7.70235654956285,2.7842220656728127,2.008267786681692,3.368307183884283,13.033438648634275,0.466838440901114,0.7984864124551435,-0.49953899225197806,302.29226053093623,0.4649735456478506,0
2.338017318873867,11.766942980129224,4.6451044285840055,5.790081337488503,5.722957585449651,62.20008622907315,6.019485969936995,0.12815382769451153,1.288195500256652,226.8131275937345,0.4103797988899748,0
1.555398786515859,9.880163780032452,1.8898417782064207,3.3482244108340358,4.314047169637782,68.68723026077154,2.9777339466467474,0.7850927715864746,-0.3425458826680444,127.10386018522837,0.07738691839755729,1
2.6257028421350745,5.582561463456506,2.3183790288658903,8.22141564897055,2.715847268540004,49.05396430691055,6.7609467359191076,0.9441450458632488,-0.5694121747844351,82.67604411578182,0.8007691690610177,0
3.618837507629225,11.04071736319113,0.4426115760736421,1.9210794366891017,4.6547805556495305,17.09276063259842,1.5874972487479313,0.45033426759794215,0.6886162264820213,301.1982723372267,0.48394594322154,0
3.1966746592286834,8.363919585853877,3.0449955552596424,4.699808001598591,5.963048622157519,6.141685361861811,7.410953717398551,0.31686836609774593,1.0144857658747726,93.93761069609278,0.5545123564835395,0
3.4196834435843493,5.481277344957412,1.4410598422405303,0.23521258061819184,5.2938142578816,57.56018609764579,6.527269253677187,0.3036512372606478,0.7086882219947488,373.10139350869207,0.29290086096630646,0
2.976350100132152,8.848020786143177,0.8015451975778443,4.868654992306401,4.982964546205611,46.260475611898755,9.71816996222744,0.5425458797351831,0.9695319468420895,464.6608154267701,0.7949125674634785,0
3.0768296935535573,7.920149952829915,2.72265646452254,0.6527983866770964,2.832186617065077,53.809785629005965,9.130106559929851,0.25379833218111236,-0.6534279630767666,122.94774937020242,0.8040611193692256,0
3.5475869546959578,11.144245834038374,2.661551316899553,9.779462767539172,5.504559138736029,65.98885026496967,2.976368059357083,0.7056312675937408,0.42805411365232215,261.9223603296027,0.5752747760091713,1
1.7490040265775577,6.427962225265712,0.37935820612023774,7.926862073639087,4.103155374142186,37.56708327447291,0.46770241270928237,0.4315171217395375,0.07105593226562368,382.44856687692135,0.9093965295101556,0
2.4682748909294214,10.78525226644528,3.491077267472364,4.952103618700908,5.557160088287823,14.338660162521531,6.622611898895227,0.39079854316293317,1.9201058487203655,179.07784746486206,0.1600900191903098,0
1.6636283254588067,8.90382083829817,3.1188609532542646,0.9572148459755676,3.3193113176995173,75.49874640431199,6.1082964122457915,0.5151570186308113,-0.8511281974615977,464.34403383482174,0.7972953314114194,0
3.963004023989941,5.3822721224942836,0.945086413732486,5.965209863825101,2.248204210541731,45.894659543514294,0.4688019339111715,0.5883287521957766,-0.10511739082023086,449.8095014914599,0.5806549352046313,0
3.83217801905984,11.802917109278393,2.347174310770219,7.611761131948588,3.9039038746389845,51.14705893164052,1.4022397861854081,0.22773723603291623,1.8255865822751662,96.68946007835507,0.2694625086846268,0
1.1182804341055177,8.5883067087224,3.6016145823928,1.9881008047469786,3.0793504192715107,75.00585721638134,5.930076704452659,0.736987027417159,1.9504885495529884,62.329897189328065,0.17568859351930016,1
3.1167255175470654,7.036137979621078,2.6471787027063827,5.725262573796159,4.860917159105193,74.86877422326972,9.13590718762622,0.8946523899147936,1.4747048231814004,489.4063173407308,0.3359566883066964,1
3.7757449522469972,8.285847893924807,1.977445380917851,8.160687893990392,5.82842621142413,47.90709550461302,9.083702709831387,0.3501882245810636,-0.7720052679507721,480.413761147009,0.8635001221963794,0
1.5417260353820006,11.005004484622422,1.6116922904047182,7.705652998698532,4.763896604606256,27.320856854106957,1.6845535351983336,0.2623518116465363,0.6840650850306211,240.02852200968343,0.7982383821923292,0
2.7038356916578885,7.1343218706954445,3.051969333220268,8.049620976884814,5.5477357188368135,79.78352255095544,3.968824674771446,0.7844548813471572,0.2003689780114013,72.75349584768759,0.6628758045271381,1
3.7464648927641253,6.348734775406902,4.695543491551203,8.805301906210227,3.8120960544048255,56.0612817465152,0.6233880706513054,0.26518755138908456,1.419357703086205,328.4939987357126,0.13581065739449355,0
1.1018379357573966,5.90349872851617,3.358724202387417,9.383052811378755,5.086562948781207,35.63275076690424,4.798864094356706,0.13712964432666097,-0.8349272932860001,182.03454832489533,0.9570891077561385,0
3.0922608017405198,7.085015788731479,0.3737295181815775,4.114659436515005,5.372173746686814,46.98776021401923,7.580217904797416,0.657318898344501,-0.40861374506589365,471.5253441052494,0.34016812575663674,0
1.8920470221176524,10.460336609280304,2.3034248674106688,5.730814114976485,4.84350251033417,36.18755377010223,7.9417325713829925,0.3157762746748152,0.4675851986678883,407.59786627443657,0.6266499841778056,0
3.7731885861295913,8.301384556366832,4.454120657553138,7.927529307851548,4.0311091442782585,71.62288642224856,5.090096772646415,0.25462936803570374,-0.5270570111565192,342.3172028600496,0.8129467772651625,1
3.9131747354961033,6.59237122585478,0.4723121290054344,7.001684158063253,4.503464438461473,41.18745311493096,1.1395228121405403,0.9834424675430556,1.0781454280828946,178.02673138108784,0.1762130427358201,0
3.8327994673403016,6.1632949972682445,4.944378560687717,9.95565025981735,4.802027982715521,66.76462819859353,3.9373669567793512,0.36267848505975486,1.462301663419395,365.5708607487729,0.6695869051430795,0
2.422642649972391,7.329106335572654,4.745346968227107,0.235408745935977,3.0123376128857076,68.0132223367253,9.334599207748772,0.9130989611939822,1.1135596808829304,180.1257200416418,0.08068119686900194,0
3.5861279529679404,11.579470610199962,0.3913724036493793,3.615818831626328,5.238317043659939,66.82492533014363,2.4502030538932043,0.2603968892997439,0.32085114091994704,66.93394286834422,0.14669984592912405,0
3.533648195605211,7.401186988130171,4.6670666022477745,2.8821764700750045,5.801298155869093,59.164145935675585,3.33359360914472,0.8370794188561916,1.6351629987579388,278.7955644291233,0.7369864527057848,0
1.957301419729767,11.916868531682447,1.815662951297311,2.696926916638793,3.860957260719744,69.11582876056863,7.518906319538095,0.5518169857436338,-0.5869416048401749,269.90804515491095,0.19732804779415442,0
3.486746422452032,8.396613190357494,4.223545835379313,2.3030448467389695,4.8042687324395095,34.04221847172269,7.389091731082194,0.17073529220439576,-0.21898424830297336,393.352687861805,0.47133138714010936,0
1.1110229041464779,6.254147428031056,2.0919166885663576,7.120326024070768,4.9481036231614155,13.599740460647027,9.139582422644338,0.7602447642792152,0.4686190557569099,439.5532470595001,0.2859159232385007,0
2.7888096354461593,11.237980642554565,2.2042755635125793,0.9391187854256863,4.648990190085922,68.18406532793858,4.003563169059679,0.902866034561302,-0.8159842033622441,209.51081991241793,0.450168033236445,1
1.6900265118631093,8.222487611943787,3.171215454887713,7.441927456039049,4.1884604333145425,42.36263117655089,5.243067493968054,0.2467152913019694,-0.7129426553003582,252.26285459165192,0.12335922827689735,0
1.3617006573318364,9.967699404531672,3.8723870963799167,6.964915835961107,5.526591818299242,14.553202439588826,4.780446119960681,0.7530312181025578,0.1923301151671164,261.68018884003766,0.7671555168389399,0
1.2308596048876275,11.885981082464063,0.16894575474124318,2.5829609117588745,3.7957068370755778,13.648439163650595,9.29197127602004,0.5005472671658114,1.831658890203662,195.9008379675707,0.1250891185244087,0
3.0888663276344195,5.351227452239818,2.9657799776356715,2.6030544533350968,2.2444118259464143,16.943179550741952,7.739439770481422,0.7784834079310464,1.725241079831001,384.52411563133563,0.8460187724924465,0
2.0196248913041983,5.67686191851297,0.9336649704868549,6.3257197949105715,5.378225502848641,61.322994475032935,8.348129442371713,0.7425351533667751,0.39792457483523336,284.9455333428348,0.6794784209610831,0
3.1743003145862843,10.043197190239294,1.7297475893160148,7.64549394428841,4.695925089266202,58.31425050997108,1.5043630345282268,0.12394020741670488,-0.5735243664678098,461.28009847488795,0.44575629688106905,0
1.196069022396827,6.972775023068304,1.7398433307760826,8.777207569564919,5.397034505998587,20.286401013866243,7.960097590107968,0.26084893237043966,-0.46567703212469325,342.63984735301375,0.8731622162969672,0
1.9458710134918311,6.290109778650693,2.345301701105768,8.53618168215931,2.554189769778777,68.51925635823464,4.443191907363471,0.523924518639047,0.13263816382738192,145.35345150228758,0.2268247147425121,0
2.6184738771260117,5.2755331587381065,1.670682059380867,9.652341642222146,2.1230117620388653,26.097109664618365,0.4287190917403417,0.9402347547208723,-0.36977741473965586,124.16389193616637,0.30133601604408417,0
3.3721694945168905,5.152926983903413,0.5368055922533388,5.8557104638314605,5.737498161530006,64.47391874862106,0.7888658568841893,0.40786611107932136,-0.7510732168288665,217.57295206233144,0.1802674785762463,1
1.9562575087962097,10.421399221838536,0.7281436926272572,9.095690057269561,2.590913223402297,41.66044308012064,6.843497809401477,0.6659861232521638,1.0213324505599912,206.11694311563795,0.4124902586255332,0
2.8776741293110275,5.94103399158685,0.16718992780548836,8.104281405278067,5.238609328281807,59.86615119039246,3.845721923230505,0.11087537096298594,0.7443459133780845,233.2093211881296,0.9873965254973832,0
3.6579332447085613,8.274044311798056,2.3512454266437715,8.957209480708734,5.292839768722543,33.60407473051744,8.707532617590108,0.7400142293922497,-0.12610972606574478,132.61598163699895,0.20297600891065992,0
2.847589564546914,9.241277706256382,4.772238474264943,0.21510335272512968,4.8348208021960115,31.035544782108197,7.395876711983492,0.6427614364775242,1.3368451476569123,490.20020151192017,0.8394276615725087,0
1.6988784242609012,7.998462603981924,0.5783761182405828,9.66243961947153,2.525048844371484,68.10196992194992,0.4124641143362253,0.7438552719541892,1.3278466631175032,115.569397790928,0.6692860680894185,1
1.073202344669614,5.189746566353632,4.73132246501541,4.787948612180135,4.66959449824323,7.647669088555224,6.93150545599282,0.9141945517224505,0.47300591063828534,343.69194840094445,0.06502342408126657,0
3.6102966217027896,10.484510518115362,3.666807573660468,8.002011596790945,5.556346333307463,78.10527104431306,2.0850542327770913,0.23184903980602906,-0.7104023334643184,55.88115577906541,0.9476456832908151,1
1.0638082325511613,5.073592571791575,3.1874940146708157,1.3593207814440307,3.702126579203533,53.61346686990301,4.341309173298339,0.3354306364072604,1.755408200304073,233.13246724355588,0.9725367019637354,0
3.624105018052598,10.333229260642387,3.2263887766178145,4.019816848558343,3.6540674175143955,37.43625411495816,6.322404980805035,0.9962028029513278,1.0059815706229136,189.13252959276636,0.9286556667684662,0
2.586811402081636,11.253131456516858,4.13363824198141,2.7874605639078105,3.7714332383176763,52.10408983628189,8.75263484469779,0.24065556265866428,-0.2588475425441472,221.91108698273834,0.5266526748216821,0
3.8172030955386886,8.029879447400205,0.5345993218991069,2.9874218279592766,2.3290875627048258,14.20557098442371,4.669759306241005,0.7485643058734237,0.8313636411026799,274.13480514790115,0.259356423352085,0
3.3963497073209963,8.748797311684587,2.5237716178277085,1.3202306375137294,5.568102276119894,43.55393414701607,8.123206451073118,0.7525683194598116,0.21506448748289086,320.168750685943,0.4217014435969573,0
3.9938023316000124,8.338883748323576,3.485455691303793,8.077061942175769,5.4767314559220415,78.88216425048482,7.873063495446202,0.7146943716120124,0.9060489192078738,312.580105157435,0.6334819690954195,1
2.0521354463551305,7.724460330364072,2.9341022253678184,0.1914989143526738,5.991637287161145,22.645207838503012,4.262477425942332,0.30469653038311995,0.42161268719306255,333.82115155450083,0.40989456187157725,0
3.3015648667933806,11.211971747592521,4.163895355116473,3.193804024153505,4.340732565993654,59.170857427726204,5.109605601642449,0.2936206568924837,0.45641645071920034,430.04645714920576,0.7227630683261986,0
2.2057927408277265,11.257534574689934,0.36135854505675746,1.826664377842509,5.004766545805543,37.62285318737755,7.064753098488169,0.6997069612313092,1.207646275722078,449.0227200265931,0.8057967703876926,0
2.4396268609117264,7.350714552490741,3.4535051974958297,5.9314855120225705,2.8106876252292188,53.93436113659652,0.5052546595400094,0.26762516601329445,0.8411772381919274,381.7626352523589,0.24892325371565477,0
2.8825163896551103,9.305488278102885,2.6701386519235886,2.6170987858839845,4.670115272896679,20.36654215188316,8.929951855232611,0.6954069985664837,-0.760141926267323,85.5240093159818,0.43469481286866046,0
3.621031342559016,11.488352935021048,1.895804319899717,2.664084699828187,4.598931395029563,40.284873696320176,7.744198362489397,0.5432754538227863,-0.803879288661089,482.58157617947046,0.9598571572247568,0
3.9522504075978855,11.73440949258946,1.7013749111701544,4.934547625553655,5.60483494336645,78.50695353944563,2.644275637742838,0.4479659808844457,-0.08497228750982422,476.3291388561708,0.2873164611995061,1
3.3048202415935544,8.562713282954332,3.1041631638709646,6.561621489475164,5.3231708913562965,19.646536326200717,9.81556354125196,0.37020911444015114,0.29073798961623876,370.2667075454092,0.3791251141647075,0
2.253300346502001,8.169773636990287,4.454976873221324,1.30091657519512,5.753865850471053,52.73337708865678,1.9580254553782641,0.952819239990805,-0.1743323224621418,282.8475821308657,0.08387747865937367,0
2.2640710068312107,6.9508602114996805,2.4808796305055765,1.837563379408412,5.47533389080643,48.169831157509655,9.158049402303137,0.5572842919685088,0.9543795742097541,162.7782612511515,0.3657477390484213,0
3.2127469047666746,11.71210311233287,4.1236158203846,2.5470299714857245,5.474775579595407,47.37886897178025,3.3798398915664896,0.6051267662598658,-0.4146762048231343,390.3580127744942,0.4023848281988974,0
1.716331437304907,5.999700131310071,2.010781909219838,9.740107319767809,2.254893306754873,51.134246723871286,7.678837759608532,0.954330476218107,1.1124232891885093,445.0370804223301,0.14484378164548123,0
1.331422339394184,9.058807032334075,0.5119723139658827,4.031809749434911,5.3838478107838235,42.66784802661711,4.672490613829862,0.6884895862874203,1.3194522256667907,349.334420400472,0.05137013748570937,0
2.0638664729223297,6.977851872630472,0.30752868229319275,6.030001897247162,4.4299135780124725,6.26980626932435,7.417380397010022,0.9620676349811448,-0.6270420772130483,333.08268478779684,0.5966352101502747,0
1.861716974962245,6.953058032434576,0.2566718566183879,2.4912738458881813,3.521777807063845,72.50726085973383,1.7266738698057893,0.19573006647042862,0.9524187300889639,136.85211705676377,0.33645027126228283,0
1.8889243613679703,7.83478011163332,1.9007507097883498,4.95554929905913,2.2260584975522493,67.02341206130231,2.841163292187532,0.8619756685951635,1.884307927700342,211.00843530238532,0.06693264539708746,0
1.7008232531497298,11.991550550709583,1.6861887541792102,0.8337798264209847,4.710695099072186,18.062576069084102,1.1786066798258512,0.40187316522078176,-0.4215285482099598,375.4112999146305,0.8669470887688205,0
1.1262795689090856,5.384764147878754,3.5896851181128477,0.44394724463103674,3.31280700215047,35.99548830341518,8.67841101809047,0.829438772563307,1.7279084933484636,57.60443248305053,0.6051891932133089,0
1.0536218042002414,9.04979272742472,3.714107507924329,4.740461915532456,3.871105059944139,62.7911735520176,3.1036712801410937,0.8700729617754807,0.81814384782205,338.56892473499875,0.2126099329672294,0
3.9631671692080945,5.57800510624694,0.25426984416869913,4.04672694643228,4.726913748220538,78.50467365404633,7.005867048283302,0.3443390975283003,0.7728346019951358,395.00163545461163,0.8719842917939277,1
2.283319401207587,6.081645809933633,1.1056163144450748,1.455115164949094,5.647098188096571,76.33527848313398,8.238167737866975,0.467947554863931,-0.8442319530373985,200.61701882185173,0.29090667194933134,1
2.152979941479045,8.07694059241029,1.3713092507944986,6.907254146315264,5.301747662419993,72.45193997571306,9.03389871651759,0.7534129188834137,1.2449008351591946,84.27549614035507,0.26607344495944324,1
3.0389418480792094,8.57322091942509,2.738059920714047,9.929744559902717,3.8023885164143993,16.87804229743547,1.2417117300548346,0.18915006780727361,0.4348191579441747,418.6037204977994,0.8999023541474056,0
1.6547616635951925,6.811546858551668,0.7225761195347513,4.016903529847453,3.5511326297855157,73.58563295067536,8.951546348423603,0.779980180905406,1.1635231755054023,113.82657326826023,0.22048498548649997,1
3.849883551850676,7.2151999161209135,0.6697060970000018,6.283130495582205,2.95911895537619,70.88336847133095,2.133077221761051,0.1994256334492696,1.4275433103398179,216.8604976863981,0.8850365035106207,1
3.359035043246656,5.608769141791531,4.7189444460397905,9.63346182940841,3.489707004703873,33.27124333747922,7.421639713591424,0.9230101590412523,0.5713891201168357,368.264347280501,0.8128246361854109,0
1.2682330069367787,7.122538486909754,4.021014536488905,8.332196227224065,2.4441855491675932,34.58919459021965,7.3427203897731905,0.3487053639667181,-0.2090670601650575,417.64369444314514,0.3442886637877717,0
2.252742327354785,11.765909075663808,0.9032745104558515,4.689167010696589,5.884422033459018,39.49316914663706,0.2833307890613515,0.6180394121806202,-0.5752825258215599,438.0718633198321,0.08267722709547878,0
3.637354922686494,11.612951671707371,2.0328390395274547,7.401145896153201,4.2956697758383156,54.21317232248127,2.362114301440492,0.20543815006864552,-0.5184906162027572,288.687736225002,0.12844444837375113,0
3.834196066874231,7.344148030958895,1.7781099962878277,1.368536898480188,2.5112233711808516,24.562671198726182,5.0207034437157,0.3425438391962308,1.6008039618373964,264.1422634051395,0.15405185438109859,0
2.402204533749609,8.995977553951331,3.9550203703270363,5.169828169091612,3.411224037063623,6.7211322079958515,4.316340125300165,0.46355953913839487,-0.629265713108834,431.7427746581134,0.8962588934024542,0
2.840234167632123,11.367167737776612,2.55106458239061,2.8626967440813718,4.188156574482624,15.592214344793168,9.202020102869174,0.5383439890147129,0.15408221913970532,303.384692771362,0.4338341791356018,0
1.5011018382762256,5.043286758486277,0.6392486849673351,1.695520510171995,4.1315425465634785,38.008693068258026,3.7254605211247274,0.10006074788191699,0.0028239388670923127,310.392827786854,0.0809032694221696,0
3.9735058784109296,10.674784992363143,3.6949603157812194,4.3201809719198945,2.1420134748745294,26.150192706965136,9.382440405392432,0.8997901861424216,1.5963670002169108,245.28801559721032,0.5787210389528957,0
1.6950151041503303,11.638586869522433,1.9844398911245946,1.3970440888927829,5.8033641369164455,62.33874207770989,4.702407320246805,0.1069073286029894,0.43308050208287474,217.76628736446781,0.24759263807664206,1
3.828195322405377,5.6392801403348995,1.3146212381607354,7.019952570927407,3.1015027258997785,13.001755291195353,9.650658387073625,0.7963161066949825,1.989339252044413,266.24338578042307,0.273369740477618,0
2.9489399469771054,6.130133802230447,1.8774931101036008,4.6167764361280215,2.0647386757275648,73.80989191661028,7.42607713824364,0.5235210211207338,1.2111642389094341,214.18137216325727,0.20279964817217472,1
2.8232103846365773,11.725224119399488,2.4887828180344815,5.3583318623901715,2.30577603580113,72.14953849579334,8.327478997995128,0.5714920224112388,1.5527707262128567,204.59590248615734,0.7739203892787814,0
2.538065533049526,8.762781005482424,1.7155775820850472,1.5491217928147545,4.320779612991908,73.15676126999661,1.2277935058202099,0.2874389314010868,-0.7039832019199753,497.14895390355224,0.050582249115009,1
1.6920094351532762,5.099376441302066,1.209528862958789,1.4837394448255956,2.5511420827003874,60.4707498952495,5.944186045775205,0.6466315153111337,-0.2406932342053122,201.29607233233165,0.4670349557020029,0
1.5295840960165248,6.8034239913447045,1.9925101440199016,5.875812809075228,2.166899171414013,13.024997861269947,1.5984635263276379,0.5835087182525069,-0.5936614132845153,165.37268638970022,0.1325276080823592,0
1.661458627210526,8.149605719882018,0.09586455374949121,9.851596503511518,3.5185058656508454,37.86031785271751,3.1166858200995464,0.24781276595826585,0.39086591720167907,209.26584042918196,0.5747558709543258,0
1.5593147864327634,9.850362377173374,3.8624892304815694,1.0528807740534838,4.491044769360754,14.85540288540978,6.310940980439228,0.3143071012142973,1.1548624644857295,315.8516032862477,0.37869272885327543,0
3.33875342070026,10.132122646957598,0.854724467837929,2.928741142801235,2.4473592193664495,79.0774394570812,7.317011906000131,0.16021326611121145,-0.4928092953909995,459.94571898042426,0.07693400173760678,1
2.0503757775001903,11.967950590478193,0.21952306815318623,8.707645253725087,3.253311328605262,29.977881754900498,0.5840010637102582,0.15965521488050743,-0.6094943662907836,404.5389125889925,0.48792551959729186,0
1.173528029690189,7.0125783956863135,3.2684934645253962,0.8154929213268457,3.671042686498169,48.899790641754656,5.403248564509175,0.11239820735718392,0.8438262463413211,429.0085125840656,0.5920562229715624,0
3.907307890422434,8.767540713079327,3.869680644118361,8.771268641532817,2.6378403911470687,63.45447906831664,5.740077065640887,0.2984268929347754,-0.3090617387097281,436.55387480773595,0.2852713300795813,0
3.651357654890277,8.733264835017234,4.069145657964216,5.290431235410036,4.0242955938668405,74.0462063169234,0.9725143716799716,0.7116951046573501,0.43797521526122285,464.2377784010903,0.7772363022175058,1
3.783256849585639,7.839516816130662,2.4675459133029998,4.141841061871616,2.3408563476070836,61.666079438101995,5.106742735167484,0.3845938493281207,-0.8466468168168468,155.78205480899595,0.40249632750456904,0
3.9847234679393058,6.184133256896941,1.0268409234499265,3.1658375870794133,2.1860739853802746,55.58778340746782,7.1956543444883,0.408460842880639,1.0418384362023945,256.264713966846,0.7618791884368136,0
1.521685747658462,11.842195942286898,3.6861383862491337,3.041459865465635,4.079341468620539,39.948633652861346,0.7216273917802036,0.21871485392990025,0.6239491449261609,223.33894995940094,0.6000649425583293,0
2.188726056707976,10.973220306666104,3.498565385771686,3.12744556624984,2.9915878910035025,50.4050100312893,7.650624207974829,0.6179236008907779,0.9422686968758984,221.8446475760752,0.8757904145875407,0
3.274715427112274,8.48833119805966,1.2313536705158663,8.859550501505938,2.38149523159211,12.062285663962236,5.848979748060541,0.4079292773920635,-0.17378085982076186,343.52764326598316,0.5695785514331579,0
3.088061854161377,9.222717958788209,4.517038779313965,7.265572778730377,3.695650349950529,71.2941906470947,8.36562664106355,0.7086851230871932,-0.16419107391540666,230.81137714298453,0.2263458336546707,0
1.4616877190195652,6.590827374917636,0.521857290414145,6.730257777528391,5.660562958069579,45.78329816299141,2.3370132139698856,0.767313521958298,1.4040815992722746,327.3486376627417,0.831461634564752,0
3.447499374971853,8.80650949274223,4.913441197956629,8.007616574624809,4.89676978661662,8.010128782620702,8.36608210528856,0.6262235877235439,1.1556869389544788,222.02571367751352,0.793883487666051,0
1.673321715509982,9.86479093185033,4.301239054887323,2.6454351637410354,5.262463661388111,73.99265942449232,1.1266975576211864,0.34846258313083267,0.7391859535958438,190.00768222599035,0.9737380239976102,1
1.6714528444678693,8.606169198706121,3.439493227395376,6.218623839609381,5.487655955034546,41.69764803776515,4.1575310251577795,0.5577470194035289,0.8844304273462416,208.88473029943134,0.13890282315216013,0
2.610923268680241,11.93199619409459,4.693749441399165,4.654655765683715,5.890510965585676,70.14418561707514,2.1549509569415553,0.326737724214073,-0.7178674614966837,411.6906752061919,0.6116696041905568,1
2.7788198045251096,9.279391593734083,3.611555841618539,7.846172188481915,5.0529862940566925,69.26659656540177,8.785004156450567,0.9126215518185262,1.568513913353761,320.47296630300093,0.5170855347463083,1
2.7402586235134336,7.596815988145183,0.9522849851502296,3.1616354936855267,4.433631687757918,66.18136905928361,7.108214199757384,0.7897471750743016,1.309721099034988,488.2989798574765,0.687328509706157,0
1.2744605121932646,10.405064193310867,2.2107806905640586,6.467468307011968,3.461703521208989,9.605226447151706,0.4485454161751362,0.5437053154050097,0.7714746014703429,424.6953018708797,0.9811708557170683,0
3.632382587891141,6.193237581071495,0.3575151216581768,8.833902876991404,2.7265729462308643,23.529998406815665,0.29332888501677,0.9689114288603319,1.7557853933027214,268.6012737503185,0.555658473259968,0
1.7968001277661183,7.691610695943866,1.9482871114405769,4.081289714329794,4.746639495933177,70.6660904349073,3.0542426939203637,0.5920799020571692,-0.4940862769018006,159.06935079233415,0.7014517031991078,0
1.3885447638484125,7.428712652643101,3.7080150986860434,0.7595586649378683,5.979799944487768,72.42432920390704,1.604174519949541,0.39568192926125334,1.0599721581025006,353.2591001548153,0.3798527715359406,1
3.6662442396069315,8.022649665754441,1.932216754654087,5.2089031411837485,3.869434738475676,39.355164677660454,6.376983880089919,0.18592057071464238,1.8889453329564825,376.99071229037105,0.3340219632880984,0
3.86695449468926,10.472458781501084,1.6514708773406706,3.5251276292895573,4.89471747237123,38.00311007406517,6.705209952049087,0.5893710803320722,-0.06997310629023734,258.87919090638155,0.3685317373994837,0
3.586382851796352,8.389211225143853,2.976778612551559,6.755031267417032,3.9803697999726246,18.135547541461232,9.431118855881401,0.874374950423211,-0.9541230577974714,153.4649595848108,0.08667749891709432,0
3.428548224174634,10.558101151861738,4.361022644994475,9.5152259550112,3.7277336934539065,77.63080915183635,9.52999126054924,0.8800468553408038,1.2046024009073992,300.7572430384693,0.3205036131419651,1
2.965725941917065,9.03542232197906,0.23791596273056215,4.9075223481687855,3.6412224542396605,20.98538565192824,6.657187713031187,0.6441103600144735,-0.9790590266316188,164.223163561751,0.21429907411684201,0
2.6525721118274177,7.394486042602887,1.9273521734986772,4.7152832785397845,4.01849873172679,19.320258826307416,0.2556161059565455,0.45409452691079155,1.6176009475465012,472.9992429336969,0.48455658084377895,0
1.2609602797342303,10.669851205784308,0.7912037090763135,6.580389521895456,3.4675826474615,54.55467276118807,3.718179582382221,0.6852666772816118,-0.8310962436892905,332.99791161517373,0.4877835257037948,0
2.2253596392120962,6.668027693871641,3.476771253659348,1.1246252855763201,4.995093287287231,23.213322725033578,5.22878682982321,0.7859263191031356,0.9582941896156316,181.36893275114667,0.7769683396651784,0
2.118065551036942,6.5706808585985685,0.5286228021556744,2.609711270357645,5.497088106366066,75.40787082607923,5.091961613782966,0.4704623059547136,0.1315524332694511,147.07880975053607,0.5271770654974275,1
1.7792613512809785,8.53152046838385,3.3240387929012227,9.197895322453945,5.531541226580737,5.818024648834611,6.112738169121822,0.5286287522934329,-0.38997803884980153,372.5254775233044,0.4899275089070789,0
3.170260341065755,6.825944721734622,1.4309043539895367,6.7324318723012855,2.9107948537033037,5.431494674247598,9.613404531486653,0.7125546766401487,1.6947751995614873,368.5069761087888,0.27004499611546684,0
2.487627205236312,5.063609244658514,0.9945840686861235,0.23309603543582091,5.583636554925963,42.86576010766996,8.874888381160508,0.8889873454924718,1.2387375557805864,318.7095041788587,0.8598560096374435,0
1.2431386477229438,9.53808269109161,4.681762789124927,2.125792178334297,3.36620492742042,41.6046844935104,1.2672987278147851,0.8119093403280474,0.021321698429780378,326.4354613306496,0.13645086040048313,0
1.660549605849434,8.577656750306787,0.09262288372977934,6.8600889336861,3.2372306619411906,17.252301642568284,2.806607835655254,0.12015223238831382,-0.14754072142832497,321.74105127153035,0.9831811667303219,0
3.0497762909787878,8.118624701452129,2.188886359447845,7.667552105369484,4.907024229592944,42.08896722277133,8.364472290712435,0.21193510940612906,1.2080368824834178,212.04655106473274,0.5022712460589233,0
1.2283925784709004,11.768779602328207,0.10813496230896891,8.414609769473014,3.2187853603451577,35.874582887748986,8.278207706428228,0.8675003622569696,1.5097122878189912,471.836484503363,0.22668764961593757,0
3.553620742146306,8.998394287740396,2.417965240521645,2.9925503534822444,2.2118656224388404,71.77471440067765,2.8986330963923757,0.8504405452405303,1.1475513928874284,265.675308918313,0.38661165298005873,1
2.485439581041923,11.044021044525692,2.505236888972091,9.31718310314787,3.494471089241232,5.694044016272261,7.359762700723972,0.4499261048338383,0.9199676751072241,59.14755506551542,0.06460167357334932,0
2.441759731979944,5.976151653436121,1.6083123569737352,5.574174246421134,4.885862401433396,78.22023537747141,6.785966311435002,0.625850130121899,-0.31622582443405356,206.76260407474643,0.208196545295325,1
2.777223353978553,8.984445241905995,0.6608088876251184,6.995736321640139,3.307833681080706,51.82945732218818,4.840534856705624,0.9152604841857817,1.5584119498294164,108.62716039141978,0.3685728283470433,0
3.4740428977754476,11.07585738711632,1.8819376886723767,6.007714741521089,4.518236223980586,16.388258423395673,2.174258536254488,0.9204028129063867,1.2489859503751246,213.52270597154754,0.576694514814388,0
2.043427623706579,9.081740300959286,3.36131469966283,1.3151265412787427,4.640477777052522,8.507001035837467,8.908703172762046,0.8047835611848017,0.5518228692992433,323.71811826607967,0.1730068024126117,0
3.0340484576771907,10.02609924688901,3.9119790432222956,9.63483512791031,4.934944046905425,45.35792439194239,6.842941606206981,0.2886300445237111,0.534763286800342,60.19901353486585,0.6921651313739599,0
2.697195891987373,7.604304974685451,2.6537530119407116,1.3164682409521113,5.588521865243745,22.616762447886508,1.8561306638080721,0.7572545266185504,0.7075190834220391,441.5902390525408,0.8520626654897209,0
1.801084810508264,5.647146619259466,2.949171972198778,2.623331368470718,3.7302579970737257,27.587415275094443,7.107062979440436,0.19098858911235095,1.484829182535988,324.639103310679,0.5937226299502106,0
3.635889959065474,8.2053020658895,1.0030818556232635,8.154916014207503,2.6657283066498283,23.38491236258852,7.466050451854404,0.9045446135091122,1.2267786465126727,182.91734431654763,0.33205637486396294,0
3.3922780648207844,7.7613557358720024,1.4366516661382471,6.224109918860904,3.2757028617275576,53.76292351793831,8.891426794186199,0.23423392322084308,1.56873498183765,190.04232826592673,0.16532270921157785,0
2.9753555039752766,11.069421276652632,0.8094780502617921,8.397676737225934,3.7286690206959436,46.51467215871002,2.383824701370963,0.6961137761003058,0.5218483149761672,259.5506794322679,0.06475830983475062,0
3.5517451872827257,6.707967116467305,1.2464767500230567,5.2057882649030445,4.855565877312452,10.848081764135863,9.889790233051384,0.6492189468271138,0.8739471770547715,161.64131270080708,0.7452122163483724,0
3.601882602879407,11.767139592745757,1.124433901127659,3.8322330301296854,2.052488502246534,44.48948998813815,1.7032555407638281,0.7992096902916248,1.563715420687939,51.9538674924258,0.6470553998970876,0
3.1250889301451044,11.706966838631473,2.597243931956188,9.22627044552307,3.2631415337595158,64.3392324172475,6.086751140223915,0.59641975212261,-0.3030398194698539,61.950851680668436,0.5024692357336052,0
3.511039985091016,6.733421501500071,2.813443778953647,0.45889794339646905,5.119370324077267,11.089594311524323,6.64032975168009,0.15360991783815897,0.3320620407686721,210.98330238740894,0.146895774609131,0
3.092414385007851,7.436363688341244,4.724737104107523,8.575689181495154,4.683430813322781,71.7304232172815,4.3057383736054335,0.7352616286397342,0.861956710938161,105.89975447387373,0.2466739222007679,1
3.0404223152809013,11.268890186117195,0.9778532355076153,2.3850960733590383,4.926959894342421,48.372998708579686,4.855369545949789,0.4448391029517411,1.745438772074304,60.06365359118685,0.8244136885023101,0
2.855834134645553,11.766355546272752,3.20837855080748,8.502489644764282,5.247243077756779,76.29683519527374,8.930918947876947,0.3882565010971989,-0.9524919668616251,436.67117151567817,0.505858894619351,1
3.258149918672924,8.104073719852309,4.086296344937614,1.4780464728271676,5.13294287551185,16.110591329178174,6.5236874507215274,0.9925061945803613,-0.3622805254803174,173.36179113928392,0.9646912166384041,0
1.475815315879221,7.246979319486284,2.8012073189152624,5.844167740536351,4.728732664611112,79.51737495149864,5.070609390699926,0.631359789363755,-0.2966484767161288,276.40515972506057,0.9999735399995833,1
3.6426122775967853,8.682658092760795,1.2750182625053785,8.892268398213574,3.7586461294823623,53.32046494772576,1.457825711848542,0.7396471659424702,-0.020161959214617275,130.73408788623044,0.8106717700473084,0
3.615530583235696,9.814384444560144,1.312751150100001,4.788042504299016,5.934393315512615,47.56206496107971,0.27190872718671943,0.5736935232420836,-0.15464013873796323,71.02623750969302,0.2952744294117397,0
1.0877418491036774,6.914321607624858,0.19626526535499955,7.49101007065359,4.276292782360295,43.6459718084064,1.424692457887968,0.7929753813564875,0.7704163566867159,385.18983476986165,0.26955921407111555,0
3.477450251694288,10.15531222233351,1.5272211327424086,8.066249016770028,2.8110768374753565,6.7740779823734565,9.570608761269753,0.7768654619499777,1.656860792764236,106.23058459105253,0.2909526044026315,0
1.3866096024203356,5.361601499802488,3.7230183950169007,7.391292666296113,3.1712514204191375,75.47293936621836,7.688050473315042,0.6914315041121444,0.9109335232171683,61.57260608164639,0.987445824875725,0
2.0053565627774255,5.345061449350915,0.2375887860355519,9.260764395058523,4.774249823881879,53.299585464064876,9.677740009600429,0.9979687552993991,-0.27542032313692255,314.2536477185344,0.36857345416487697,0
3.2305247688748233,7.704013936018816,1.0964764125241533,4.523658882147293,5.698958260797854,11.871986337446842,0.5499453551400842,0.513814180674824,1.5912585502102536,56.060407589652314,0.7211244064624546,0
1.4822796881449247,7.474312344425044,3.53116249265891,1.8139418477350422,2.71488051682359,6.571412772089367,6.8661599578146655,0.7355731134683395,0.8961373674425399,246.3286751646447,0.9610668243207928,0
3.4539010723571866,7.209432507570066,3.9132578141143832,0.5733295306545498,2.3293859829831454,8.808772942756349,0.6340765587534964,0.8180001665244264,-0.3431136250362953,179.97622181501728,0.8286163394301891,0
3.496402533873226,8.43713833868237,2.276592050309642,2.539952709411301,5.526124192168025,50.70468225741805,7.864153394914468,0.4384312386350899,0.08499961149950952,193.73809322198878,0.6177236186741201,0
2.5224032012825086,7.245135076180999,3.490371692393244,1.517655288414397,5.661111915651338,51.05115611709389,3.9333116928049043,0.5114575247982568,1.3698944202193477,51.7545694013134,0.2105172484381455,0
1.0191576151505006,6.345805429276643,1.9397608432744602,5.623692540201357,3.105517381263598,42.47504688360808,1.1385005290436494,0.9722505397515269,1.2167935444613427,483.9557361722579,0.21619133244442906,0
1.8611143995247383,7.166286843620206,0.7995662251206376,1.9309588383961471,3.5091428974849594,28.007436548971366,5.76685708951765,0.1290619154139473,0.7297471085169276,282.63339611759204,0.5178019312899641,0
2.850780755127227,11.824329909671643,1.9907474676145327,0.4854437021647747,4.640751989991434,44.880704871098104,2.945177926693604,0.4017660885648229,-0.5656974917783145,307.6304598687577,0.9543472710805309,0
3.9435585340822703,7.87779391896394,2.899839101015714,0.4562993057998118,3.319720083369899,43.72263656571934,6.6638246303438216,0.537591666104803,1.4098678919435126,349.7551182104126,0.909269010963122,0
2.8954405810500052,8.11298943800835,4.740266409264452,8.33253803381213,5.508634833080212,6.456166990742422,6.650112643235146,0.10131849376227121,-0.07737241434175568,408.8848059723951,0.2078824526816962,0
1.7794107431924795,9.035814929657981,0.3437547604433866,5.955354321285945,2.430314810855451,26.185192274562354,7.109073246383378,0.9092143909059506,1.3147938169974873,323.5591023391291,0.3233337575360988,0
2.902017109298834,11.883385378899586,2.536970469224803,3.645044488744444,2.151928883840781,8.988900610036211,9.926157772022039,0.3576199601909429,0.9426990972867764,392.989147471989,0.6093707497781765,0
2.6199561391475665,6.691208935050341,1.6445988910536218,8.952857623128445,2.833944826971158,72.51160635857416,3.9896375574845733,0.3319343488984999,-0.20748915506944543,251.93088246329404,0.5035589676403166,0
3.3395361854534307,9.768974773727036,2.541558471383473,0.7949464529363647,3.144351112819876,59.39173720888516,4.760091649953989,0.8382935758183676,-0.36289231560202995,217.07381318201973,0.16339466890768672,0
1.3209419164808751,10.01189285479207,0.11987723688265839,9.805188520005476,2.4517063651555002,79.70863776446842,8.08519467004834,0.3501849056522278,-0.6072702302268437,420.41025836698327,0.4008418276484034,0
3.283083707506084,9.251270917551462,1.5651267735079066,6.201288723519164,2.262761717362587,27.66284474789659,5.868026225614477,0.6918603345118202,-0.2741612902356527,439.38973587805833,0.9569786492725317,0
2.6237997360283307,5.620048377456508,4.099340737635025,1.9162961142916,5.022430854007193,70.88643858176827,0.5651206647404365,0.8393528295117633,-0.52651293265258,112.0130014041202,0.9538701135072776,0
3.888976011576984,9.738105930793036,2.7697086692731876,6.8227840798719885,2.6571062636090295,50.229070094936134,8.462169498546594,0.8132291629393351,0.8511537433632541,294.1970841320275,0.581454586975262,0
2.025616498116058,5.448662977253228,2.252912464080587,7.65747447185727,5.655688796265216,38.98440551777037,0.7046870829928016,0.8037556636833361,0.7963493569317608,357.63909371877173,0.6534982394433663,0
2.8978656794018445,9.172998546849279,1.427625358576698,4.350493555370667,3.471998645792384,21.692983346647633,1.874037337619486,0.17977381287871136,0.7585161803983915,87.61943148438507,0.2608109668160097,0
3.7960843165300524,10.177068240552199,1.4902126139567795,8.630162801830918,4.682423238885382,60.37941239646071,1.2003836763470346,0.17186227081512778,0.9256694276745152,468.31856753423824,0.7548550900995997,0
1.3075291839720378,6.476789234339653,1.9155071679529223,1.5922508322350561,2.901608459075201,72.8105561678225,0.963685902234978,0.37609303216364875,1.4443536018936989,284.0493977227088,0.09987137777813729,0
3.811685461709353,10.891354052799418,4.177853549822802,2.8604920774183227,2.9612910739674674,22.648129855652805,0.45171177798615997,0.13235309307641602,1.7406581346494105,340.4558377925385,0.25964807875573437,0
3.06365716690244,5.2124766387310295,4.836066034041342,1.0255743796814987,4.298836811470301,18.15427512302094,0.7392715969292005,0.5503867628673379,-0.3088733862947136,130.20923664065916,0.055589503281757935,0
1.2035111773155158,10.906690045608142,2.1932769067518727,2.1876906220127865,4.2425717005839445,57.21664362536502,4.535904053952338,0.4553038596431964,0.7633234705067771,168.9956104799423,0.41641619581370537,0
1.9028907008404488,8.222303354499356,1.9667641937388092,2.463415237920336,5.074916912048325,78.27298720441394,2.6779522458296166,0.6013233212888343,-0.7649913362581856,104.45054750654106,0.8577481387669872,1
3.1245162659358447,6.523115579521511,4.232753879099314,9.18456859012493,5.031253222777064,61.24663258280585,1.4400614575044237,0.36890968480272146,-0.6395726849332146,168.79942483424998,0.9833811532544712,0
1.202051804406315,5.936447014957776,2.134526603181518,0.8732859186364464,4.682751058654644,26.34355542857367,6.655314318719956,0.5371786026913844,0.9630179388841715,271.5785443813095,0.6843681766115294,0
2.74651138052882,11.673150173076607,2.7600908614782558,4.331409689858323,3.796522263573964,36.49665681108392,2.4158967242157336,0.40127028927314845,0.4597416850713525,425.13331975578336,0.7576233511551108,0
2.03764917085887,5.508659113068097,1.1547083229937223,5.370747003546438,5.562561545122469,33.82382265937788,0.3857017223791327,0.2756872830009778,1.2749962605033014,290.17553675916355,0.299612099304193,0
2.8627465533024314,6.39365393955148,3.717512678895376,8.997061232641391,4.490313960885195,68.90712635352841,4.300513880919812,0.6844300130240334,0.27703244297171414,160.00861920399325,0.5443160588143741,1
1.1372261014375384,7.434756432031322,2.6599415913539093,9.977192564746014,5.960793961849429,62.85280841541679,3.2422433213873902,0.7060923113492666,-0.6172047795011857,70.07948370082758,0.7497490038840966,0
3.614610418457129,9.341643942727844,4.045172751201708,7.558542337706374,5.277479271737434,49.173157607114014,3.3223234271956295,0.846308523474775,1.6161609614924766,329.886426158152,0.5224120346684401,0
3.920466907532191,8.81360759693269,3.903663650143349,9.710830806633393,2.177239244953305,25.62193327976774,4.563646276179303,0.8872766048383524,-0.7513345865640332,239.07195381499162,0.13411907250834362,0
3.9066335658570743,5.879504446886198,1.0750238413501427,7.89230121210515,3.282375628321271,75.34913957915421,6.755356486895922,0.7340157139311239,-0.4331060723938539,492.9592400676815,0.7538209835060937,1
3.248955495228774,7.0280958861675025,3.578177752788812,9.635706145617025,4.287502865883807,53.998641857685996,6.241495376372342,0.7187482780277608,-0.169069402114447,400.89194843526184,0.2585861722810144,0
1.390258720391896,6.6712623976021685,4.000272039756857,7.101980186850106,4.885878151485949,77.78574848313369,9.38516377593098,0.15100809880282526,1.9858418211962805,413.7632686730162,0.14281278739077302,1
3.2747895877870676,6.49479998143239,1.7305362039119754,0.8896579119656036,4.201345991047766,48.50877747815231,5.27362332976471,0.1988013173123544,0.25057946052795166,55.50576029617856,0.5041550513841129,0
1.0737607493764045,7.878010355359909,0.8630455645113727,4.0790098512274975,5.144521689848727,66.58945687727106,4.831185115305708,0.831306439351786,0.5051255914343447,400.0078998068257,0.12087862390963247,0
1.0663706545869918,9.928220168141598,0.0131607778979409,6.501313109644457,3.1306226110293784,65.9829034545895,2.2914614651255905,0.3096561354612684,1.3090902529216053,137.57598980397177,0.6479714836325711,1
1.9708306574486238,6.522170525520652,2.254518265465741,3.572113243597085,2.7356482049313002,30.299658262519404,7.602736630711937,0.42000855419537475,0.909246756016441,313.6081425297376,0.658449587797583,0
2.465929571213997,7.56675215792087,1.762163657694208,2.8065007893264085,2.2156667351590804,77.30155422179212,1.5796026068999902,0.23076761830828915,1.5242620758240002,251.3397075420734,0.2938668744763588,1
3.3112222534233795,7.736421987888136,2.7745491691270447,5.816252744617601,4.293254978286088,6.645610069817299,5.013102320240745,0.2756367717174271,0.4593003757636813,307.22173275995596,0.9663077007172138,0
3.0498861298195155,11.835195706047871,0.9402054629439288,9.341668579354106,4.7543980827019805,62.653318157556065,4.328957544196956,0.7978755118331856,1.9165330624796661,110.0495882403483,0.8332290074091655,0
2.337708119130245,11.682664498153482,4.298327738332376,0.44632054780992025,3.3045988684774463,77.4167814323033,6.651348608363152,0.3356736575639845,1.3904370847589238,255.60125663501586,0.1541076100047411,1
1.8208799988449975,10.600963079264531,1.2887760781405482,7.715388915060233,4.454336739423507,30.418115246279214,9.192690405575256,0.5041314696377711,0.20409616493979543,66.62510867824841,0.7610865209721402,0
3.9913735004731334,6.691612445734297,1.1321480254382499,7.255000052641808,2.208628923413317,53.6082940843229,9.47663679668258,0.23650423575331536,0.14381546883574403,68.44970667183387,0.38542095322934267,0
2.278543906707919,5.476261198641688,2.4035702824217795,9.643138911344042,2.3971733851872146,47.166743738315795,1.8444328181989524,0.7101369156844888,1.7884735761326533,345.98215884833144,0.762774095566511,0
2.3541610729890263,7.218328964044373,2.4942551187213713,9.314041101092181,4.807019089033993,62.11304822573928,2.765808739018347,0.7554427607201285,1.0532469074441515,478.26426806248094,0.8107550527349784,1
1.4908714635750075,6.867561846036816,1.0754261439254642,7.646102364237509,3.472278820869195,69.96334412337893,8.154026135654124,0.4255230861088425,0.8643009035769158,399.8268134171524,0.19380915325743853,0
3.384428646249788,8.541480601024757,1.3593036336295787,5.252046770357727,4.685336124412022,50.2283426974661,5.2791416720020905,0.8062719815104755,1.2734919123014325,261.1201012569397,0.6787498855960075,0
3.081046677344466,10.444095370474551,0.8485261957762247,2.1222487770118468,5.326884481119672,66.19284397860926,4.639738769886173,0.31591598672991383,0.6825014843351345,75.14183304156782,0.8695934624648431,1
1.6623088383662812,11.008260572152006,3.592300891615834,5.497833611423186,5.4104897499044675,28.42141819169414,7.164129433330918,0.7227134758901405,-0.5224996807428199,70.25906725569689,0.3572049428481397,0
1.247143136847528,10.91404859787356,3.8504451562704096,7.676984739804572,2.688670581857804,22.144029402861268,6.098864535548324,0.7569681232784086,-0.0423536137647067,121.05151749862614,0.12631188897191614,0
3.0414979062241394,7.517728928561475,2.311642487296413,8.967125205115142,3.945142289405386,37.30007671496301,9.712997733329079,0.9717916400098986,0.6738345911269095,489.11472677031196,0.07590410594223881,0
2.9635336428434056,9.810640404224781,3.5704351134250873,7.918148891184436,4.935706894529946,55.830244968558745,5.922951592425017,0.30908949866804464,-0.9454965372184991,229.39747989852341,0.15450091237689215,0
1.8197785809946279,7.18983938266954,3.6796769596872276,2.0331426583914345,5.095922385067642,19.043521170404272,4.766543498203083,0.18433943203847747,0.31205211488968354,429.53328134269026,0.0539956252188632,0
3.852590686751231,5.426338802646279,0.691377638389043,6.036894510857788,5.138703922915511,56.02641441139186,5.519610148366122,0.33673188006080795,1.2674086378278102,367.31409752686864,0.3605986452731868,0
1.4531736753427007,9.910956859220596,4.830890124172684,3.3885172493604347,2.912669337522338,34.55702364290505,8.12369020363034,0.21057597692390717,-0.507297986451183,322.4428966472298,0.33436215856432566,0
2.2970044031278056,5.068792867988515,4.105159735482155,0.19113610716736562,2.7701392708950934,64.6681455419474,6.204215556495165,0.2527248776448787,-0.8063231495292829,476.52175024418375,0.15482420430304722,0
3.8308477605027966,7.86427811220942,1.0224173059791175,2.082187264307794,4.360049873094784,7.762686282747747,6.541071295589834,0.400703060670377,1.5080874221830953,153.68520677855986,0.668561984197658,0
2.259181950778367,7.30565488511453,0.9308251787303512,1.2208844343411478,4.964343190952879,55.09869783720459,9.720101024358602,0.4725916720498008,0.8518216053900858,254.70034811111913,0.9923110399476294,0
2.9155778429922568,9.853642769631968,0.6283057278979137,8.442919323040739,3.276558062136773,53.736675248747574,6.260275747369483,0.9133518031762417,-0.4702630825316081,439.12533455356794,0.905880094102359,0
2.192783193888383,10.363718309322653,0.6918928127095919,2.6592118962633386,2.418820627449686,75.57016070939858,3.9267954336784907,0.276054194350019,1.4189149417495805,298.2925884390097,0.2902080696932022,0
1.82264560704601,7.128662451798987,3.740808995143481,2.9185098919867998,4.86698553164031,58.50256651730528,6.974995064725407,0.9745830783290945,0.974388414461637,160.90031283174994,0.7814825513229696,0
3.9519329438794846,10.681389101113975,2.348271284758118,9.603372060808955,3.198791325520018,64.7226422317461,6.662702090377652,0.8291378889065545,0.0023578089453146767,144.01238757902456,0.9400201001207682,0
2.228002018945129,7.057417323534536,3.914670863699336,3.8529585581836368,2.6654508972468873,72.84432618898762,0.3357068279625427,0.8933242509040968,0.12858881588521776,388.79645046903545,0.911046025193271,1
3.682297611037403,8.124284519905927,3.731274471751027,0.19489783742950612,2.5908941135885266,55.62889387189909,4.779827108501165,0.9364995907662191,-0.532335510438855,55.75500241343993,0.890322045245724,0
1.6898638176732586,10.089129689098938,3.023063567526108,2.910076868626752,3.259638190106865,26.761522621998093,7.480455308247514,0.7779170774270087,1.505766782626221,461.3864348312973,0.7971279865687138,0
1.63931411207525,9.85044160457352,3.4318330328933975,1.2810658479579433,4.3707122636549816,70.23303496876416,5.090606285667064,0.809901848455355,0.5270199549312262,58.288094651841355,0.3283419023054951,0
1.093402248653534,11.9115793061854,0.09177862189570896,1.1178047611849542,3.4336089547752664,61.068358960698134,7.840287132166817,0.49403646694505765,0.6710572299309816,333.94507109631684,0.1293849129002526,0
2.955000476127655,6.576127169511523,1.5588882340251098,0.8671241723439201,2.0826474063737264,36.83282030006701,4.618660224990622,0.5594052112086195,1.6504757455932433,322.13658264890324,0.5134283852036575,0
2.1055790311712834,9.636225394777076,3.189110896297051,5.973268754736235,2.3876337387112443,58.28968794874716,9.83655165684491,0.9392368840899709,-0.9525081506407183,310.28501797465145,0.10205157763852002,0
3.593074749518911,9.26777335793044,0.046724767431221004,1.9745424639356006,3.1620129887944763,70.07666578858566,3.0703375741981094,0.4404303203973845,-0.7992308124301238,263.45437289003996,0.9985500003082773,0
2.4196297200746715,11.405689181430208,0.16488471841296704,3.6763036610060036,4.6388179285883675,78.17390985434537,1.1028015598315208,0.1377523657577865,-0.515263054420555,433.593649709875,0.39039419891150146,1
3.904580283744165,6.094534991514125,4.259439912351916,8.633975389687166,2.3940602938741353,76.42636279692915,4.414115651310154,0.7864789469272956,-0.9098865607355633,346.6997916307179,0.9604229224694495,1
1.5565765471093633,10.26258714510853,3.420124308460359,4.300947583983129,4.242627414002728,29.399587007310615,5.508748443764407,0.6158417605457666,0.9744684698731985,401.8380266747271,0.7844649423058698,0
3.6058695038668325,8.977880313881379,1.3268486656017198,9.165344365511212,2.479543483296017,36.62702852886363,3.621118570488123,0.8333883661089805,0.9016384045649621,101.98481269063541,0.4407264060062598,0
3.329790558375225,6.922661088515338,3.439814200593545,5.0295867286165015,2.846461309397526,13.215245373302846,2.5743553691559984,0.1679961399498659,-0.3675942912130432,72.45438685584907,0.16239584208023763,0
3.312765533932156,8.32104439903022,3.9622833456963162,4.048482486913582,2.688754110223051,23.56582152635345,6.786175175577793,0.6591087914282108,-0.5517806653399158,62.83782901840039,0.2753334358274802,0
3.534349684350663,7.336436179488585,1.5339714155505062,7.528850378197946,2.268914542283242,71.18159063652126,3.895825978591271,0.3229352991916822,-0.5629458958401798,116.24269346311674,0.6893923473419323,1
3.2830719728289965,9.055193819519225,0.18018688749593725,0.8244334778032208,4.685319269546361,32.063744470951924,6.387411585186242,0.9129417350450356,1.859724239955927,350.1535506144871,0.8384384432098175,0
2.8786609648942463,11.22300427570266,4.663895623438672,0.9858359915259322,3.853614189544138,51.54144939461608,7.834900196268004,0.19891894576757113,1.0805135858742245,272.3097900835269,0.9804684672397519,0
1.3937346330471627,8.985134890885414,1.7258991914781525,6.55453976783731,5.324213763589353,54.947421373027495,7.657825752048233,0.8587623454525567,0.7562864853952378,388.5135152729319,0.17555407481301927,0
1.0975785384737557,9.42205692828609,0.5324088164235319,4.920713061068557,2.395563359929268,63.6371956357484,3.878031244229775,0.17969882677471932,-0.03253938458471717,136.27865153394836,0.19814997811568924,0
3.7625435434470607,8.631234929802966,2.4592843569657368,7.925110978160181,2.578931733352289,18.710002268422322,5.765402643711713,0.12258761994729829,0.29912959372636894,215.13336888670773,0.09031750285563905,0
2.849950943562214,5.358158545118331,3.842338978320669,9.171081289700961,3.2258309254018025,27.86098509608266,4.606650599538876,0.3115534870377301,-0.731782356402377,449.82389684729526,0.2973462992270792,0
3.389611872928529,6.630009898132659,1.1082365730877957,3.944832088948321,5.063463947755233,38.62522560936355,8.733891476554671,0.3997400868340154,1.9944556641650042,471.07154571284,0.8300140668707452,0
2.44456705453765,8.44401210602458,1.347450250666817,6.004459263187997,3.223035292622795,32.36307959287052,8.811833102039992,0.6638758946306841,1.2652563907149044,464.7781197451273,0.23834401389436227,0
1.3519245668871833,7.1716469862129335,1.2135749339929158,5.056896615173567,3.6336748299947703,78.71789246447673,3.568667512302761,0.2185521376249484,0.8643594704846835,418.23726989034316,0.5704715124003156,1
1.3755573766076514,6.272345184328359,4.958365264158391,9.817945490860085,3.2064142651886582,67.62056024102844,1.0990269892115612,0.49359694023196754,0.7633015856836467,359.70614536905134,0.4740868381057189,1
3.056695861686914,8.52892989342907,0.9870186686527127,8.327735632830292,2.32089716720412,40.97650659653645,1.842308336575391,0.2838372418925864,0.5129431160995175,461.15505231235863,0.3595349302231292,0
2.290917684698388,7.259668554134953,2.87760108483062,9.126203311945801,5.757734491584749,70.94514695648509,3.796617072882661,0.8697729893923569,-0.22771771697591248,371.3817163246876,0.6374290927817409,1
1.6015741801010102,6.806753502213903,4.626323208284822,2.6179668670182816,4.194155968284756,31.07397106874726,5.729649556677309,0.1404698571561745,-0.32082878962079886,479.2713119264722,0.5272094998636858,0
2.4747836402243104,8.247897922082664,0.7344828443888962,7.748011589309684,5.151332752741987,63.93712429176984,6.636512707451407,0.42034395401966895,0.6485973715676732,61.154749416599806,0.36802501481035294,0
1.1926268112254022,5.932989806575212,4.854270989338501,2.7281849274767245,4.633428368741184,21.775669857984024,3.4474362536028025,0.6682366719721979,-0.789397556326145,464.7389386525597,0.7044083408640047,0
2.7459142057431962,11.49422013152785,4.737386171978123,2.16655108094106,4.0570171162479,62.92415339197745,6.741491372315061,0.9217793602467451,-0.7765876033943929,300.0832412627187,0.31596978148661287,0
1.806980213305293,11.073914685434673,4.422859935291313,9.448234980589953,2.3587130266375205,39.234005239679625,9.389851840002809,0.8811940804245058,0.6824408094810503,100.30898831920621,0.6610241728047569,0
3.3926773019115646,9.953344100183747,1.0727826066500112,0.2911137255068798,4.570934181081217,13.062449074418176,6.589738446255716,0.9056727995654472,1.7594361446307176,146.7100713817826,0.9593835749244733,0
1.9310858767707213,5.743496793119194,3.1702752800549168,9.657348166267953,2.6214814237473285,25.49468409166867,1.7539392485546423,0.1565679643146839,1.7428155533895637,433.47167776171113,0.7425043802224406,0
2.3656604472454035,10.431140781287851,3.8044573648062006,1.5776927801891816,3.6575326774251065,35.170596801767346,5.8807553471807505,0.8568309353171135,-0.967515098017623,277.75262968093216,0.44747958165451157,0
1.034861619724302,10.655701296763134,4.930139640982149,8.212437009753355,4.516452573921722,61.196968374832785,5.510576064316432,0.8019213206897072,-0.6778173530576507,492.26797557285647,0.7601813551423987,0
1.2173406633836765,10.374352324000363,0.9021191104068521,2.831633275374221,5.128916001888493,10.473703604821313,8.732861086804522,0.912188484348057,0.749233081276085,102.88899927723696,0.8187797259601427,0
2.1774806692200546,5.797761209834688,3.830129497596482,3.571953041564201,4.740180702834478,54.46602463194797,3.6329699410871488,0.3804186405322012,1.5454271654184923,235.6265587550581,0.35954844364807664,0
2.4398165041513704,9.507355699474353,1.6940058496355648,2.2459013420876515,4.686134116218515,58.70102306996327,4.344866978555464,0.92058859564603,1.8633472599704861,199.34349938634205,0.7198756048753743,0
2.8000616443579114,10.84027357024579,0.8781323278400116,5.896589020562688,2.59616883670083,54.044102744431356,6.0668587437676385,0.4623769765778031,1.5817466781373377,282.2609462292148,0.46267638626974394,0
1.8749877361279097,9.041473808537674,2.1068847060692746,3.5461459203279535,3.3845141602863515,62.05022286256667,5.33936805507185,0.67068971697322,1.0328394058893675,335.0470184913733,0.8275963576927753,0
3.0849456583796275,9.524851626596623,3.9691795607430818,6.608191090997166,2.1716490906407766,18.36264620171287,7.246362605570709,0.48176109208629847,-0.3984247672322927,347.7332612217445,0.3306087154165927,0
3.5803671915676136,8.208544355984143,2.324249018520261,0.25490844762645315,4.877907572705858,49.0327516297278,0.595812110942459,0.4848835874640861,-0.782135578063113,50.58314596030012,0.940871686523211,0
3.339552966680049,8.700951239188369,2.6876155010152427,0.7373113467988922,5.8103439252696765,75.585871040291,5.722456988228207,0.5919733169154114,-0.8574526519430659,90.03219520170558,0.5960475904007748,1
1.1188564760450714,5.240638008462076,4.975797051000606,1.0866454120393616,3.056441560716303,50.80882023534033,1.3923845514379776,0.4203340386587403,0.8362303538762341,65.77872514517836,0.38563814823892945,0
2.441520841773487,9.472741153812992,1.9955464977871302,4.248037484571287,2.3507868366492373,50.85022602147148,3.2890481266932694,0.8134632948423122,-0.8914341879539268,439.0696158792248,0.44840270527623094,0
1.3147905352545246,5.570130490238114,3.077003773546199,8.166482109333764,3.9022803070146144,60.23297315849517,6.683943243017426,0.670274861873715,1.2177198693966518,190.98151392184502,0.38040868264833083,0
1.7261350475875825,8.045102160381564,1.8262210080768593,8.892961312745989,5.426792892510275,29.990317409439427,1.7426591658033415,0.7207801853850511,1.137412212052907,215.17854884436395,0.18893401906429752,0
3.9599877798014393,7.048585683671854,1.9639282316435247,2.5236263266029177,4.207896781087118,57.53569259911554,3.226649987945363,0.30793132019958724,-0.7611675256699633,252.6670620260117,0.11506777704309576,0
1.4274866287045396,8.817995651481992,3.4782037672270407,5.786260269966238,2.187108600760453,73.71753749849113,7.089463531786058,0.9726177596332531,1.7198670951103838,432.1869787641091,0.35568976038134786,1
2.496664460354068,5.93391434866245,4.689434880474417,7.706813427656745,5.897088962111784,5.817160476900725,6.577891376762973,0.6941584879956688,0.5657878658759068,56.37481743296071,0.4857559190242804,0
2.8544672029543574,9.841503813813228,2.711794752461607,2.9594113562041264,5.314599639850403,70.2584780831649,1.092188758255433,0.2774762780773525,1.7133157020131948,103.37822347093268,0.393726092464218,1
3.107394911632312,10.565080758499292,3.841999644743899,4.149176593689105,2.5263763082060406,21.39637484441443,5.8572312362247745,0.7754412191239304,1.7048301685649663,358.32340496340515,0.06322352848394659,0
2.678946050460742,6.1434811482020955,0.4460327940848191,5.287344606588568,5.687191026014036,39.19424552752814,1.6430937268026666,0.25634269288686046,-0.4088978083386451,483.7516352184187,0.6000559336548547,0
1.0293125422575509,5.730191611463175,1.055790187159635,1.4352609794396725,3.8027531544207545,68.92608507144784,2.6722595114020287,0.15704640666955755,0.1417328838088543,339.2538895836534,0.1875756558963937,1
1.9793839247319758,6.018608379511514,2.510658204597662,0.3572247078852251,3.487591962299765,66.79340955924718,4.700270530630632,0.5747980565312509,-0.5961209994885512,167.50556081038545,0.2504550146335352,0
2.553134930154134,11.139892933289513,0.10005861814387396,1.6127775122510042,3.844213322108753,71.89456085945419,1.2715988683222534,0.5981715587461125,1.3249340304089623,283.9389929539778,0.16471110756714044,1
1.2635994974345,8.697324832294493,1.264274893812794,6.30585085040998,5.338287827483789,75.53125944743945,9.937740285601954,0.27006901725843874,0.5123747466135877,488.7412140116454,0.544411093527091,1
2.051880793627542,8.270826972052518,2.587006449124831,0.8288207891834486,4.637918713147143,38.536771757881894,1.8206216983292112,0.41354104986294316,1.786422726184946,287.6344459555059,0.1404013277933191,0
1.0996093263740998,5.74698273371648,0.07480599128150356,1.9779940120162705,2.23699380959891,54.22728581007552,7.856863758600324,0.9511923661108272,-0.3753543553711679,218.07843337769108,0.29353938672471713,0
1.2357354914650622,9.546892047298734,1.3227314311302085,3.444753468383507,5.830417484464684,34.285883039458,8.332420681227605,0.3565029088787409,1.065102984557678,222.54149967742416,0.4791232817389933,0
2.1907698286047883,11.07599714326563,2.5701540973793473,0.8709136366330268,2.591136533913271,31.303753811912436,9.945746904980814,0.2400112546888318,1.9677104833181263,485.1650788662788,0.20932344091327765,0
1.398147262129181,10.79730108526417,2.8657462399062283,1.997822784500181,4.982271806941404,37.36965579482521,4.4008015349522305,0.9933057627989086,0.996143785462974,373.51243702926763,0.47392929361674135,0
2.7026225447846746,9.38238296286561,4.628758465276527,9.121570910936759,4.544546121712524,60.7307101087007,8.766126297365533,0.3720749827424201,-0.7936782015078621,359.2277850299212,0.3755983694315223,0
3.0683949074117973,5.526951016561715,3.2267281162530392,0.29106140904714917,2.7501121917862434,42.608056035616464,9.58388650236514,0.7122283058314708,0.7652730490855717,154.42444476083608,0.8675673185011255,0
3.401760097327249,5.786779190232091,2.073679012649969,6.568976049326185,2.6829283044521985,66.05447558362565,1.8943626199677381,0.30840416329533976,-0.4604717509562899,301.76808699360845,0.8051580519968748,0
1.6004507327344304,5.3451629097687725,4.651755885665339,3.905648416060331,5.481310374818769,60.89138578971169,4.89847367278342,0.5951090772877504,-0.9084916677420538,210.53533933504104,0.993211854292255,0
1.5024477467772093,6.802354515447285,3.9244149169389715,6.759222520380474,3.6787796939983886,6.535884584329949,0.7881060247896596,0.44765378794865396,0.004882091915642484,158.0906866342774,0.5524661463171752,0
1.3137035210032009,5.949630270122644,1.000044605563738,5.928048031597705,4.618306056696554,52.26786178296212,6.2830953178371765,0.9654213350432697,-0.20168775083780277,452.99852870634703,0.5966272388796726,0
2.90929074863091,6.820336281767037,0.6542118067440988,2.3126376681109786,4.016284015426693,37.74283424814433,5.897780337194351,0.48952528709543897,1.3663126964472623,222.42011394317606,0.9493135557099461,0
3.1194271794607036,7.695406390032732,3.379058178713665,8.487373926976547,4.909414068303838,39.24717418633562,2.2004375896993325,0.6257567657635518,0.12104162323430145,177.254223112129,0.42961260395314255,0
1.0947584344769261,11.600879488497949,2.799415827884919,4.970209787832631,3.916969500157322,66.37797904024211,8.019447037162436,0.9502896393101324,1.1988763411555894,469.27417847376563,0.5778985502827827,0
3.8086367387310696,9.272632418471844,3.9483680689637786,8.24310658724337,3.1495196610222735,46.07059895635076,0.5652334830826908,0.9903108699441596,-0.9512830241520057,138.8058784052564,0.41013122093919996,0
1.1559138509544171,10.844816499780737,3.694025250393432,4.11952410826337,3.4535334839859857,71.42163675942103,8.10102777645006,0.19149252760449686,-0.9555635996998268,385.4771531224352,0.5685676706031882,0
2.6238890059032114,9.972460504986326,3.126057669287575,9.848386983760866,5.436310777801371,58.46041942937678,0.46112385340590034,0.85088864083815,-0.9120596273573287,343.73621500891824,0.12672811089166247,0
3.127181558352749,5.787521913686422,4.931910858144461,7.727844649162833,3.872138771690908,46.46300065730396,6.636922358936233,0.443904844768524,-0.3419246746522586,464.2179927675285,0.7946043886765448,0
3.612907371238257,10.151442844617641,2.6679486505520433,9.662907030614477,2.853797328978437,61.59034821133278,0.9719412363660327,0.6353458355850515,0.1219633550856849,424.4212119052752,0.9860159500575917,0
3.1422607963972835,6.925692170913871,0.5655287825085992,5.191832141207602,5.738421552309013,7.876178819405547,2.6620100892607654,0.437543271059721,0.8235374093505636,367.38284807283867,0.11245338231757623,0
3.4051842492093756,9.473754928962943,4.141367824079942,4.7895422096779345,5.186401825993508,7.031274112115581,7.274750823255991,0.4610045850893131,1.9577416574809186,191.55724731369304,0.8109877437199007,0
2.0183505776284183,7.38673381550092,1.259266811728545,7.578992712320052,2.2226645842247965,11.251199519063904,2.947967036328791,0.2429717823866004,0.06322870104299771,273.00605507174714,0.279648060470282,0
3.444475341239537,11.983705842852615,3.8865107407195914,8.81488350383296,5.995771847922072,37.817399386035696,5.209503717433801,0.6154898125850793,-0.8330232797285013,475.02309260623093,0.23766970061313225,0
1.2403445391540253,6.844860356477445,4.785535480000257,9.645043379069024,4.779706785760409,22.658760922020733,9.169433041297122,0.5920443513502522,-0.415299515002454,60.441183761672086,0.7087018783597837,0
3.6844499681815828,6.953913295419888,3.483977569821706,3.3130638697217476,2.6410663961623477,78.81959708118384,0.6864166695584678,0.2704202096845599,1.6935555014445862,407.4493207190175,0.09192563612875262,1
2.6427771284612085,11.514705788936787,2.9801508047490053,8.007175281042127,2.9486707251943858,45.67176042585252,8.1485819786096,0.5875573864005473,1.0981375704431269,163.3146577042457,0.4900773798897423,0
3.451893309887481,5.172510832454258,2.301930878375203,2.1853914165918136,4.769781924966187,54.681180956086884,0.8396655859711974,0.9757916943679775,1.3706024721156798,133.25762448220627,0.05137224261955526,0
2.3569548535549005,9.876822915112378,1.8220493299770162,5.501186032779907,5.1190442211164875,25.91151021850225,1.4425894744994312,0.7429677362684107,-0.6274953829816221,154.5010764900438,0.5766743272141502,0
2.930733085589575,10.077284735151146,1.7650237548591812,1.8804966692510718,2.9561437725992246,29.13476814407066,1.3693272181142664,0.5328843036250167,-0.5950390338774763,76.88794617358121,0.48897758434504207,0
2.57920798280834,10.854650041872794,3.181863528547953,3.539233881328355,3.0278754155970833,30.15964356058669,9.942202375465117,0.9244755870232377,-0.663261977365312,496.39092092877553,0.9197084763466389,0
3.1947685652659956,11.821075174469328,3.7563655846887296,9.320447835343947,3.2284827794882434,57.40517788627255,1.9658259294490275,0.6177829208547753,1.5715074929285748,441.44111445131523,0.7342583076451946,0
1.2448899460917686,11.829213434096566,3.392585347422072,1.5462979277535525,4.3920734593465465,40.527965576698136,8.98826609331143,0.22154319885502305,-0.37009717391918673,284.4751858845023,0.1697058632849942,0
1.1810562519716914,5.4569373029652475,0.9920505059678136,6.360768861838445,2.6872647132051077,43.82627393975558,9.91113519687623,0.5927586830312107,0.929455236139165,371.79643035069137,0.3868129617643499,0
1.7413097020304393,10.752875259270319,2.4699359007174557,5.970247301981293,2.41697279553911,49.400223661950896,3.9610907500405204,0.262875803829281,0.5484990985497773,300.46791331557847,0.9350007811948713,0
1.478634040339565,9.524169535601668,3.958200360915315,1.2953096918189662,4.715456356342054,62.66087421786628,6.384275726581118,0.7907543548729068,0.6331697356215611,415.21052500287453,0.7390674399103853,0
3.615350699776605,9.531394940611637,2.3785203909452814,3.3271925333112407,5.11639175917268,11.777731138435861,7.835094286883404,0.9704567928652374,-0.41369392482619527,430.1443362006551,0.6145613592369746,0
1.657641962074133,5.898449486302864,2.6831163986774693,5.67351689470113,4.003717617666021,63.265543416411624,4.047921801994842,0.42473672608899726,0.9057382803619687,154.75569266894058,0.5811180112475567,0
3.927595767457394,9.551310165119574,3.855680240854111,1.9530682289860537,3.4553308410735415,47.24263016563849,1.7857785768785115,0.4914260921126751,-0.8706983966250065,256.8864967926106,0.42819354308368346,0
2.0106873753133208,11.877378064208735,3.3063265313254577,8.026174198486872,3.7281708541059055,55.182158364144286,4.4508748891671,0.47934682015476704,1.9804168287728858,335.68148038530694,0.6059413895355287,0
1.5463537470660977,11.382729986776129,2.046724604411963,9.724349444394024,3.5536313354878075,29.566382363057148,7.764498921028858,0.3567699782153937,-0.9197232805218128,490.29837377372377,0.7830811941242108,0
3.3690955214274374,8.073914625633954,4.477063555971094,2.2261180596284738,5.839939632950701,35.704012761233685,7.851475074934351,0.814761968390768,-0.8495303778524135,357.21022059327413,0.1711607925385491,0
2.9761233265026283,5.279635813002661,0.8128353433173929,1.9504284514267018,5.072359620876561,22.33743647404402,2.459280163274951,0.6559554994722963,-0.026057740324956002,453.9357548348708,0.9713391076657184,0
2.494587149359417,7.536054430001434,4.977582242951623,4.603857210794701,2.832348859400441,78.44749980630539,1.914663270929316,0.15764640117090367,1.4948760673086152,430.75042294418944,0.2773966256345257,1
2.6660906528128936,10.784732181203886,0.594262892381186,7.502876243686318,3.5367566082159203,42.27522293827375,9.221494880583426,0.8549257015208219,-0.22843236466977124,311.9283786553538,0.47535554736550617,0
3.1576053348167914,9.910493710256162,0.07474985552119451,2.8878460413289893,4.176049165452439,79.70576868474484,0.6311904994714435,0.26837940803788657,0.41580504137398444,452.14491202785,0.07157984341539289,1
1.6853642239938962,8.215405589157694,4.450094505743824,0.296811096103076,4.451943448254754,41.73394835459497,7.400437062497852,0.981236045538209,-0.9460680064714212,219.8397775213555,0.5728286268105611,0
3.989001748170226,5.385710746111817,1.2247675418297805,5.45808421752565,3.8727355841150684,21.48134482880505,0.6549295773781894,0.4389968251023092,-0.7633620505490674,220.67758870174015,0.4127735048985426,0
3.9243794864403494,7.988263094763118,3.6484981372336045,9.570345620896346,5.240506540047837,43.05892975526425,8.41142049843768,0.6548046824352914,0.8238981456221213,401.434539459201,0.2872680786593484,0
2.9509770590408104,8.283174578025184,4.0550768746603465,3.9736408685287614,5.070424077832927,7.9696678849308356,9.073065170693798,0.17004125700642736,-0.41692459165171425,110.54464953575493,0.9862480410932379,0
1.5986273527874353,11.499888730258952,4.2949319551605845,4.259332086412694,4.020631674512667,72.85773510664635,3.1147074174451705,0.41019694721952105,1.0827636890585763,187.62134785628854,0.4567340855386607,1
3.0406847272938737,9.487602725075117,4.957971178320833,9.692126999428975,5.417717547126921,66.39126883958309,0.9245693064636362,0.8221185616247033,1.3561735250515312,323.85760289300407,0.4435815454142022,1
1.2165952269375275,7.1815704165825425,1.4701985501999952,6.97661535510461,5.004358121769544,59.43653905207135,4.910708456204801,0.5294876427579326,1.5510025984168498,239.0295194901269,0.48994810125692734,0
1.091957506617418,8.677227851155049,3.5512167096362957,7.219802036137039,5.114327394882573,50.737003658184506,3.124937760105673,0.9141431351896205,-0.5986019860020321,473.32566944970284,0.16034609011285322,0
1.773048665533641,5.46238715475512,0.5769992914041411,5.670749853173569,5.8256031177336665,48.487567525277235,4.287934199541715,0.6176245969457265,0.36652564709577495,481.32773132861143,0.42344130432419785,0
2.387868870217949,11.807977649548157,2.034046456784247,9.748631187546092,3.0658677648368107,79.75461605595972,6.716857444189067,0.935714975856173,1.8412443497115372,276.16158896620516,0.3695840461502833,1
3.6048175162251415,7.520419313515082,4.239858466562952,6.919778195813005,3.0705926494673967,25.849807551495346,2.2562951522974264,0.9843489163113005,1.3162506273329235,292.5778506645566,0.4918682358244266,0
3.181507209298924,8.345071484391951,1.8382902302955417,8.960824240891178,5.55580902276256,63.47632740241835,3.6981253812380466,0.5085051035664484,-0.649118854461555,376.082191320697,0.863790108499218,0
3.228119563599943,7.486987819658458,2.95547690267807,7.023850770758889,5.088905493542718,48.605357766024305,7.869112404868202,0.6086409153200273,0.5075007350551828,255.76921635537806,0.2331461248311515,0
2.276480003344226,9.777582110813402,2.5188672186231704,7.37764666591992,5.70618216574251,78.19104078191639,6.508867109537653,0.8514285789261428,1.7671417455165161,135.54431057321455,0.6273523594336415,1
2.0378049776408886,9.635625108307151,3.2297576555602254,2.975068129208241,2.2525206412978123,67.08523874736893,3.3974998132821392,0.2993797049822317,0.3201164165695576,386.13612588031884,0.08575523526433174,0
2.113116288953808,10.00725617370395,4.864471946938474,3.1044391103368083,4.511028309046386,79.88938347421946,6.710155682547301,0.8754666164029986,1.5122528265229063,382.0036502088492,0.35095287699501987,1
3.9629486912081733,6.877002607283446,0.2786776325070106,7.851548030802689,2.5785133524937898,49.12437458468347,7.700066644341273,0.6327281263395427,0.48753116356567183,160.24149652630075,0.4990247381380578,0
1.1203275742374474,7.209679368148462,2.8698075875081486,3.0373922627820065,4.0155887931703305,20.340796815870128,6.006358693337318,0.7529501218460729,-0.6795649682627389,424.8124339014534,0.1205651932576786,0
3.6010944883673455,5.876758617673456,4.315143896251424,5.671423700935163,2.622987727413777,42.77652767710504,2.547068958509884,0.1718686203971007,-0.556435221821478,326.1421383890724,0.5667695378923259,0
2.7360262257171803,9.588569802922787,2.4069135587421373,2.5685878779763494,2.512314035939517,58.33333505379309,0.20240384701753208,0.7895689151080633,-0.8599727415754609,156.33572464191445,0.344809340018476,0
2.3158462575687713,5.278579891349568,0.3926359297078641,8.188135470009787,2.0486733815281326,63.07702896361911,8.067921248485158,0.37970821411629263,-0.4140557782733064,343.4176148759169,0.9931695129126972,0
3.1757729812454096,9.183776348664214,2.8026967620838543,1.1939633771541311,4.520955249531617,5.038249176195768,8.26180884209841,0.8247090491648578,1.6808422996113026,155.12428683075234,0.6494210270763878,0
2.4600068242741084,11.087871193961437,1.660369454119102,8.311521733640477,3.4360904667603442,42.877031637672054,7.036524113664749,0.5582372844724363,0.95059413782977,169.354829336008,0.2819664362149315,0
3.620269714244982,11.235825038027436,0.7747089266896795,6.067025025025258,2.4207531395158868,22.642593497798494,0.9504931274026152,0.34715290133406984,1.2165708046487334,431.60418806142025,0.14753958317515875,0
3.7021055920337753,8.143264322589731,4.245172566417365,1.9504043947880652,3.2913511109252394,70.61838749410913,5.935178417578853,0.9574837273194887,0.8649843751799833,468.2712061579185,0.08868379040296251,1
2.2651627806203662,8.215125817491517,2.607997564955608,5.46615031651057,2.67577636580634,16.46790830376714,8.24600257846175,0.7885561579403493,0.1596178764150431,165.597196261195,0.13623460115645103,0
1.8304833917051546,5.538784281056121,4.666382061895334,2.8967384847886706,5.766779326006638,54.98421871811251,4.018749537060024,0.9871174664862822,-0.34941660161199517,467.6229666883336,0.6960565506774868,0
2.777050985780087,9.69535517810125,4.030082523015345,3.3023266138319167,3.2800195430453924,24.954664274369364,2.1404071953584904,0.42802290857098346,1.7768437520294924,157.4594809260591,0.862242662194623,0
3.737090036850073,10.74881594260992,3.4648589688683367,3.5801276118091154,3.3358140931575595,31.740660741070418,5.958747512966413,0.6842976701874748,0.5444893446740644,102.77031449416354,0.198896458975524,0
1.6319865670169997,6.712585382232991,0.02512751682655967,0.7268605450259773,5.359432013598342,75.54194455676335,8.297804947548602,0.650429810077354,0.4432996436238179,76.20074513206752,0.4320277308751167,1
2.8688997506904483,7.949106171433552,2.1391172831912497,9.861020675574032,4.591023045144016,23.03360940560596,0.6789255953292426,0.7188010669619226,1.9883122657806371,158.950958374685,0.38652357603609694,0
2.8946806602775617,10.871875357356892,0.9874314082601615,0.4121928184991186,4.840686429612005,12.1252071367198,6.050121928175211,0.13448490943719776,0.15178996516542975,223.3609433047559,0.6622921866286691,0
3.199339067245843,11.139843273636016,4.553989555244339,6.658719044524356,4.544007215955842,10.196367608316937,6.5031031943255515,0.36254739148963666,1.5623759446767171,467.3967710491871,0.223543987637486,0
1.3947030553817794,6.702259861849582,0.8729199233818014,3.775153712798563,5.7847851357942615,42.84613325745966,6.103196985613141,0.9184038164117265,1.5870321809505685,158.9710998677129,0.9556533449251359,0
3.147474894046266,8.853994441789549,1.4303002582964275,6.495501880372319,2.8280033262321806,53.1283611713216,6.570330105523077,0.48143804938500423,-0.3019893689266133,214.459405227902,0.7421285627961236,0
3.727097561996923,6.347452054450789,2.584183838672496,3.6268577055670796,5.956156967023183,29.547023267816538,6.387478014520715,0.9645793111733925,-0.7154809229495137,380.3701436346074,0.9573182849404129,0
1.539049326610726,5.713151348976896,1.3168180949903963,6.770131397962701,5.323824710226052,56.76948063448106,1.4779580728074206,0.2921528553804782,1.926860347147593,185.93333959427667,0.3135007827056981,0
1.712629974771633,11.377843509743702,1.049323386395606,7.319431543736772,4.355890355505369,9.577528892992834,2.502380414099371,0.9976815761329804,0.2776905924067008,357.96566825581124,0.6083298559656278,0
3.914185282124919,10.743552529624765,2.9954966255137623,6.936471139956484,4.649486497584996,69.30009836921576,6.2661412518323,0.7278228180635791,-0.9933390339694135,244.4350186618261,0.7456545402548188,0
1.5429308581284693,10.320244312622219,0.4446476137751193,1.2282236154457076,4.595303506002456,66.24254073044284,0.37339297914035363,0.7987540816598391,0.49705350148687577,138.40022869662752,0.7254084116293472,1
3.563155280108737,5.341364231691983,0.2908387936046236,6.603243023081378,2.2335848962366156,78.91222035440641,6.420496283487796,0.4571750549822823,0.857901091242351,380.32650543611123,0.07027879445694535,0
2.4768335693441044,10.906101548971803,1.8612264759303572,2.8718767395955638,2.8720659941277544,75.2378735676384,6.7207889130933145,0.9163073091345587,1.3282647423441025,62.16747501050785,0.9983747053153909,0
1.741693223209531,8.066308531337686,3.6033222725393115,0.3851335686364018,5.845883538098997,31.714787293919606,2.5439126466442534,0.5909166108627598,1.828826354670916,181.5506712828405,0.9316569741303458,0
3.6122497038175343,7.396765863071018,2.7740337913697397,4.206823651700644,4.137457715437517,34.94565380116829,6.061701731580769,0.7128445422021715,1.7455118868363888,210.2816926257704,0.16376447720898019,0
2.3359157650079965,8.825334527177635,2.114382342333894,4.39207671775763,3.513414413047648,60.94736356086946,5.434082595092893,0.1853274442026574,1.8204074601646054,256.1982147444362,0.566388435580412,0
2.5444520617890705,5.639472699064891,2.828757821122912,4.72502392018922,5.0481538535563,15.05620789662374,2.7547771719005154,0.668512630803604,-0.9036245552215817,355.9411543892627,0.34882863255344526,0
2.077700108199297,10.296525845466793,1.827257423266368,7.077759237368091,4.098075770623238,28.551103268362613,4.737145316372596,0.8911710894359409,1.1353224014914032,256.7322473837166,0.8849493151280722,0
2.778852554304782,9.077045538218071,4.680731677160565,3.1575537105103457,2.0526510857275904,13.890570273173621,9.11432038823938,0.2604549053943893,-0.3224261115829402,317.44585052879734,0.7126436490587464,0
1.4905716177550683,6.306130678112172,0.27452445455387164,3.221277079728834,4.944950386860471,39.11648368046235,4.380707248506853,0.7639533411713614,-0.43734193838303803,318.1005852880178,0.26234129889577334,0
2.1732446099552822,6.317625398383319,3.366957395149176,0.6994673367884798,4.928870240211445,46.40032099139882,6.372472933419117,0.1228606830951891,1.400955705797751,217.97224245320345,0.08216808809892626,0
3.9082369670058625,6.28974056100872,4.456413324138753,6.8995300383237295,2.6605948484398976,20.83703524720643,0.5464380461988032,0.933582714906267,0.25138906751863965,470.2870695896143,0.3271547124840354,0
1.7744002981033826,5.399016712863538,4.019423543676267,5.721478304855881,5.826640353696853,6.997376518557875,0.9624411105565682,0.9846254044280677,1.7498002273470075,480.1342238943992,0.08623040916744618,0
2.9702099936238766,9.114589145601794,0.9202051741072337,3.559308615668502,2.8956325261644573,58.95168738128923,0.996819118372521,0.418762060118285,-0.8726947276128801,311.8328978425096,0.18424517734844414,0
1.9755701926740845,10.882437243119558,1.4796317449014418,7.081370891281811,3.830997469528797,6.500387331962639,7.826759483539166,0.19636646474380137,1.4065424884614894,82.26089613294437,0.6543311395330258,0
3.320419377059802,5.12248749791172,3.5852396935355237,5.419841717346084,2.4589438450436587,78.00519566962672,3.6325175690738365,0.6927187313468305,-0.589496766152213,271.00740391517104,0.7578308147121237,1
1.3926209821550495,5.343032514798915,0.4213527959038277,4.745524964118342,4.413129277802353,21.620544255679658,2.430594545984971,0.12685106273273117,-0.4702683953050466,132.98869705730323,0.49461605500547134,0
3.909463135235634,9.00939193680862,4.0593084991629205,5.1621129822451515,3.50180448022885,54.79250690872183,7.523780770826883,0.5342376531674681,0.432055146573497,267.44653484280667,0.6202734771594222,0
2.3613686241509177,10.736469797702366,3.5945347230239517,6.399846440143859,3.412693848838822,37.60637946799918,1.8656086130505098,0.3446012576240979,0.1867698226183987,134.81741952434382,0.198090784452709,0
1.7081513900393919,7.287172233980435,3.6480332461767127,6.634025785288535,5.307907508883789,9.47553952528304,2.6156267456887505,0.5260051485575892,0.45851691838601294,366.73486054199793,0.3509554120060717,0
1.220490241990038,7.447300791654055,0.501206851337957,2.9606824094931,2.038246851401913,40.41377049758506,4.423128144046205,0.11644796326452128,1.8200795660931655,86.19310402985413,0.7272396549138662,0
1.5092737152626223,9.174425482477432,3.5888027240811544,1.493359297572417,5.1917870835696895,43.75704757225997,3.4480930763432105,0.14645096476363584,0.9721668066907194,478.98683437816584,0.3966465602808403,0
2.559321845668053,6.919490223869029,3.39909062609985,1.6506783937861358,4.285794262992315,69.10124060696513,5.936843668159114,0.11437824595904411,-0.12907185447399816,137.91915024500872,0.3813706624084,0
2.011009529293859,5.186258562543789,4.154612454109253,6.429969770439716,5.944394053920796,59.92618022359235,3.5108380669335073,0.6572186830424026,-0.481273863046465,347.29535122216043,0.23429300517474333,0
3.4866500976478285,10.146599626711172,0.2079797812823475,8.741445529094547,4.357772882416996,10.947685606503978,4.050926031417141,0.6040836259076877,0.26013882539280075,462.63305782827024,0.6150836322619793,0
2.292662570985418,9.37954939059017,0.11555334233896097,4.154013155620962,2.2215165365918317,20.68720125741988,8.656288760844962,0.30984219868294405,0.35492308180321275,161.54884129282812,0.8190616757182382,0
1.7461428177628897,9.065291993389614,1.8650354993928038,1.7782495872616777,2.2025813057749053,28.39157631612108,8.868408108354423,0.6819788160136192,0.8038832296985485,470.4336045667085,0.4959727771753538,0
2.85143495981209,10.191788902942761,0.7439414192457644,7.590364733109161,5.532611945487328,13.73057648486146,8.311569669971393,0.8957865312054776,-0.20199188938069612,224.9035995471227,0.15976229364753475,0
3.1203316506563374,9.726615862934263,2.7919223878511095,8.341645796752541,5.3648565820442125,39.26743031858679,8.6753431405054,0.3495898909235023,1.3025277412904503,482.2388677636655,0.846449060313977,0
1.5011257237028497,6.441173917248248,4.586744507533744,8.817766186897568,3.383560302328093,78.82318931469017,5.783340959523348,0.8487944270910888,-0.7046192635618552,487.11373616053646,0.1178272493714567,1
1.502857648864953,7.4673673286034585,1.9573986516700788,6.107631146245959,4.472129936724549,43.59595934283212,6.533085504563563,0.6962582224019633,0.6813600908019635,134.6359572811579,0.4981410045411406,0
1.110014280800629,5.882770991750375,4.224751886363021,8.621212737942038,3.9583654282224012,60.6411626242377,5.660297032238418,0.13043839885568484,0.8705949597323339,423.9893016189745,0.29802346934938406,0
3.2092060451969218,5.908999093925167,0.0012043725893323698,0.252608088639236,5.868656220544208,56.22033482745096,7.898763223718617,0.43763490624649104,-0.37950525680456404,137.03945577509762,0.9395022485040804,0
2.991413582865415,9.733370224495776,0.842573217295921,1.161634437518283,5.799843603507567,68.74335763191036,5.599804760462154,0.5569814942731154,1.478034051498863,151.89827914898672,0.7506660380511125,1
2.4238926272494417,11.010200748877487,0.1521176982704281,1.0165030638157777,5.935356034163098,21.17926178492071,1.2885542525976492,0.7585292709592493,0.8462963756230326,87.85692681052922,0.5880885338195243,0
3.5325113469075915,11.739128087027973,1.6407359025753432,7.154786374121857,5.465795122537057,61.53696962697712,8.133885180477227,0.35841750242807524,0.9371666439439186,120.44162592418007,0.6843676686548883,0
3.4170104588501595,9.398429822846111,4.540947978482514,0.7888596570814324,5.638206363100405,71.10164302293121,7.653734672639858,0.9844570943721391,0.49323051729031553,334.49853571119854,0.556090899671866,1
2.7560630931902566,6.288709263526699,0.48476061799493875,5.014007287416439,2.8691151150685457,17.863236723518206,8.238945833769728,0.7160857664545772,1.7287826515290154,252.16372852330392,0.19022089795843944,0
3.6048138415397757,5.739552418142515,3.0320488837190016,4.779798296499262,5.324027155959098,31.01016648410028,2.0662087412196666,0.43553230944792454,1.0817827444628731,405.9249067259758,0.7236437459967114,0
1.6175236301103046,10.689956800757304,2.2574796955972207,3.1759648832265857,4.835428452817099,77.75763232486712,2.8618471166066777,0.18732253516940084,0.1455066946872876,199.39856667197995,0.5180402546560168,1
1.3357588581931836,9.051295334519995,4.692341061829063,8.717011182426788,5.851146035312281,63.55908844848443,3.0983666331825943,0.2632309842437289,-0.2841823366477414,485.88105528547646,0.6525938077565974,0
1.809248834550969,9.32799514709604,0.6125957126854692,1.7872886986119605,4.285047313770478,26.194312440314928,5.179189254619602,0.5388469840496409,-0.7868149755295383,72.44264336871859,0.0929415807784065,0
1.1712605682679444,10.470234621282964,1.0601392525111448,3.5893815655524746,2.3406686668422254,47.295632723336524,1.5119954248019059,0.54522581946253,-0.5039174884589214,78.32117948109867,0.1849330529350905,0
2.593508584003096,9.922940594127162,0.14770984305746637,7.764297850226998,4.389595564748612,35.32445921371091,3.9767411820937006,0.7909468883392181,1.9780488562509793,365.61870446816124,0.6099019521353908,0
3.8098170768848845,10.841207769992677,2.1696762481568688,0.40118091249351406,4.746323712085151,41.74738822453474,1.9851499785744902,0.7535589630150272,0.22030068797492053,449.39249823778687,0.48645745792880185,0
1.118030622005529,5.39349733821915,1.3891644978232716,6.76220896243905,2.8812841148497133,31.637464354303138,2.794674587720818,0.2811457346660356,1.6960616818322203,407.97508623536726,0.2655299855059713,0
1.3663297420300804,10.232644457225533,4.349529669451605,8.182337490979549,3.5764535340509136,25.949826389775545,7.122598818672588,0.6354609585024386,-0.48829192934420673,270.41768954011116,0.27872287450687705,0
2.3565970848503057,10.955969301254669,3.024704065988775,9.329451604497855,4.39401365620672,55.60722810435641,8.577149331909355,0.1185596206685995,0.27608261402254897,171.33861258725904,0.6500753969281454,0
3.8016250525837147,7.0029452972082,3.0704536898785086,8.7753367408657,3.496422949266022,63.39063613145881,0.4244774926524018,0.4586926594459001,1.881555401100346,56.05318818712172,0.10601867558262026,0
1.9484683149302515,9.48313091795277,2.659553484406512,3.2619027566534835,3.4997908689546557,70.54678420605086,5.745790240879004,0.7876947165144452,-0.7266032457421002,279.25315426389903,0.46254542701239454,1
2.5217044260651775,7.199134446858805,0.459251686146005,5.90500499909723,2.5323465566911896,16.649747548864106,0.5533856682102178,0.4595577339584499,0.7819528514375085,264.0362887891745,0.5469483294902789,0
1.1247185771511763,11.705797465377177,2.225093418626776,0.865205582189612,5.762986892310664,66.71416427339304,1.035442601113193,0.8520366158212818,1.7575157020889063,204.91065476160793,0.34273547260521736,1
1.4450296028862666,5.233965007048527,4.997525948542583,2.652913035125285,5.001977537980386,24.110061835779764,7.10982353921827,0.9785397611127534,1.8490501188627517,310.13275458761825,0.8295223370677195,0
3.9598903688765406,9.058549906830685,4.176146454230074,1.032801549600323,2.004973755464408,37.050229243253796,7.408959443720743,0.6464913424294292,1.5380224313353272,377.96661382157293,0.10393110344040128,0
3.8953560893081365,6.165524829346605,4.46729527083558,3.2203541725242424,5.062453136088661,72.6082764386935,8.177010597093428,0.23050366870758096,1.5678032970804483,365.3997063027091,0.8724936459846033,1
1.014819942803229,9.98554143624011,4.116131796232497,8.764353413241416,4.9591799706314355,39.087770073695154,4.847566815348989,0.4417094871148697,0.9565488623523966,168.46377880289697,0.7370998432433823,0
3.855435356269717,6.231231983930634,0.5152084671549134,3.536951712775497,2.038923840622092,19.779765053323715,8.626113323758643,0.10853501956153766,-0.33873067571502236,313.3866598765669,0.473941659986537,0
2.917359813446501,6.647682833288503,1.1372412703239982,5.662791219714121,3.4784171904550583,16.990149142783835,1.8350152580879187,0.6424533314566774,1.1920356334547595,116.94851536279927,0.9282440207018824,0
3.6037548835600663,8.460595677320306,0.015608256782048135,4.390470396337914,4.426990761302123,40.47378249891003,2.647220853623026,0.8394116508764183,1.9351533933761695,104.72082974975956,0.717126381669981,0
2.3642195669015775,11.403844649978147,1.5175506243905574,4.643273590557479,3.8110026074321435,62.20043179824156,1.5181210464993191,0.6669460710307387,0.5778005440184324,403.6351263166031,0.9344930821760916,0
2.5467880857377505,6.482000605035796,0.5430370117324629,9.698763313181926,5.111944474882029,79.79038579807259,8.015865153702391,0.8074776062651049,-0.2179079227692965,362.18565594299116,0.4989602904447878,1
2.4665397407707603,6.0096801478267245,2.363966726507915,3.0319292358121936,3.701833330537736,64.05564713231763,2.4410161601888656,0.819913534548298,0.7204132032949935,395.5680052842329,0.4803244459456168,0
3.000592772638313,10.312837822978214,3.3856374428695095,6.310512248279396,2.615451877815348,70.77589692071402,1.7240101790312974,0.8659113185957173,1.071831068721849,118.6080233918994,0.5542054998738698,1
1.4189537642689387,8.504336726337517,4.372526475190385,4.258620428836526,5.905662497095314,61.087427070116604,6.306484738362951,0.3399974046977988,-0.37515907172676066,461.57836521670697,0.1121553687865125,0
1.089920769618034,11.3824957866724,3.746085825454491,0.7053471923720934,2.9681599711041864,72.15763255670795,0.9554038583346092,0.8841416705383797,1.1575680428282675,109.90022595006144,0.9130695387698043,0
1.9237898247735727,6.026301900118896,4.692927978892526,4.944375233079936,4.870769242165329,10.722015748543495,0.6400227167576908,0.6886845986171418,0.7622985766531758,441.51663568897794,0.6843311990597583,0
3.11404228820994,9.521495251161276,0.269491451968944,8.152098957546572,2.572625246656288,74.74486992362341,1.2458329558140973,0.36075300093503826,0.8370497274441566,208.57068108766907,0.6367063940139002,1
1.6055603563688452,6.630154023062705,0.0608991770827072,1.077654389948715,3.3160504551357306,34.73046152942421,0.20236066307424244,0.988565243496635,-0.08203621078049761,97.44534186536269,0.9301403596470353,0
3.020297299974752,6.097323000561476,3.3066905691810633,0.7889592892234588,3.768110433721695,74.12106674603335,7.030503511373567,0.9551641543585021,-0.5341995696663966,179.04603225448668,0.9939553187279673,0
3.9097361383218114,9.784005906100894,1.4467620511112311,1.62095205189334,2.7689280181082556,10.679962809460667,5.709906152801891,0.6169968848857594,0.8703496859169708,131.65160639624736,0.20522372112555304,0
1.281702147368255,9.155792339361133,1.2675050805288657,7.66756110275413,3.799838305474438,58.643221784085185,2.2567760685696943,0.8588875405596071,0.7586989674577156,270.80137341127136,0.7615471356597724,0
3.017806354675379,10.283792208536319,1.6544354384689712,7.267554303032906,2.628651291967,60.17665615026534,2.48344849018044,0.33534503984788455,0.01403656314141477,477.38540661789585,0.6009479157639668,0
2.3312506579137136,7.166238035123277,1.3489802894618208,5.6936759121704945,4.236026155943561,79.76831669733295,8.147492265006388,0.47443329694980096,-0.11231899736233841,197.54202271213333,0.4879473291607656,1
3.604426763132516,8.13580159467533,2.5571820315079363,4.73544140051706,4.654853010080776,62.66414530173603,5.117837135430944,0.26557458466945033,0.041733384986852196,325.4445435569512,0.9787319715647883,0
1.5314493683421577,7.838301734312929,2.2007422361206626,8.894425565555958,2.249737136112043,33.6930279361705,7.045577899401049,0.5680923783663232,0.46965001549646046,451.27439408298363,0.8577498605973575,0
3.0778778566784935,11.8886262477656,2.5621427568832815,7.6903084559514765,5.484528484328672,46.793641371390905,4.637003422494173,0.5464012870644988,1.9244592053334837,333.5332683633044,0.7119124848887958,0
3.5143458689443308,7.045742697175715,3.3635680575021807,8.138228287887872,2.740563540168142,32.491320362494264,2.5296366550037646,0.29153190336540974,1.2906938660786191,212.98961339139396,0.4135423588306325,0
3.8338426584220695,7.063720668427369,1.9356525448557416,8.151296783371476,2.901449701281295,19.70139839786436,9.709947446692487,0.7055215243444878,1.5552192174964654,495.8776072291456,0.6827387639469502,0
3.049744084868937,7.481837461800252,1.2565384357107838,6.462899831981024,4.645399360332252,23.637674562670515,5.743346121078896,0.20601126597287128,0.5169487067105933,134.33612064824013,0.5551094173814335,0
2.491524292025282,8.95215856903225,0.8310026840437273,4.634344780727864,3.8750042417376562,21.65079007057407,1.4836226569255417,0.15552230596274008,0.5783708353363308,285.4652067029786,0.28690002725556385,0
2.8535417206036415,6.766259209846217,1.7473705976631275,8.66030975059794,3.9975823966842627,46.16114976224097,4.179682413402286,0.44641447179614746,-0.38702601568891704,408.5174744315588,0.4778622569883904,0
3.6067149534361547,11.407029582654918,3.7090323762308604,9.267473434272182,2.5126199382525307,72.962047589892,3.427506637079627,0.4688423000062345,1.163137508903235,50.29199130975094,0.2516013696966268,1
2.711829239916489,6.859798954063844,3.783524550557348,0.33567982825759585,5.2229432875056325,73.45449695662982,2.2980571921675095,0.3877665458738375,0.26475201737190845,365.9194634640967,0.5253992785449253,1
1.0911611790905105,11.270710120921363,3.3345269334210514,0.6103932453358879,4.46821698441684,9.107283314436913,9.347711894554543,0.3321519738204254,1.2273405764531335,169.92450351767238,0.7342261721478645,0
3.7928460865209335,5.724325445526093,1.170140876534373,9.59155863939353,2.541528173237824,10.992455071392014,8.833015955505575,0.4048987105085773,0.22716614393787626,126.37702521134473,0.08481391262817252,0
3.0685802530946833,9.595938916797566,2.9404312292734884,2.8438900770575284,3.495997468102384,23.383929287925763,2.151641741897141,0.24703801655689273,-0.6744484383582756,173.38750851573116,0.7771107238527194,0
3.0295401573317395,11.348898629067705,2.85344830788424,8.746357452529246,5.24163973094012,24.129458935210618,3.6510493127440644,0.46310722221958966,-0.48083893664234956,485.06739162790285,0.06899429240792612,0
1.6470254571931515,6.1812460687876065,2.4213309905486273,3.9490716777178863,4.273420183946483,12.116688142943833,7.670690838374052,0.9141430361656994,1.4347102342240499,451.37086665785847,0.541413817811359,0
2.976656410697972,11.778288720694785,2.749894931919321,1.2790905703326205,2.434595116531722,34.13475058800804,2.2433592717741138,0.30198419308795443,-0.22415053132320228,146.18950540866612,0.5948028717926552,0
2.1815932169624754,8.170183522908582,2.4589531631183403,0.8963876820724093,3.491108183157147,49.07940445184654,5.9973356535215965,0.7160059939153154,-0.20693673229879206,102.66204790330005,0.7731812866464013,0
2.9536989311244763,11.62000575908717,2.827281830370541,1.6494282008965193,2.9707775938229384,48.362165044959774,7.057980632823203,0.22760605935805542,1.7881042700069942,213.86867203151044,0.7729773821737761,0
1.3197790909239722,9.737740305410329,3.5775297731056437,2.5739426291869107,4.069862214614906,45.757226094394454,6.608928791965511,0.4185159616092077,0.9729068686005484,316.5514160450331,0.4465826735507608,0
2.973535913809108,7.111108089114861,0.5481409720171987,4.9363317039151795,5.373444515487958,30.40039436656229,7.122804674699906,0.38905730249073067,-0.657077338346931,440.2150828615043,0.11305388535351292,0
3.998241177312,6.318117674419745,3.748128760745119,7.044829215601257,3.7450685392176792,57.98417639874355,7.125655972481877,0.943326454967495,-0.5692441896041973,484.740556268035,0.7088251451370263,0
1.144636116581668,7.126145323575695,0.679430750637971,9.86534590720447,3.7333681214732923,66.98629557358035,9.655098014519497,0.485183850221628,-0.18289770183916176,388.01901567789446,0.5354367070227972,0
3.931522552663952,5.651121864838725,0.3331399920518735,4.470916758562793,5.621403609308148,30.970569985805632,3.5956891172991323,0.7214193494032455,0.7819870634798984,319.5532457157451,0.3664055338299464,0
2.220723882168612,6.007075764403308,4.880398431107338,5.230030929196787,4.30474165002909,11.415151947459648,8.810186158883228,0.6422165280741964,1.2584764097170185,114.04941175895762,0.2731300936153409,0
3.6122603510117774,5.732623082425368,4.784958844352207,5.265975443694231,4.264764349589628,27.22476883188924,0.4137092126480465,0.2269270677562853,-0.17651066964040896,83.31276936798997,0.16377030245495194,0
3.3471564521748203,7.960604806190904,0.30218272470282026,5.440400119330567,3.0476395675015575,15.302649093117708,3.0243890405681757,0.9455864059275565,1.6119261122448933,318.2120953381405,0.330385372348175,0
2.7010487829600036,10.569048633803105,2.216267207374811,5.225632505334176,4.430890991348505,40.051904542038564,0.6768266635914894,0.4112823626701869,-0.6724594633475544,292.57884759511717,0.4855651438690283,0
3.2153476277539794,5.989684879514382,0.9312246914988737,0.18687007511298648,4.303641869669585,16.69513634870587,6.581798807567235,0.14028252020528476,-0.3772024958704613,430.739648480346,0.5037287097702896,0
3.635546683904044,5.9122430322063515,2.42672448567209,0.11707573888742301,3.587405881367456,39.713356824348296,1.1877456331698717,0.37039933615976894,1.9113947634286328,195.17263288479674,0.6036019848440468,0
2.212420964953099,9.504002646621316,4.150886214997937,1.066896549448617,5.962782263596722,21.57521692434858,8.487927263790054,0.40207035329409346,-0.595765409039027,67.86088580741458,0.39434514088634803,0
1.981099484689716,6.380280873776464,4.753058873714451,1.1054103739488705,5.527563859792346,60.40483290968022,6.536598501144546,0.18347079464085447,1.6643339231714327,240.66872109096494,0.9239029757768566,0
3.002780156690754,5.683270266762941,3.171263267257687,7.0784793986524805,4.998345160307262,7.067618062688423,0.4823909303253358,0.6579796657419485,1.1118052262122862,486.1320367719827,0.5210761324284872,0
3.4235378258237756,6.167940047439044,1.7695283360590852,2.1286687219083977,4.149382353652002,46.60597278739442,7.204818181259306,0.41208778498739085,-0.7807387280748799,408.0087072214354,0.4525387881125328,0
3.286855404329847,11.466119771137432,3.016627828222992,8.957669637080567,3.848239207578521,17.71162061900425,8.647942483118218,0.6662211456978737,0.4511204866998315,65.1974781390229,0.09575956993390891,0
3.3934409465759034,10.750298769433336,1.5600065305422517,9.293202662812494,2.7395895808927975,5.07438983522203,6.678985875089065,0.10606650723016045,0.5569380594344191,443.6055067541789,0.6190643280262397,0
2.306749944438799,7.4784519364856585,4.549118204160302,9.761344045169396,3.222949896058495,70.19000660486053,0.4991373161633154,0.9838435590916772,1.7964188942475126,262.2602703295928,0.6227254892633827,0
3.453502648525065,9.59074537129175,4.352002315529185,9.3969049183815,5.09584319929284,55.364584086055075,8.607611574911983,0.2534647226902135,0.2633137792315061,214.1456143180801,0.6041251485291679,0
1.3606271661118252,8.760929715676266,2.7911587513983047,2.791694386993394,3.8149958157502057,12.420711653789255,7.378146346753544,0.6933978880344428,0.3402908463928278,206.0327933612562,0.8932170717278094,0
2.6334672938825485,9.739869844377948,1.6239945769018027,5.146790762564773,5.5290780662780055,54.80542757628917,3.9088228623430457,0.7442058729515639,-0.6625487356408651,317.814913867489,0.7747557909598255,0
1.0172759814943646,9.778698067239315,1.4669483779148917,1.8370042049497162,2.591644545382115,50.87354995531989,3.420576531491926,0.2544475147727285,0.9175176903129874,288.7697382983431,0.8740353386128055,0
1.973757489700811,9.40113810541995,0.1670899735252973,8.08147558620709,4.033388384054546,40.50175152824025,4.902237777792913,0.20054105389217672,-0.36730907233271015,345.48225987571834,0.10645142906443417,0
2.0993846046141935,6.862709579761161,4.0791042551264765,8.89547388092655,4.587862736085235,36.44435738192105,8.697597159191135,0.23731947266032782,-0.7674002253288795,308.138659268021,0.3522201106420998,0
2.1885180748277664,5.273044945339727,2.25191606519504,8.527759509045397,4.067393825231704,71.53023221868011,2.6701816483216643,0.32213643026045014,1.990757000212382,114.77505867877333,0.3527763465099694,0
3.0864016200695863,8.188967473930761,1.625664642001322,4.390332792098666,5.556907566339948,23.386101492308846,1.1894453501637712,0.25140890619361794,-0.19111111611158438,165.7562039412432,0.674192804880189,0
2.1656743038110373,11.236817192834927,2.3555517749887693,7.6108714583991315,5.958253127316559,34.87325427600375,8.673436455018289,0.7065994842604735,-0.5768405046135882,428.46330744582536,0.47618429626928466,0
2.3460808678675917,8.98648080963003,4.09368995227326,1.0660337788050676,2.463338633365479,29.683655967112045,0.4576405190310849,0.4787498833534606,1.098471123791529,348.46633161303345,0.7885989730894397,0
1.7126323926229823,10.826737291913355,0.6230710385376059,0.4984232291305819,2.519819616307684,62.84007717774752,9.127770817991832,0.5840124350638268,1.4650464677657054,251.78028143663352,0.41520903832291,0
2.1197553748880202,11.941370400728598,4.288279941209137,7.557040501656733,2.5212964542404843,73.73489796744046,3.196302904153727,0.14260310992824243,-0.8077675206209599,132.1706443252394,0.26052719844678834,0
1.6818088817894545,6.145313428967934,4.48754417554177,4.311017215853968,4.72470838428211,68.73362740551728,5.180582476545023,0.8751240667906509,-0.6838200775906389,53.46096618979036,0.3264035148795645,0
1.219587771305331,9.842443473993876,4.733539575169441,9.955937720921735,3.4907043819833516,64.82779477248263,1.496496142571835,0.253514397885573,-0.7294785292538625,190.34933143487814,0.22334623984327362,0
2.8103457801441336,9.720055015900172,1.987439962113139,1.0628167369697707,4.933258645063624,79.00924591775622,9.042098699891515,0.42413709830957935,-0.8591220900324664,74.68113061700093,0.23799805717475503,1
3.0046383956650486,11.859688131507948,1.0857020201883594,8.570714047198814,3.621885891547915,57.28584128077888,7.548394989167167,0.1647114758449903,0.9783694359028514,267.0278598893548,0.2559969696591189,0
2.8584710380288434,11.899205137669602,1.8682040923334924,4.851832348737018,4.510426885328254,61.32903434101503,9.256724748758735,0.2231138211834967,0.7649395692180923,419.81065374119385,0.0652899759318633,0
2.390482131401717,9.806750282068906,1.6645604811570163,8.288786935488382,5.079432022715574,78.71019047787642,6.895644700957993,0.6992194689780953,0.9884199696797991,178.42939762203378,0.7302836330244182,1
2.1393573405376896,6.70530354387536,0.8807695625143003,8.189560093484435,4.192863642619683,5.5243089049380565,2.0099990120747964,0.72332830203012,0.517001489822543,431.48937269977233,0.42962222515757875,0
3.590000948715476,10.589890866914192,3.03633335050744,9.168320813484566,4.158014361800024,52.55362823272738,3.2210166292652436,0.7092689361628169,1.4525230562167448,367.0539782389652,0.07153776528773746,0
2.557245355408654,5.749203939477267,2.3831208025431443,3.0487151117324176,2.352937301142538,60.42286489649672,4.971116036014039,0.5969231090614199,0.6400049074957264,106.36804820968942,0.40150716724254826,0
2.4375456328891927,10.464895129201402,4.328504961620018,9.50301359927383,3.6431269716377392,73.83702903178963,6.151130412530028,0.957269497610716,1.7562408043988746,340.0528510713125,0.9100997207596414,1
1.076926197419307,11.371372869012875,0.16054790241029127,1.601502907540441,4.18310861289975,71.28832281382572,9.279302485895482,0.5564594446917188,0.45694559751198005,118.25591328749444,0.5356821011190726,0
2.0237434828784693,7.6798337633790466,3.2193396377756316,0.9114908981755562,3.84792330266564,68.14705109253458,3.962724364733562,0.5044708263668018,1.3719759836347962,344.6559141237134,0.987414410779033,1
2.1405868563575714,9.414447064881564,3.8147443925578055,4.372993621986256,5.603128000753702,75.93434539562779,7.09010581469003,0.32279100914542913,0.2220810610509023,114.22151812764774,0.5629614602841534,1
2.1964683426907015,8.010999124677785,3.797432845941535,8.300397389554242,5.626122528477957,45.30343909352806,9.617886719326053,0.18896457633995134,0.30567168432932856,226.6301147070047,0.9646590490985109,0
2.7405171076819967,8.0643553849169,4.4303698354776255,4.786869193271111,5.287669522355047,5.519007168862007,1.6932658214714396,0.5933394369695609,1.5469761357137504,304.96742160718713,0.24171069236419207,0
2.6008076401806353,7.17259622375684,3.6451687141474705,8.309938107552089,3.50119230149248,5.829079902275715,8.654553970039572,0.3834011680235453,-0.67702049392701,72.66837714077379,0.3254380720833992,0
2.823715278380334,10.334907343152272,4.639050308238481,7.323899377363622,4.869196606750137,45.84792917133936,4.322919489853347,0.5716228448714636,0.6947532649496242,118.98875518453733,0.7149716046707734,0
3.294649784626385,11.553235949165536,1.6632829991044573,2.173341022775442,3.581153844278439,37.645417914795594,7.377733404107501,0.28550717043443175,1.179009403336357,194.1839712735109,0.9874805361494743,0
3.4389572161482804,11.585256014641228,2.5160470837577154,9.493928086504692,2.930374395903036,38.84337900240864,3.0766757196234207,0.8543554049871203,1.251261846251161,258.0440385973376,0.8340325404684072,0
3.1543692286794833,6.223468994124537,0.07039831641445338,0.7017335694310938,3.3716105742035265,35.03035529075277,3.4730453390068154,0.9997274886931622,0.774480581509926,436.3192822646455,0.5760200128419636,0
3.866571087864804,11.123205547595962,0.034787936516456064,8.99296910468357,2.283858533142142,73.82943568184268,0.4659056037070481,0.39016315910858457,0.3441934524785415,134.27288975929196,0.13089498364096952,1
1.054697748029085,10.162020089989856,1.2006331022575996,3.1139901450047027,3.327110036018589,31.937776337734242,9.719760701036204,0.8580948465342968,-0.21765266839972675,206.36192772613654,0.39616015449980424,0
1.5873339570506384,6.769861804832025,0.5040359856954263,5.051466023327553,3.8429688690446864,69.21702063223124,8.171835237261687,0.8856875227531666,1.7282787060623668,264.0993063260813,0.13210441556676106,1
1.0226886249344265,5.470992290450602,1.301056839678768,4.281283539737271,5.82192357912332,72.71485953437306,1.120395987676961,0.9964664098813717,0.10936384256397602,183.10035019521595,0.3457172937731792,1
2.942424142463809,6.875980868190646,0.885216472641987,1.8011621134774702,3.2536423448784997,42.46263274992161,9.99518619750499,0.40844811680018145,1.3969762656000375,331.5865004243919,0.2958524956320583,0
3.6940916468499605,11.38545765747068,0.1426001241932412,3.645653977376762,5.6098141568220825,38.52035280238162,6.129241052588827,0.7804372543426952,-0.9050031611120912,165.47109564918657,0.41912753180488244,0
1.7304468897288978,9.432250724270407,4.546520732030247,2.0100509192986733,2.915433103293988,62.07654531615851,8.566540652050953,0.30592810327778686,-0.30349235594017265,397.5576895009595,0.845412760490423,0
3.78110363438892,10.047382626285103,0.041115656944457624,2.118476107059186,2.7638755910369976,58.097863072991174,0.8532754801231159,0.662316401162929,0.03675437865236786,277.3193426830325,0.1928578377448611,0
1.1808021708686827,6.800066457763671,3.680410721685427,1.9518626766611655,4.075981825728659,29.640133744715445,4.016621549220853,0.7343583125255538,1.0147221899306125,88.8371975574996,0.34076075141092715,0
3.803308080416543,10.035717089023741,0.7607394345975826,4.941272065431283,4.690045477189624,12.691109444348493,6.762580998575378,0.7670086232815867,-0.042007578514327015,332.14950285438096,0.2980613821055272,0
2.0548680617189032,5.196850543945466,4.561148109998,7.999520538362024,2.1773290032091257,24.863930013686026,1.243050443257075,0.2864549517260155,-0.8759085975420786,306.1595767094408,0.3313345647800624,0
1.3042624853476497,7.627249420411097,4.463979697949429,5.732803334236285,2.884263460188867,14.827137935922423,4.991247818809207,0.8638530134465753,-0.4783974518379518,202.36880939300272,0.3925923010667376,0
2.457615277558977,9.387273439796319,3.269505731846287,8.942745226653335,3.8227346660052657,27.10492068325185,4.538243170532588,0.4788746743532877,-0.2225039428920219,55.02068527505961,0.2820961624369565,0
1.770329703161524,6.022675958789241,3.361170749003026,6.401790436909569,3.324017343932726,24.63661741855993,2.3171941998410817,0.29473256596109954,-0.4718575601925429,140.31569397846764,0.945452208611967,0
1.8546187058857684,10.761025021128543,0.026695709848442717,6.924467144762784,4.8504843173932874,52.828356791503516,3.142644391347662,0.5882779795347114,-0.38882631957659985,232.56928799705867,0.44909662821702184,0
1.9218698947788597,6.645219091683431,4.9243578305680105,6.709311574297331,4.044642384165267,76.58720213410848,9.677759874050828,0.8770214166462479,1.306870822020063,139.96131520698384,0.15840760193740477,1
3.4090776934979905,9.565967789729124,4.389163017879072,4.549646012519037,2.641436422415601,56.43077992478627,3.028755162897373,0.9703791188003024,0.23610093185138048,309.87100442285504,0.4942756795259548,0
2.6174838300257637,7.836379998027308,4.47553112865046,6.924454339780819,5.577861517260362,74.49870560484273,2.2915761128904286,0.7733870395550869,0.21553773400377563,370.54620226681556,0.2252103067682908,1
1.933923097468011,9.17230516834353,3.2962226852543597,0.7901066900427155,3.171622701933438,63.80991939563325,5.454849876469668,0.10506059764422619,1.8998190099784584,435.207945537876,0.25532411037625397,0
2.8310013499327553,5.752153868402357,1.7239346432726825,8.612529571965066,4.924524435857694,59.59082165533799,6.77538873388892,0.22123068441936053,0.3401055138326008,341.1421784076869,0.320789346762591,0
3.1484520226695807,5.118389599451251,4.468243245452404,7.800340220094782,5.1196631164216395,36.054645516000605,7.305912488481736,0.16864658779497915,1.7829743975971848,360.0541495646657,0.1685218632246494,0
1.8178720022006014,11.366950991662108,1.4575846407559618,2.5277765864936206,5.852630801024409,29.35958771475265,7.591622408069779,0.19109236869449628,-0.10281070534995906,323.798839353736,0.7350629859510001,0
2.2406473045760547,6.88741006137028,2.8135577167110144,7.703521297115415,3.9940298660964055,68.47080293546895,0.5609584168445804,0.44473146041779765,0.20187877971251922,493.4687259257167,0.8023491509946865,0
1.3656582800108428,10.737739019463213,0.498654861719412,0.2251617538601831,4.463342061857729,72.9044924696754,4.05885192371972,0.404643983345765,0.18885006820238637,167.4502560859587,0.42457067581982,1
1.543448048604041,11.995452103305402,4.609778150663751,2.2507410675607162,3.339505173918135,38.8911870238199,7.7847891818742845,0.20231648314147904,0.6382364969439331,169.81640623074128,0.704542912461868,0
3.0433535618949485,6.480018805992378,0.7038522888560667,0.7448586628418697,4.712717173648266,5.6797323639983315,9.067550597641269,0.8940118164528241,0.7527418725618567,106.85013863983684,0.4195065756621608,0
1.5443150430868808,6.85619518828349,1.1244840286520363,7.824246474517158,3.853533943465279,64.4398294179853,6.101561208661277,0.6538848186991242,-0.25562491287319344,268.55794664128956,0.20587345745454577,0
2.5754901510011807,9.640018513442659,2.790670790641075,7.583154096666033,3.750609458897689,26.380163035421873,0.7126071643949197,0.816816978060804,1.380752751251356,93.27276663391487,0.4273096582647144,0
3.127138785167298,11.758140442204349,3.8204650010649077,8.154996635638124,5.421870116464422,5.741589876269055,4.087128897380286,0.43439444996988785,0.4895778640303776,171.5659686041467,0.5791380257075575,0
1.3206307692842314,11.410700437335208,3.0967565296814947,0.14436876392273548,2.2006753739947547,65.37414192320915,0.9274257355108557,0.46921241465881114,-0.9788693394435776,267.20641794712617,0.08894459837304447,0
2.7019366588867104,8.520128640459095,1.1606695640007807,5.062203994116239,5.527849711327474,43.806064161267365,7.53567105430893,0.38585908948305525,0.7740218999500406,480.91802716850776,0.6717601711482517,0
1.7696883511040913,10.565771977687072,0.004715212637451671,7.077878355421631,5.408279351314228,56.390805975385184,0.8223535989603192,0.49458395088864204,1.3941783245874095,483.71584722807535,0.7554775705545462,0
3.8887806257127395,5.9502209716993075,3.785752901537196,1.6384711745162532,4.025465014247157,73.60173658583581,2.020164454004737,0.6493395361195483,-0.24859978655362658,384.6831053614501,0.8669717448231331,1
2.4506369401597743,11.842067289428087,4.926036629555469,6.532928202374984,3.960811416822513,45.5880372603579,4.286192554854788,0.5436856070562173,-0.886386971914222,225.16257270905822,0.14763203223684163,0
3.4179776493254743,11.750472638251907,4.049565601530452,0.9326899831658886,3.4472294721419607,42.73955544342243,4.733953997725746,0.8541253055696052,1.421535966952168,439.32257301944577,0.05008891416535873,0
2.6506796264687855,6.146102705154197,2.3010330907830765,1.8951259754327006,5.9766951667269375,26.799659101119765,4.183520663087121,0.9101252517488418,1.9288301479148813,443.9551108584381,0.1196030505710542,0
1.1302375985644575,7.0959618736217465,4.518836306995533,4.81038846844655,2.444677331015365,27.889537582996446,4.7412871367388005,0.5227154680308393,-0.7703091560052929,459.58882135844857,0.9279109635968028,0
2.899454126782067,5.701084982547369,2.04923836559175,6.57029501154291,4.360860942514428,64.74065495222344,7.189743689797959,0.3157731823137845,1.8141104219771633,338.0112716968458,0.777277934989198,0
3.8542100266199713,6.902023192287258,2.6246704212173375,1.5441043568435715,4.726726360449668,38.67719341894528,3.8188344649643073,0.950673177513378,0.07782323592818607,140.8067580235462,0.8436638644231087,0
2.8048354604389933,10.711690525906446,2.385648836978416,1.9337109752262853,5.737320032867778,17.26446564560903,5.567954499676068,0.7615347787458304,1.8243188257642626,90.98634774680677,0.5411631073076737,0
3.4575665782803706,7.648209250156816,2.2381193633276246,2.1240190339500638,5.120813987427046,12.08965730003717,3.1730187237815763,0.6761143774484919,0.9465179720073404,461.6489768180585,0.5503838808356816,0
3.6526193900452233,5.618778770027308,3.8759538464695287,2.463137966519887,4.575388811246187,40.46900876463345,3.66554945188673,0.7708723602615783,1.6707329373452398,74.99574865472135,0.33358031034722524,0
1.6842393158467974,7.395578673452332,2.63384453634746,2.3428831004102832,2.4672492672484907,39.87162677132979,6.215229798612393,0.16838360415723058,1.35749907515424,183.15052674709767,0.8506153993697556,0
1.63613451972468,11.869683339688962,1.5835856101260803,4.011976174126604,3.4949340673258695,54.009370865404705,5.006847586042796,0.16086369487390528,-0.9160067715381195,269.1327951669817,0.8382811039295951,0
2.832942966552975,9.40778516681442,1.2907908382923916,6.572517543283556,2.555366570191941,40.33006083088555,7.285755689620956,0.23780858732288868,-0.8036724930248383,59.889511793064116,0.4225627784360534,0
2.2330854094201142,7.9131266248431045,0.18873658483716693,4.436514653031249,5.524850929862055,15.760677810066104,5.693278162907148,0.2327058706964792,0.577233815355632,458.11051640520975,0.36280371694790015,0
3.5195839086001612,6.16576959448089,2.91597580941523,7.782141696623892,4.998484622254572,43.08521635988851,8.075026036761955,0.47860342736446404,-0.6111429404652621,179.20444769250574,0.7514546076903736,0
3.7000693701940337,11.903237580985863,1.1498070770051712,7.2207582088912865,5.0301471471889165,73.00920529145189,4.545400487348223,0.24166367405682776,0.3831027174714543,62.82715951425885,0.07485973142103705,1
2.0602641379081543,10.745943064841901,0.7406696100819155,1.3526164490858494,4.609026071094176,16.958105871515933,5.012129474694655,0.8690730798399369,1.8638908956934026,497.1154987519333,0.8669514535924685,0
1.7106116769234463,6.970341117156436,3.2691498191383883,0.583532070875365,4.028174147746839,56.73159807333117,6.765719219229209,0.6202872378352232,-0.11572813733654719,190.1269313678819,0.4739355898484642,0
3.3415765457315856,5.4904808700483265,3.4060462891077443,8.791621483596101,2.599884237853989,49.53944487241449,2.368190655238079,0.43143570671522624,0.4667381414472227,444.5442083684178,0.4692770342157178,0
1.8244181066444083,5.3963789016429065,3.76077446128833,0.8903275589724469,3.318779546820207,61.1439295033852,3.982109461926357,0.16266028440274038,0.1527788902042082,254.0635042643964,0.6856239550180249,0
3.4678429555410353,5.842647046538737,2.5178844816929575,1.5685578891251597,2.5476631699075623,16.295020507069456,6.323444191314738,0.6319250163632126,0.8894808927447455,348.4066554747496,0.6634618922950049,0
2.2712147609462887,9.065380085300951,4.4702730260194325,0.3191194280253688,4.899652571409373,75.62040026794959,0.48298743880421663,0.20487953853291369,-0.4184652080453235,158.49056729180964,0.3026753627535484,0
3.0026496978744115,11.501343948438446,4.681713766991139,6.320530016456672,2.64091510408802,51.572482082536894,4.482320049612628,0.7688982253623455,-0.2201821295971501,276.29389713965986,0.9461146742883919,0
1.2866059415040045,8.477203996041892,4.036854698962447,5.86546857526765,4.808454200686742,68.53033532683526,6.068729375799945,0.8224822870694394,1.5763035540920303,165.94303659126214,0.9870134803660229,0
2.871577974029719,10.90061837719338,3.177967410040936,9.87034629770903,4.769021558383619,23.49550727601767,9.680280213386338,0.5895786321638571,1.4340086715810152,477.98774656929663,0.5496895635813758,0
2.355303036211687,8.121206339018656,1.5186047679559433,8.880630723540003,3.8372179159651556,60.45596670484712,8.794762303853178,0.23464257322677173,1.3675690666119213,77.42543558731083,0.5833117582618297,0
2.7598253895264224,9.960084820374776,4.914724608101106,4.167347457061006,2.540914616472209,63.57730282504392,2.95127113883805,0.8081764513664189,1.3127588279536884,173.60326737718134,0.5766020652524424,0
1.5040426232345903,10.123109161005505,1.3706808359596918,3.7786998250340966,3.259203304536147,34.80764542903067,5.170659019483463,0.37704501033340054,0.3783124803847371,451.89899444744543,0.5114980377693479,0
3.2106212348325465,6.21774594132337,1.0132846099521553,3.0388351393718525,3.2803724363022058,33.79650896625665,0.7528608520688949,0.30038782847811385,1.1866723175966247,266.01618087827774,0.9479277009939342,0
3.588391232629686,7.528512412830683,2.210770568932914,1.6088285083750256,4.801540532573174,54.334719876931196,2.5593932652145104,0.5235009769165828,0.16161445361635352,320.0378503568765,0.2825148265285416,0
1.650219400272327,9.461115095766168,0.2842028535619423,1.4670282003598898,2.4549720776548973,12.005576132016198,7.793587507067284,0.9303816172446261,-0.6978712594315595,343.26201717303917,0.1525602674426196,0
1.2871436665604852,5.494876257290564,4.8924723233589535,1.409608709295094,5.316274584864363,60.17181126631317,1.4084773202983767,0.36763596286707134,0.18012392494667706,81.91738029810352,0.9330699201085897,0
1.0709157581390092,7.530781314340697,2.942167782082124,1.2297360961491077,5.044029160743656,8.21650698795582,2.725367143372775,0.9150206508753582,-0.5240108673162074,57.98243340886328,0.2523863985005951,0
2.925914501329798,8.743596263968348,2.7847604583208763,2.481069219814816,2.7452276726970957,19.29427258406195,9.451616517010917,0.1482879778658451,0.17255504189752902,472.028473270088,0.7616975858649817,0
2.821282108266342,11.97357145131247,3.2789813994985995,3.1360194400998527,4.876657527115558,54.81078179310254,8.273786844826088,0.17517133451615213,-0.10772435391134028,172.17628038359635,0.24367964377050932,0
2.64009223814221,8.321734938357086,2.485118238886033,9.619631813285267,4.674052725871287,12.374275031897287,7.861911583959339,0.7287049226217223,0.7974820012037749,221.14089969598797,0.9621767148412409,0
1.6958412883479261,10.712397299800266,0.1603175854727079,5.826885184918669,4.992483200443705,77.88815686075925,8.672663404961137,0.271533395303358,0.08462124649527025,356.9419268255973,0.801565681820444,1
2.172717987716544,8.024470995466324,3.061556444201984,9.877198167681481,2.755714221794778,70.12971570964255,7.546135728507069,0.3849586148769629,1.116768990137535,156.33674468272457,0.9227822635091159,0
2.783429005558519,10.574735058337962,3.580869384782153,3.7874227834741654,2.6303612886258745,51.972674930505235,1.3817449179587025,0.22273568288252116,0.5364400431429481,379.8821165753832,0.953435579106076,0
2.490300576577508,9.167903611340758,2.0837453031202657,4.630503662635466,2.945935943691017,66.42930917520124,5.262300999555268,0.39902344221929353,1.7584768355461993,256.2089819734715,0.1302031650555498,0
3.963356560644662,11.206168090516789,3.786477860355965,3.313328725736264,3.4634868125959026,71.56850364421759,4.553590423862756,0.352413994503217,-0.726923693948839,435.474412379326,0.46171941303370007,1
1.4093192576701994,7.876597866450769,1.1350064966921032,1.9105877438758716,5.174659924143205,24.460673717886383,3.249285467049725,0.7627038750900853,1.0631275659239967,175.3432860944671,0.665695320176894,0
3.0854336621427816,9.230130938750353,1.1063829553309201,1.517330606998034,4.9516957499154,68.70586909619897,8.373596015252133,0.7318210493701395,1.0171906327101188,141.72011620848434,0.8123332989199192,0
2.2129563043128764,9.410130764331791,0.8070849384378698,9.456284058297536,5.7018063691141325,19.609533772820136,4.74856418326749,0.9594344587855289,1.851879642238102,424.25975924369243,0.27939815719368233,0
2.2845988447768444,7.921680592603313,1.8599737989458092,9.869425749807682,2.234518236394462,36.00066981116115,0.790916493303987,0.7519795166557367,0.11465560113095741,196.84672924677514,0.9188746164198239,0
3.1527932969745285,6.010184305812371,4.235060176945417,0.5446040154364423,2.0462251240567424,46.86947234364495,2.894662720458629,0.7253359777192464,-0.08368609086351309,235.34089070022725,0.25992751264322783,0
3.077308453973109,5.654915848386349,4.139560310745321,1.5884241598444888,4.796555318803197,58.541822230552434,2.4404863686885623,0.7247835001563866,-0.48281966735903037,407.16852470959685,0.8728675814636523,0
3.973767981106565,5.116700854197432,1.914121039817519,4.292888513780124,3.1171499831766627,7.260598829189603,8.897293071150578,0.8946707100833585,-0.2041344539341191,336.00944181855874,0.5370769506809805,0
1.3851828683623757,11.114739849716504,2.945593679901183,1.9447014158096327,3.33631558213527,26.788205958364173,6.544893386262199,0.36661305958799506,0.5056723182654159,248.77665069452107,0.5396510632766802,0
1.3123289481524991,6.655324385670862,3.604081582374578,3.7024158969061447,4.187208103658049,50.63893236577927,5.691687405644337,0.37008289827442387,1.5131388858799313,162.4507290070511,0.4053053347078916,0
3.1730164513862236,6.480547244972376,1.206033873140115,1.3780538636103705,2.409652492507194,31.802650936183905,5.1651625684513105,0.767092428734443,-0.14714018955807617,393.8904359832939,0.14832996984775598,0
2.7351607510192273,10.152247802982458,0.8407054294737354,4.619466391545723,4.570777666192199,63.12687917221201,6.571107669906363,0.3058346234351147,-0.5267736500278283,131.19396552052567,0.37973555996356123,0
1.8224819996794177,7.240112791611742,4.860479966061555,2.789776700075667,3.300589784924601,53.87391208630372,7.597780358415823,0.9208180037331729,-0.18361458677749387,467.7258202638927,0.45539987923334935,0
1.2382581069669598,8.542312846882856,3.0877865660480923,3.5838600520107424,4.5308604972039666,22.580109029280184,5.632970117148798,0.5813035525781974,-0.6972190749145463,117.64223110534874,0.5050700037253222,0
1.2569747487892915,6.137577457082195,4.90707860916832,1.0336952494812013,5.336027652293543,15.94467346942498,9.395197068495584,0.37011243528354865,1.7800862489239884,412.2201613762833,0.7521405258896268,0
3.682572623992355,11.718220050233786,1.6887799356611455,4.338467702030402,2.6844453333497187,52.178524519028784,9.77297487237377,0.7984899367209842,1.6178724560667415,240.9119900276602,0.3844666049418057,0
1.5756019741562288,10.961069800120661,3.5151584998706573,9.834250348519541,5.723492371658081,38.78504957785683,9.954354702766466,0.3810885668877665,-0.07452484904454304,133.70280482008042,0.4362632172982871,0
1.9701146863465624,11.046527360755023,1.1130181827061887,3.355447164123784,4.122752564249775,17.671778082598895,6.760032878868719,0.9669504853646845,-0.2590365522043989,231.07052220654703,0.9107936722060134,0
1.6799692066809642,7.847416240004037,1.3060008563695646,8.776649820940106,5.691711060695873,29.4780653988783,9.339680574207609,0.9846902887524862,1.716191942194747,149.6983172899701,0.7649389299019158,0
2.064988917495812,10.336528495950208,2.5595106063481197,8.447671502074483,2.8309203288071125,27.728506123893993,4.163901014017956,0.7001166177695766,-0.9946841460371321,111.19714287613131,0.07171298102860196,0
1.20827152823828,6.0071330877284606,1.5980906275403561,9.525378341142385,4.41825065841695,13.109897925453133,8.624005434224376,0.20227050077520634,0.8017325839740401,157.61992951875132,0.8214843198368857,0
2.557179372724811,5.060333018142462,0.8381078192029223,7.922084171444236,3.615548469294419,46.018176444892106,9.109908127648874,0.3368879649399633,1.7480112828370116,440.32931264221367,0.9904467281328413,0
1.2028376907766447,5.139810528046197,1.31440350994663,6.630008587882268,5.096888764624053,62.273647543441555,9.0605766288563,0.5638752659944498,0.5256724667190582,97.67407436592089,0.9427793542994308,0
3.4010695234670845,9.106212161831923,0.1787419723293232,8.58018599785183,4.423635772853185,48.16001666397403,8.34229357250214,0.8663027050881834,-0.9910991212010983,487.64281449555085,0.8441581045212853,0
1.701136245731299,8.187764336735587,3.522118107387433,0.8488823385077614,3.978061827833274,66.97185237030143,4.184671784084254,0.2663978472478258,-0.3433857118445329,52.24930415945457,0.6477150599704038,0
2.6200357438135318,8.626107442359638,2.460583285429308,4.682023506268197,5.651941625724035,14.567641041157348,1.7572933234111967,0.1939631131125391,1.7673247816758022,346.2071694760594,0.3142825160569979,0
3.6402372626843746,5.052241982920536,0.4712153320226281,9.893636762289082,3.508468256686721,37.67088933666679,3.47277229217557,0.167029734870132,-0.9489327274605123,435.4303931771387,0.6717090808110915,0
2.9526321071415826,7.95880633760198,0.858469965642456,7.719041497817849,2.879920819592726,50.706132774357435,7.719427979121312,0.5562708061240422,0.18433929818960415,470.2809416570439,0.7108128473320712,0
2.598873359654006,10.026477128406025,0.5126726905632201,9.624546242568508,4.432404747408366,55.70011707064305,2.482278011033758,0.8962308726352352,1.3692341789989344,114.79351705553954,0.317480252979137,0
1.9730012593461268,8.09885591377205,3.0629640413793826,7.8183801257214425,4.496113748691255,57.18397298175702,4.88706623529453,0.13812331837950312,1.5142729810550102,364.19382340355304,0.2925631431880177,0
1.999005739174594,10.125534444185556,0.471051818062469,8.761331477677228,3.7563784862875016,59.67240703234108,5.740915276249787,0.29108938059418116,0.4328237978860101,98.30714727004128,0.4270776661376568,0
3.0084608655945706,6.6311327507778435,3.7714116651760805,7.094643359801591,3.9464401747575293,53.85723591470125,6.1178139118911785,0.7239313142555516,-0.30254874480144245,208.6751722434951,0.6590896205818584,0
3.982418083663503,10.69199403137208,0.10255459660195587,7.628969843730674,5.838213657199599,12.067106670565074,9.370110374112226,0.8432770916293438,0.7991141530584769,379.3668608781471,0.3284091558182552,0
2.985517569548136,9.119018683174165,1.2468789399794606,5.279462297411056,4.930742765587205,57.14792582017223,6.682631600060313,0.8266595763692526,-0.20866590532809548,205.68795177338012,0.5778831960696069,0
2.6733502521100747,6.475341696009344,4.453333379459536,9.249953238059916,2.442407005930308,59.35869925807907,7.905728397557563,0.806561251588298,-0.23420722601225097,191.01862772648053,0.9042755317614737,0
3.191951530717738,6.657043330976831,3.59265659061123,8.26788521517128,2.848520283482444,79.51099507502204,5.9024078093380075,0.21681982073200598,1.4227992901910396,102.2245784610837,0.33034530863528705,1
2.3956168368511546,9.396213251986758,0.3648416646284386,8.454461160089759,5.902306537742236,57.002182752584446,8.36908712484724,0.4575138239646267,-0.5372024941101607,79.8971424476396,0.9676750493211361,0
1.1804270278023556,10.809577152487105,4.105630522425899,6.762790099534218,4.905862215174125,56.51227968136617,2.783903408083676,0.9862701965485718,-0.9834355647940276,101.8750960767907,0.4996805797395548,0
2.686890447633729,7.9093944742040865,2.465175607701024,3.115341476163765,5.660180504578612,43.6109967636479,2.2568011823541347,0.9899988144292793,0.010325651017547344,443.963648725351,0.1458629207635992,0
3.8728758535161405,6.808103003893145,4.233915135844146,0.4527349743623794,3.215445855954888,70.09421814388354,9.277936477828103,0.6421846527587691,0.4729218649850897,55.039336421416365,0.10228742404309499,1
1.5259088270729788,11.069081248374204,3.003698872251967,9.36298578115449,4.967467440346369,79.76260714708687,6.996112588302309,0.7383404842490208,1.1152411756859708,361.78964129088007,0.3717407885843493,1
3.070014672461997,9.684878042255844,3.4091651601642936,5.902591453174419,4.856010834094046,63.428365264807404,6.780950655170567,0.9561554166567782,1.3433457728128655,395.88090344973403,0.29582100889337926,0
1.6028010659771694,8.136598410981536,4.967507801978541,3.0516154143665886,3.1787599417575003,50.93752833933563,4.77949333855881,0.5049350751170893,0.9905576334008903,305.54973685734296,0.8515276608430896,0
2.607483053419244,8.415301366955113,1.1616777296200909,1.5764375676906244,4.203265301802821,10.921612019867613,3.8916331410764036,0.22318017209541396,0.8795266409507798,378.8489125324169,0.7507565003461086,0
1.2900293489401589,6.429795275554775,3.1197278738069416,8.312279338457472,4.509660445081181,59.50543487972207,5.645773705890661,0.7020539879644704,0.997246166958305,343.52135106129515,0.8903189725265555,0
2.3511128087745554,9.387618410453907,2.301606950286992,8.381549925031031,3.92452724330986,58.14211764364628,1.3815502243323377,0.9640920744104712,-0.18542044725670292,255.0013200926117,0.6097908233012762,0
3.268489986685738,7.511197573800221,0.19725976461345718,8.163628884492262,5.308714826632051,63.16761108570738,4.656183098614457,0.727485484479665,0.14708396889370334,222.2196925443202,0.4636843852109756,0
2.042714572716946,11.969516236720445,0.07235320751432517,6.486318650471183,5.331476167191958,14.341654129961698,4.662603503761713,0.822989014321364,0.8493095029986935,473.5993947823281,0.30703953168145015,0
2.9947351734616543,8.361284606833216,0.5961428890892934,3.7235523371595716,5.4024021932062265,54.02993750946076,5.4756978268538,0.48047392357355356,-0.8032880189380814,487.3720966567106,0.6039533927020873,0
3.3863498823691875,8.401199243327293,3.2454587026927406,3.1102958193245445,5.213694276392651,27.1792928713756,6.419919020798583,0.18681683873036597,-0.11402394979643304,343.07213163126335,0.6371235393243455,0
3.781533458438358,8.960962511874703,2.835815439566961,0.18469222416988484,3.9523339087885785,62.02034325521253,9.581719986656548,0.25199387789656,0.21925683427295928,138.78447795431228,0.4233001855547732,0
1.7039262455663606,11.417292021831226,2.767147805818637,8.352714831013579,3.525753192596029,23.028046552359967,6.5912574454992185,0.9843893464919294,0.6003220485618079,251.55462309700437,0.9397656507360205,0
2.1979477474279245,10.605726699018252,0.15928381264130043,0.9655837051870604,5.325505134857482,56.2984007615308,8.860506489143432,0.5438658852948588,0.4594463220828833,273.44187053717314,0.65795685893204,0
1.4572480399912524,8.15791048858489,2.346514981800035,6.3444744806035995,3.9608058342250674,27.124471023798478,5.651777842397806,0.11081853115952489,1.1543956344619812,391.08652360729775,0.8456071405714563,0
3.9774505064751255,10.030894861809571,4.623114089212643,5.090341973716875,2.9854855945119274,5.674571961307335,6.3438932497494,0.9598305526580564,0.4202800262493833,350.49970909504367,0.6393712100005082,0
3.781002903772886,9.103648491465332,1.987959346553233,5.314224653370876,4.029374129288865,52.50184339798216,0.8844021404737823,0.5480019207739477,1.7123899514749668,281.6664932425528,0.3507099460651197,0
2.619871390841679,8.446569340908741,3.1246123489422817,9.274457168546956,2.5673992876769685,13.495181236919178,1.5059844842672727,0.8526415584626539,0.1409550264572519,356.16405100422065,0.7497881999847651,0
3.526099883129264,6.346210409490453,3.899093378115718,0.41298861158529687,4.766517962395195,54.44686045911606,5.880770264935888,0.5936123278332042,0.576115118528469,60.82558103019828,0.26874180433948164,0
2.5628739318161267,8.247553844184235,3.9196263957094377,7.756583023824846,3.3436851264956253,74.4207086267703,4.077986125588687,0.19153205530728498,-0.9903688311939196,399.4858948479637,0.616778896748678,0
2.870757064008279,6.720730109158023,2.5964004119763566,0.6153187438363406,3.0426351937898173,77.69344506583177,8.028343094681917,0.654012623918752,-0.06856613066143191,145.23450530312493,0.43224802586843164,1
1.2673732963480497,11.403895048961584,4.289759727011681,0.47772069876023426,5.82603498493898,22.694231549570944,5.523143173766925,0.9976602486876484,1.5997189319419771,345.3841128025171,0.19239062536415164,0
3.265811261490424,7.347847694474428,1.9568904668187348,4.355195211599681,5.10752398303323,65.69399207379911,8.84645218172311,0.13126400438134878,0.0007291837888749875,101.28796346165412,0.44257854675149816,0
1.3831404509057044,11.665848101733605,4.443466073923991,0.7244442259953705,5.1482780108957265,31.516495765433024,9.728850448930455,0.8576147777635397,-0.24044100000261404,101.50737616611566,0.34476678798138505,0
3.478202890757585,8.73138703066298,1.2011358319777266,7.912525117799829,4.494887877116733,72.53428045609867,1.646824814190553,0.3119327160856885,0.6306108873266649,66.0459397265159,0.15661097762300033,1
3.3460842630111576,9.420810650733122,1.4010820349528552,5.342674627118538,5.3566912420411885,64.06171764720304,4.069311966225141,0.45447960044096714,-0.7638097046737826,459.6047645690803,0.8326368172268657,0
3.126234093228929,8.800583111425293,0.2656031209950055,0.387483948331767,5.036649924653525,10.544128748432271,6.7168140473327025,0.4354385605956058,0.5948153949511976,322.0514409613154,0.5236534286128537,0
1.1084811415742863,5.905664318766906,3.9779091827114144,0.5009567961710032,4.395094816534466,35.5352745407958,3.1937898029234275,0.9089174748422076,-0.08900260527343506,212.88287130311673,0.37903845865784935,0
1.9093850678359858,7.630748533055587,2.085276181163528,6.165418444420846,5.844497607406869,30.298836950725555,2.816916909670653,0.5540375699486544,0.1493086696231627,404.4999834586889,0.5297160372178032,0
1.7893377097325285,5.694022785943368,1.145583069556995,8.080506994818208,2.766379798737692,63.88857655424577,8.174637894162599,0.5024568581509847,1.3740950130114347,331.73699028109945,0.7668539616330337,0
2.0804092224145574,9.360678309283673,1.1589513880828983,4.434215359620258,5.773518875979004,35.77142829898693,9.80770899677568,0.8362225979530987,0.985892055842355,329.0362330608232,0.06738062355828708,0
1.2629282402915156,8.128119366403073,4.506999706146166,5.590348648202681,3.60575264799546,56.344129823981284,7.783272646225318,0.144016420874453,0.3383182793715287,269.16925746335306,0.5694141725449401,0
3.8108734690931882,10.445894800996559,4.169583002305185,8.018311595094026,4.113595933605946,50.18264416928303,5.332030903480313,0.1778106835857014,0.7325489392548183,53.56705040069391,0.5051932441197695,0
2.6614067221371287,6.543293366995589,2.7676544267859167,6.1440111230140095,2.490957278177236,78.17290393232253,4.536610073064085,0.11951997118866037,1.3005762659606876,166.3081278912229,0.8984166819393199,0
1.9165729319740707,6.151962409005344,3.0805540020786055,2.325126352822313,4.160429755687163,75.33387176012111,5.488547661197576,0.7191846136067956,1.237351235588565,99.08451257003733,0.5781730758484231,0
2.1909445512228505,7.844325616746374,2.371627852751455,6.169215056107838,4.444827007432774,37.0774636054039,4.735829081439812,0.5730545233712631,-0.4440348683464648,348.0844335587492,0.18045670041211398,0
2.341607621514507,11.48609768252867,1.9583327143940443,6.319966644745614,5.990806167234096,59.268365873086196,5.128302956499548,0.8884199132814544,-0.0972423340023858,161.87936980414898,0.41924905452088324,0
2.8017830000818518,9.972952705086882,4.5773844060916575,7.367659110723154,5.900769644286106,67.20950704859163,2.1938398951864317,0.5486796126753452,0.04471079289807589,252.57499882304313,0.6400159034499563,0
2.5470382830894933,7.93246537355043,0.6280635176015104,6.246654456812332,5.8655891674971485,72.41643153966089,9.05667110323141,0.29963761548579476,-0.4373731299849867,209.0436342304473,0.09363711670299563,0
3.758175919643252,8.620905188280174,2.0922339485811396,9.695497091534577,3.3935522404082294,10.110069783236277,7.594443014928029,0.8246326357939745,-0.9635156379810874,114.43943206641379,0.8904166425277326,0
2.490890448717491,5.589491078239688,1.7228095399393766,2.053154256298978,5.965065994980174,27.65590994551226,6.873578742393557,0.36489146880936063,-0.47809819363356343,481.2666047972237,0.11439322367730659,0
3.976474044469938,11.892031274632792,2.490753601255742,9.515797727714055,3.8219126063804434,29.017253072639136,9.509264715549836,0.942120803936988,1.4247329812444613,470.0386902322472,0.07906157145405485,0
3.554274873235287,9.664851132864433,2.2881593727258753,5.429560954465161,5.4073450350476016,37.5834463414909,2.987064452745813,0.3253814990670164,0.6377613541774134,88.07368371648825,0.05191479539520923,0
1.6255315430720074,6.997828479243958,2.5944476582554072,6.752365790899629,2.865279876075888,17.694856303656426,0.9953622267574196,0.2509485875832581,0.024974080961542633,422.3144090875984,0.699557267051212,0
3.7917856439317488,9.100658759506711,0.6995948861349705,1.0846698147766796,4.02333271862641,42.21544099625061,8.29615887148225,0.543991592359619,0.8250333368883944,269.7681572223679,0.48312408286153474,0
1.3490991936564283,5.766376562482958,2.5657075075663855,3.8677018196432598,5.864048384510422,54.74107454738421,9.984486243762698,0.14546360617321902,1.2195023760403751,398.18114806138306,0.14767680951764578,0
3.4523491254735745,11.760856681653085,1.2120940694360542,7.716853549985409,5.78812558769371,42.30229401625383,5.868637892597954,0.13277055563435589,0.06328334906258792,118.02070891119511,0.8633980965227829,0
2.1418698804297405,6.2234949151835615,0.9216567449409563,7.098419049480004,4.734939511285707,54.934482139821185,0.7763320015442823,0.5464130907299122,0.3982245246049234,109.52336199989466,0.24258426038778613,0
3.6339229613352084,9.5362122263865,0.3241710939309561,0.4973799428375608,5.191257290212239,9.983122386342522,7.848586793518424,0.2935961927153088,-0.8073603499896532,450.84087540284185,0.36000795102251565,0
3.604170070322351,6.718181237772513,3.8132627937807047,5.5112832086227215,2.7057067864096056,70.69904987805577,0.9227406786892471,0.10841737455566318,0.7912716086374376,454.0187713284774,0.21883540015586322,1
3.4177762003528636,10.02292967853975,2.1372096042827997,0.9739541103872534,4.88663419793663,75.43018940758013,5.492137065340956,0.3664512202883695,0.0692212866565538,259.660473239124,0.9304184828364765,1
3.370091308921184,10.437749570681968,3.1332184165587917,9.958978648863807,4.472203233341489,51.343056808898645,2.9198182472631657,0.5296306184619327,0.30057094280236285,441.5710089267041,0.7701634440134341,0
1.9140374172941224,9.713938102380029,3.637966716523717,8.983236226479617,2.3662069430049844,71.10432489776727,9.167262449805476,0.4548598313143809,0.26780185384077404,350.3565281766336,0.7377557268120589,0
1.2427578491537565,9.301496221786348,3.3965833265677676,0.3086985382425159,2.452636026358705,14.858451248615932,4.623045889942953,0.2219225195443808,0.8972278662276283,133.2543841749464,0.09179622856915352,0
2.2089405362954846,11.247283657664081,2.3525035954484115,8.600630831136046,2.4337744710050475,64.80866900572326,9.004940815089823,0.6217073450487798,0.7173960468634426,198.0294191069669,0.5465666190273973,0
1.5205735449595261,5.550386976928307,1.9394926447586491,9.202353045528236,4.897427739319342,13.936114510444549,3.1309946354947624,0.7392996920328734,0.26631814332970416,111.22729272890146,0.5966798149075034,0
3.084853266707385,7.316403360461367,1.8797995482033185,3.6001274033782056,2.5668608329902898,35.60076736231525,3.996153321449243,0.7079852459469658,-0.9491349355278139,398.2769010189199,0.41339479807854834,0
2.0382991796133565,6.738012357415922,3.2002439846502817,7.223066384972882,3.870929084457882,29.286390091870626,9.48176804482139,0.45438572915494524,0.8628878438941379,493.36282611308735,0.355668437782765,0
3.9268306025797446,11.916097734457951,2.473971774709367,4.4768270874570115,3.427927223511031,48.91938689153407,2.1728816191300266,0.2238365360540026,1.638732422102981,295.8702469547052,0.8593457172078474,0
2.922916232035996,7.725728457668114,4.245661239942553,6.586801597305806,4.202016563080871,27.613590142965016,5.869311286181222,0.5495380961416504,1.3086547147816932,345.1389863517017,0.07186576178680544,0
3.4674416909030827,10.128288894682791,4.373509921633561,3.4691423025520955,4.825905948877612,52.79852222503495,4.007401219889092,0.9013885794433745,1.9448468967502466,385.7416556601365,0.6440871058632136,0
1.3975740182255452,9.793076147167032,0.8528018900325923,3.2933364426693568,4.738890148885329,32.55404668639684,7.786835473673529,0.5218505640471096,-0.5827739859378599,150.91659609372067,0.42453456825987823,0
3.5860434468178677,6.484568662341644,0.6811682577286282,4.3018954996900325,4.0620796636575065,69.55927857728483,1.4671044374793025,0.27611294476742887,-0.3324398416364389,201.2005614350454,0.6826531470861259,1
3.768271571540183,6.672983761480859,3.1520046301799978,1.5411208106597616,3.857339494441542,52.541288016470865,4.484706696245752,0.18374797278435734,0.6178023956659373,235.54454509590562,0.2380216685052849,0
2.461185756456808,6.968991944871239,1.506128740311397,8.328275747910288,3.591262380489035,21.147372299108458,7.04953974308358,0.9495339742889916,-0.29235489296858064,317.5647404654625,0.27672638689725343,0
2.8187588132529324,7.877890947815654,0.0928535938254943,3.552109164080203,5.447639793217517,30.20970665210653,4.188759103060367,0.7687084679892234,-0.8963506561549305,432.72166016694905,0.607511116342961,0
3.294429402708986,6.6402754595536875,4.443213346814775,4.061480583667867,3.32340721949058,68.55656657199918,0.7736110448986917,0.3816702754304341,0.2068648284918384,164.39159506545775,0.9809416189715112,1
1.5245158817812376,5.137560379227935,1.1345038362190412,8.95114066575123,3.0374632846699794,33.985981249059385,7.110100161086371,0.36581716558465704,-0.13706579753805248,261.899960327505,0.9759494038370014,0
2.507698229390327,11.155751397650368,4.646403258429046,5.016575759225396,4.973261974621085,45.18492991742339,5.131343611312834,0.9056966380503377,-0.2087174630233516,388.19026004212026,0.2865319346201515,0
2.195989083316939,11.75926881966619,3.5871722543912683,5.488113702573543,3.439053846786906,53.67064519642496,0.31082512946498536,0.259811411328686,1.8595184510727458,89.32324977708095,0.14723347880942506,0
1.4391219764867473,7.390992709220976,3.8132674495574213,9.569331435293275,5.387994399029074,31.085723718943758,6.204027773238057,0.5815335606908901,-0.28463765120365137,280.80205624678035,0.6108260760334969,0
2.102603266874594,7.36954815597831,1.007307478965802,8.878591193135392,3.311554874548579,27.048397306855122,9.214834020782106,0.7421538476613713,-0.6117022864378066,114.97086651457626,0.44898347766994684,0
1.2045169281564807,5.049642689420597,1.1709721280840646,1.7777204179955512,4.807779298298353,40.64411769560215,1.2880542924745522,0.4567513167691206,-0.6240422262764466,292.6170035273072,0.7736023773222092,0
1.0774357208484608,9.761754818312617,2.606338769120329,4.78482879618924,2.1804360251413444,21.116072906959182,5.988578103089856,0.1359121082887797,1.4189722204655877,395.52024259194656,0.5515845390145742,0
1.4054988674644684,10.7780792702404,0.8604992632493108,9.7158326515426,3.54225152044128,26.315794018929758,7.340955041273778,0.3049829323475694,1.1445442235802208,156.6263349702229,0.535057465695859,0
3.8893453347675218,6.026258102520022,1.5271584634151614,3.7864263524631667,3.372920699870206,9.655886302402706,0.8935819673749934,0.9116273236981364,-0.6115414132988134,432.2653004681172,0.6641368748097781,0
2.648588607685051,6.117664445570055,1.6073123897390222,3.778573774310381,5.2667149571036935,27.79777069782541,0.4216314900090259,0.570807070155599,-0.3407406434176411,200.6618495367875,0.17009752260653493,0
3.89746648345966,10.530582749800065,0.7981496662638204,2.030799294712628,5.86822161291324,29.0528070022677,4.749119493120483,0.8338971218391728,1.242029025330591,135.85318860099656,0.6933036431832392,0
2.297493634990396,9.314035238479013,1.0259141669758036,1.2317988297793396,3.8435251067718457,77.13748747184897,7.953629534896766,0.6001169885115556,-0.17615080649615766,259.3955277818834,0.5140937156226809,0
1.9354483992557787,5.314023903394019,3.9427592100412827,7.42901742848422,5.299345108615032,49.22966190994101,1.7750502189734176,0.949241886141073,1.9446262254720565,444.23378694734237,0.8291397123527203,0
2.5184255885207323,9.357828933235972,0.8359792727363419,7.723301640145013,4.79877880382946,64.05368190618542,8.399045267706244,0.9182206680011606,0.6217101998627264,81.01987752834631,0.18177149201957749,0
2.3185350658987303,7.162424059906362,0.14228695921961243,9.693228338679699,5.869543950654773,8.403293958524184,6.6344571031512425,0.5345992378093617,-0.42397608876973536,197.4071597974904,0.3357096966605837,0
1.3169940527852317,7.581076088295921,3.1467747131446924,7.756840287963094,5.244434057371299,12.990252020627894,3.4552982203271596,0.3864466228927145,1.5764253635381995,343.9234260361009,0.9527340553147481,0
2.922478944070619,10.388119928078162,4.87991559696225,2.5091896909326272,2.309912263854922,66.09027206469443,5.255092825226005,0.6415019086110492,-0.04157336230829456,210.91139091301346,0.5754192353255203,0
1.6481145475287988,10.676546348708275,1.656069073115607,0.49715412505630296,4.853126889528944,51.76621620632268,9.662634801322037,0.7073989135025261,-0.13357793480686653,81.87079762967701,0.9328359497662905,0
2.858763864693489,7.802496387878815,0.5932785159812615,9.855830105259637,4.141998861689494,19.32365229051522,2.3210823121969204,0.5485195830705685,-0.017676299645504656,199.39953595121318,0.704583347956285,0
2.9506032771944604,11.630070552044483,2.851936626837654,3.470461885881697,2.0657442317293087,35.359655439630366,5.095446897891595,0.8400548989855849,1.3045917446691133,419.43172376143866,0.9301097966883695,0
1.4560745593859443,7.8452390256645055,4.531771055478231,3.1885182700809658,3.0052518349017747,45.40043749862171,6.319968249854684,0.26499566960639453,-0.4803611508521556,485.6168851272617,0.35193497014245595,0
1.1840488813320045,10.40285224661077,3.9203088991423938,9.068956576518886,5.687020980107572,68.27073718530812,1.5525431336615292,0.40097064756162915,0.14535734078281415,67.90063882897329,0.13600707045069937,0
3.3422847582053192,8.387140851949813,3.11257934206358,5.892488995595363,5.704245491147011,9.530899377087064,0.6265164685084346,0.7177387216298077,-0.9075016816467687,306.1777179357812,0.8121296766531939,0
2.3794012713079606,11.282726285654588,1.5752824830379968,2.227224621106432,5.195401840802537,49.75417170255218,0.3319075387284186,0.32201547884880155,1.479879852048823,97.38654486208164,0.8142453148392198,0
1.1744913865164275,11.35432870555125,2.7094008663811,8.902052802890772,5.927118413111957,58.777694119001296,3.3819899946801595,0.49586027021527046,0.022156298921015782,356.17843812020266,0.6378854549101987,0
3.9845989515093017,5.611917655097587,0.4562242065212768,9.934272465041959,5.226180898496819,78.34188934328445,0.9246834859516806,0.9673601919654634,-0.25548124057487676,53.551501703622925,0.6005916930037406,1
1.1733416829891,11.55545331917158,3.3947271214033496,0.9581177553932242,2.0408167491409808,65.53700587191383,8.076945534902924,0.6632883754179167,0.7396797271264977,56.63373156831796,0.91916276214247,0
3.0851056865756594,10.778743890642911,3.625480094488254,8.636291120194624,3.151337361206047,25.717048517395504,9.973731366185111,0.9541515111770131,1.114975651254126,399.59592189375826,0.21767354367045438,0
3.9510367757902407,10.539175000188667,4.825158114549594,3.9661054070755006,2.1224967289510515,58.21843954086988,0.8007774529977476,0.7501972629237182,1.4386881115488293,83.49589521378401,0.6357110728022287,0
1.7175403126477768,6.4063793777986575,1.3019867937253582,5.288317220416373,2.3764318749502378,62.24584136952328,4.440717504147709,0.7522000927004556,0.04335483649720384,187.3317534291789,0.09728208028110015,0
1.4267481060615885,10.635834461282656,0.09228209521511321,9.156678160073309,2.8753632678031043,59.73016249387964,0.45217480522923276,0.632671456321185,1.4369025504472086,481.11819084672396,0.18382168991974768,0
1.3641548182672867,10.950929142795257,2.728042322135753,9.73645403817366,4.01423418530209,66.51080509639024,1.5131107294211796,0.22798773533325414,0.39464300111437467,493.36120285136207,0.46540873102113456,0
1.9098254427027865,7.024052341179057,3.533952521984072,2.695422713047114,5.390128013848071,72.77974821602282,3.3646410969246063,0.567742861797659,-0.6965731973643252,122.63128784873005,0.8301470009189951,0
1.30313743303194,11.665820548536267,3.95203737941494,2.2072226325031465,5.447867024628432,12.382240174200518,4.058242487964969,0.3273995804531239,1.5389224481473378,302.4058646461326,0.7464760562125563,0
3.0764840250823955,5.349021024794149,0.968694665124053,0.8971139300559674,4.464807434229186,12.857289326083913,9.409872875000673,0.9988052989161522,0.6429043463138431,301.61697282063494,0.9753611714936947,0
1.1868753943901882,6.0493647727299775,1.3087643451851183,5.661798741355166,5.71270375626494,64.72999915779846,4.0792007258175795,0.3402657460910985,0.8074087158421563,253.571310739676,0.09260621604640426,0
2.528266384449369,8.7630679663606,2.5629546263364817,0.2346835149616159,4.000249306360832,23.927935739110318,5.063521058762542,0.3076172591153037,1.812473809084206,466.11507121879805,0.41228460788492316,0
3.9900905615589304,9.030547297856167,1.6530040498500091,4.177793146338372,5.556144176532806,9.390606646255845,2.606717009083891,0.6614948396116401,0.6774544548177657,389.31525910587214,0.20085126149640287,0
3.4419108085180565,9.516050583106324,4.302557432937225,0.8265017648548847,3.8162610253280485,35.092188573545435,0.20122635981443984,0.5598539318976672,-0.983249407966033,394.03712105687475,0.08511321984702663,0
2.8456583146930328,5.118783905208265,2.3688007686936015,4.111735251000407,3.108900029687529,66.49076838695586,9.013477675984724,0.11921762192906275,1.611847523009308,171.3062442962044,0.301177678479751,0
1.918760862359835,11.722567422354912,3.997893220510015,0.4953286737295317,5.665651672401711,14.492376786048528,1.0008046189557873,0.21657986109322286,-0.1457467590296201,245.44389749073744,0.2822482519778555,0
2.871687508874915,5.312116649139008,2.903098802411769,8.368650880026811,3.5517403027154772,55.38814788533506,9.649638642155045,0.8299386476447613,0.5053007623520114,269.3406643139539,0.44902633253908214,0
2.5811243917349547,6.001433669063816,3.86545070808556,2.1764160399918024,4.0136164353778465,5.271189632867578,1.4822722201825507,0.5353227596328045,-0.38534019231573935,184.51041854198743,0.18307714750556353,0
2.2782501516711147,5.098101622682399,1.663364932651619,3.350256232543329,3.315442530122709,13.230308540933745,6.127809111354315,0.23141369334071296,-0.10904929463507973,92.66799882292611,0.5141392002648116,0
1.3921311302205983,8.968009033058664,4.1570831096515555,8.71347516640328,4.651350401162919,31.313775932636513,9.994223760995043,0.5187183065521602,1.0599465442011016,106.86165123749718,0.9240934109485299,0
3.6598126457214004,11.525868187446806,1.3728615777551079,7.48803400718883,5.980124900024142,11.270171076831051,1.5569530414828237,0.3278341747741633,0.28872005311374194,131.3020076814148,0.7607794850183992,0
2.3493539464639674,9.661630162563249,2.730494040016454,2.268479780256379,2.1020541954590786,68.44262505778346,4.354642232410278,0.30123231500110936,0.8813918917441612,141.64400046422676,0.8500684630186034,0
1.583867535462295,10.758602279362991,1.0700355658693712,0.8118042447092109,5.599392024028406,69.80528773591017,7.84815195592047,0.961952748800594,1.470727073938853,159.01781414474482,0.8144921636554566,1
2.103278052631869,5.092968424210061,2.3776326081309667,7.185170390867861,2.0157042279570616,61.66780273246432,0.515463468529689,0.42582207417196694,0.02246606655903549,164.95701303357248,0.4201450196186023,0
2.242389257586781,8.794107089358082,1.5908760475435157,3.9679552518122825,3.4569115245848443,23.18597235467131,6.959870961172437,0.14178799420510524,0.7050201149781228,255.07235546939117,0.7235129844829434,0
3.4826136867006228,8.216940842538653,1.3335171531860712,7.68419199127039,2.674427225158057,44.243530642998486,0.987658711329835,0.9732940053735725,1.3327636801194087,279.30793587171854,0.7665434274518477,0
3.200843141684206,8.492775609545552,4.834925090140187,4.508418246514583,5.029367122690205,18.814139414252857,2.5178973942776186,0.815355617294942,1.1453695783081237,188.99564365686018,0.24536570041427386,0
3.3079146809240196,5.505492297346316,0.8003705274336531,3.5254238884255367,2.202443363028694,26.09588375548331,1.7687463924349323,0.32897197590774263,0.6195303079455527,458.2833889643277,0.8672492482887846,0
1.0330937932859416,9.791047527485151,3.936629187286976,4.566933541302725,4.213939814337312,43.70039691303433,9.091897030139975,0.4680026512348523,0.1501505321820653,298.9128755025296,0.48486002859615035,0
2.2484619945392845,8.522542904010441,4.920824797416074,7.510733958139699,3.1797045353812505,60.126035634559834,1.9684758244604723,0.8760606171356156,0.22250594369905263,404.364617615033,0.06554175253391518,0
2.4440324549059707,10.356041949028848,0.09950741870038915,9.031980836749703,2.5346809954588085,12.099078529522938,0.5962541360485406,0.4216721673909468,0.2994056359887969,465.9070245893795,0.6612149031831579,0
1.05757683046917,8.397034438432009,3.495137070210475,0.5926952462268978,5.087272848410564,27.25225232210646,5.95873164878807,0.610663637805939,0.04653658683845552,123.41080155911234,0.6929249373220668,0
1.7794396262351027,6.045671453585024,1.2645590277814356,5.288704258146856,2.869667337021027,74.49660114289416,3.59257306901508,0.5813711826981514,1.097226904669094,242.54351767203553,0.5741741818429916,1
3.280869469366405,9.537798678544753,0.20243912164152222,0.42507074793038824,2.8947008482197556,37.18424883364161,4.1759209622853914,0.46116509376591974,-0.6237542431845109,244.94468077157396,0.2517945358047987,0
1.4113291171869973,6.206704534736163,2.014447894783154,4.737254495741151,3.100307140551692,75.41522554319859,1.3668148996529603,0.6755517116323445,1.9023623621518304,209.51251269725938,0.508164125988262,1
2.6059303943577747,11.106761943483704,4.676089050854375,8.864300008059313,4.34706705531211,79.35504061641018,7.532698016045307,0.5259616635716977,1.3369565059146202,54.00763994823797,0.4301210777332317,1
1.6456056160517125,9.29181367348469,0.05882547183498843,3.679743637561066,4.638663726762993,44.499486958356194,6.095225766506477,0.11910744250657557,-0.10551084349967843,417.18744850014275,0.9759517701517295,0
1.0363623239316797,6.100427184898679,2.9394284596489086,9.331259168698368,2.07041009480538,26.603300733863794,3.7693270385331443,0.8329447968831438,-0.8723572921880931,100.20169469925625,0.8334445130181412,0
1.7236043727986243,11.736366402368448,2.5069823929766217,6.343023869341033,2.9674785444551612,64.30826064294342,1.8814344488787327,0.20184020447834738,1.1339095171367783,497.9662690647915,0.7738046248328541,0
3.9276212647301616,8.628558243347245,4.3669208218552376,9.348137903550763,3.7238833700211313,16.948305164376123,6.015827043871492,0.5176809378022271,1.2030771349094995,397.8313213600317,0.22202001785015496,0
3.4046113356489687,5.510289163101585,0.4200085726031283,7.595949591583945,3.3279078086449325,23.903514475405288,7.830253339172299,0.6219107118347474,1.8908678315827299,311.0045079229315,0.3644880165501557,0
3.8787299329631004,9.38783033090547,3.4076301494332517,1.1240081498227468,5.536682634043544,63.86599321244616,3.2614933818985103,0.7349554487739617,-0.238883327274505,119.57288798371886,0.4107262437907591,0
2.4635621317790872,6.772392349089672,3.4005484921663864,2.3883985388705034,5.150834923545675,37.52344435490224,0.4534317586782516,0.4697168817591545,-0.7518247293873286,281.9268371269612,0.5179961556854555,0
1.3292085960325104,10.625854163141117,3.3454000843114162,4.0022875003767115,4.50356086215531,20.115345274075004,2.3005710505792436,0.7619936383274782,1.7454042731552981,167.49893338601402,0.07871328646219782,0
2.6438784669210786,10.724754514963333,4.711672474675185,1.7840581319195528,3.352169663988159,53.83443087142433,6.887498625149727,0.2182150762467132,-0.22405289616167434,163.54513604438125,0.6133587666709188,0
2.3631320036798824,11.852631490982633,4.115437645034402,4.999624887288939,4.802689379384639,59.95713960362622,9.893144499077842,0.6881009934437011,1.1645943419716458,423.28816222211844,0.38996371677350095,0
3.5330712482188478,8.513086717171525,0.20986363121753004,4.766544741444757,5.374552051383178,14.380342958792681,0.33108714620601,0.8437050348271327,-0.8180210865169663,221.2899907817456,0.5835932881546192,0
1.2942477423527339,8.184698158094161,2.3554142535225657,9.566966060471074,4.379321509435947,25.77351949812006,3.200304908894588,0.900499575553751,1.2817544149285007,252.82571152586183,0.0585294650438716,0
2.4647234110653344,10.274329238125365,1.9897652810066675,4.3939060406701795,5.137845867573517,21.595756652917494,0.807804530398621,0.6216098463585003,-0.6189223085885788,429.3341320010532,0.35536148204764745,0
1.4501459940819528,5.927294594393486,1.5507361054540103,7.877705362451178,4.996419845598991,33.489097157183906,3.300223020077716,0.38160567826753355,1.0867590441248103,89.50578157347914,0.7802327532123394,0
1.97402778067018,8.828408596551869,2.2566836257704863,9.424914394029651,4.2869492446412885,62.258367168204835,4.177960562648728,0.2470208605422638,0.5970291435602144,317.5780338909723,0.5260274749006881,0
3.212071232163399,8.823733200915957,1.9209709246298874,8.782189426642457,3.248732867286044,58.528107670574315,9.224448501073299,0.41100287758970044,1.8664643914017813,310.197056617867,0.7994429619283563,0
2.4280543881062995,5.62631185967271,2.1616694993933265,2.165809482664759,4.983128632005087,54.6892932787778,0.9894958341687916,0.5859769358389958,-0.8892470707679709,241.34655617000385,0.7140123728915173,0
2.127664855437308,7.925888598548395,4.896309328043213,5.010695953110088,2.827185465430426,5.4714159401443405,7.815913720044547,0.2766972015924045,-0.12385376259982561,423.3985886408418,0.8621745463934283,0
2.1834288357101057,10.972993589970415,0.4431648737479038,3.5426238447296647,5.1179533858861355,15.660748503529208,4.076237081417041,0.9572634151237837,-0.7914732479972686,474.3005276010617,0.05707140912456496,0
2.37834030521796,10.993075353962622,4.611154349193649,4.058601081858433,5.218186768570132,21.74731618265501,8.150375926735892,0.9074218859856185,1.6375929057191567,259.4011378611249,0.2982592172521742,0
3.3550496315111706,5.694663654437767,2.4011835673551336,3.6719875798329373,5.288579518281493,25.39668845291372,5.231341416191089,0.12966147537888814,0.7817034609833233,255.26617294927985,0.5713616402710274,0
3.6762540668207033,5.635046179234816,3.118711227497706,8.280956180732542,3.8916638839138304,15.981990623667501,0.5849639806654189,0.60576561840735,0.604908837073697,275.9286783518352,0.9439671728195733,0
3.866004059511785,6.838868339013548,4.1509148330884695,4.57617664571223,2.7699230710816867,35.773666360541725,9.472817670205421,0.8103779112219518,-0.6056263236510707,375.4058138748777,0.6958006711259122,0
3.3607101587658854,11.123362437877955,1.8023151457462778,5.284573889222413,2.398894400264275,10.638543876051944,1.010793821658314,0.3208527639406063,0.4670967719391528,350.6271308145331,0.4837593469677561,0
1.9462206872440382,5.9023180955144925,2.1521095404398345,9.82622883476604,4.973445001951697,61.251664279083556,6.0572983248308105,0.5715066091534695,0.19611096552744622,150.27572714309918,0.17363426398229892,0
3.0644041182596267,10.039977618392124,2.04759240139357,0.6937947946960128,5.545045538119252,64.07905904720786,8.801144076748455,0.4653926941684411,-0.052744395582930315,78.75290686970449,0.5185545870195797,1
2.3128093721661758,5.708159337291723,1.8736551126787993,4.930780633928413,4.603353435347627,48.07000172006736,0.9817440179519001,0.2768916377962688,1.316566866495783,477.1643584175552,0.4690326238332629,0
1.7640118661381536,9.361964976234777,4.627646608234475,7.763210898766549,2.5766402415534784,11.727865778147589,5.628155206476927,0.6532636454882403,-0.8161718804996657,167.48139188016694,0.7895211109542668,0
3.5226147382777677,7.4924710938340136,4.144649455965061,1.5965033860634428,5.739585794070296,71.75623771600685,8.278040780139632,0.9943229578661479,0.9400571820866053,337.3685081107663,0.44268120847172066,1
1.1152790468869749,10.522397740761068,0.5449999493148805,6.154162786686261,5.956408058157278,77.42268715310858,9.865982144728799,0.42875853425195043,1.4689790936066354,422.79710123467504,0.3528961710916664,1
3.7052859764062704,6.635833141777545,0.5406167623854802,2.4707013173912213,3.7335144397396878,20.177267024134203,7.298408527977409,0.5971411074380203,1.721921848580973,185.1245377462338,0.13523369834537985,0
2.3844323938742025,9.474412805729719,2.139347574264956,8.687300720923218,4.379301157095085,57.84798645805398,2.9276768795402783,0.39506921345935053,1.2377497842662306,335.9450361456179,0.09417601072909845,0
2.911604430424841,6.649777742031194,0.4932868836640453,3.3382866874607853,5.108914080006631,68.14539729818642,7.055789232485013,0.8892537551222472,-0.15263296342535337,98.55510851715121,0.4671777061462581,1
2.978061766617348,9.995621981785076,3.0954654763555984,3.3577218873190047,4.945559160200179,45.48826419070267,7.116514339214866,0.8781424303813238,0.8015223815711101,486.4691499690473,0.3795188805270754,0
3.685353222119609,11.11574624192524,0.7184580363086696,6.022119397327145,5.871148767733796,29.249232464506164,7.059666918625251,0.2608960491531732,-0.5757891672569342,76.17122377278164,0.5775579610372162,0
2.9100090465016217,5.8876125938873205,2.6118663198340055,1.9172727903870965,2.4595323643151557,40.891903631026445,8.571752283512437,0.9099539868142547,-0.648818128765672,247.17860322843933,0.7263320152593147,0
2.841800754280185,11.066169820168525,0.03609973501858876,2.9203975251403045,4.322899464571223,43.4201563088339,1.0563246126910113,0.23635783995046042,0.9158724264155438,291.56865892701046,0.08800647289511283,0
1.19995612168207,9.155026780900085,1.5829817420632337,4.224655316182174,4.7677256786923685,35.04777831410209,1.262514485071247,0.1858959636628008,1.5533229637526085,405.7168003985138,0.5214062542176746,0
2.5552240658356125,5.889773436069168,3.3859536183632772,3.601014845087093,5.56039369675068,74.73818702252797,6.478047817410469,0.6876411541313787,-0.7982556229011433,104.50783268258955,0.8688732994728806,1
1.450507002451125,7.9927929875179835,2.420194701139242,5.296284458255266,5.496438510872602,60.79123332068765,9.54803474176224,0.44731369528290554,-0.6819888036001038,248.36358823482945,0.4824082568333119,0
3.2123013061644565,6.126022054395685,4.891347429994941,6.036437426282766,5.91199917424516,23.097623169122297,4.7652186614086105,0.5776665341156837,0.6968219222880707,184.87020629455355,0.5451801004032356,0
2.5366657624380236,9.902435222065986,4.370518980331054,5.710007792126629,4.048313815750716,48.91678904899014,9.613514475931616,0.687313703743717,-0.3453644169419794,190.404822062003,0.5124522486808423,0
3.04068333762506,10.312076940925648,1.7953538952157562,6.576266288720129,5.323043467252907,56.65168631983756,9.393235543258308,0.1475535140136864,0.8354543683329434,400.4545622293629,0.4203032725592398,0
1.1250187018071527,5.740575641909593,0.227432707361373,3.1467202144174204,3.7091268325093107,15.51173162765977,9.04851543469633,0.3636578539818941,-0.35636852423398035,52.45742526432491,0.15461354772720382,0
1.2543760481374098,8.54297896886251,4.228131500575094,1.3516196488347778,3.689255511424129,31.88193067851116,9.116539553668035,0.5148156805919804,-0.6505540770818217,387.08763860118484,0.1700384048984003,0
3.1489701641880465,10.70237539218142,4.556171551573357,7.631994660167663,3.013393457891436,72.9161211202937,9.003524174614263,0.3399286688253387,0.636724946494482,414.6792935553978,0.2201347796508087,0
1.21625300799602,11.553141290856976,4.103136967095184,8.522725788043752,5.272949148076919,47.537982513890114,8.234915958683985,0.14407424585696887,1.5865854140978564,455.61300972893105,0.8029364088527722,0
1.2137701832957757,8.59462506719239,0.6397497045988243,2.6443616990020793,5.9432604232540625,21.274830954523765,7.010793794332238,0.17800891590794804,1.0553659164515898,332.0968114537176,0.3115656855336275,0
1.0363254257046624,11.65195456527985,4.989575672061439,4.130210365964396,3.0253669133890315,14.208859858936307,0.4392001502075608,0.8215730818783601,1.456175412607894,200.05489772250854,0.9507175926866401,0
3.8695041948984406,8.749822793192209,1.2929211077638691,5.035835247939197,2.2245263520842893,43.867017010615825,1.4960852031293144,0.9202480832916334,-0.20099447682985516,242.2556296469918,0.8196616582097975,0
3.2125250783770207,7.759333462199356,3.6210245640418504,5.37993574325407,5.26216974967603,46.076429227185805,1.515474134408378,0.237009972187404,1.657935953891077,486.38123702934314,0.7003136347887472,0
2.0597542255061922,10.93742189987027,4.540174381678607,6.628952693767753,4.480920210139025,30.081083851595924,0.4306947859399808,0.3243357615623371,0.13111752372881202,446.5340718961335,0.7343739479259531,0
1.8896067438629656,8.450878973206624,1.178435571653547,0.5118720102176814,5.838795202204018,52.281202131433886,1.3436773305516394,0.6870244642579627,1.5573430035709808,258.58665909474894,0.0952505982444336,0
2.0491096892375484,8.303317573951661,4.54129277338533,7.242623119066768,3.008956876307809,10.151351466454155,9.21351504895764,0.9588445984832025,0.41352677044617847,474.37835319991507,0.5899698986372179,0
3.3239605935435454,8.432187425868797,1.547407895974335,0.7135129690961617,2.2841106320051243,15.885476994960547,6.7052820117257035,0.36963073821994397,-0.19642705791851134,420.32969393290654,0.9440040644256432,0
2.984111833211243,10.927495013088217,4.882066111920281,4.736056819961392,3.9697690434660062,45.97053657584444,3.2583155792951404,0.869692263612401,-0.21922350691962122,455.4904377469076,0.08715467422288349,0
1.5555867036024038,10.823590791816365,1.406300101902373,8.293944242135021,2.34186409186059,9.636177038334047,7.974928119919464,0.5554221800053388,0.7030036530939587,357.3397555591644,0.3264656925878631,0
1.522328006002253,7.8246399470814785,4.767179123789176,4.567031601456123,3.04716000441083,71.06815737433254,4.98602097215754,0.9609027751727024,-0.7629691893794626,435.94431955789776,0.09893591752723858,0
1.295186949140192,7.333099019093675,0.2677232544633745,1.575988512805653,2.503911443276673,15.66097778423876,1.5928449617755907,0.22263279618537218,1.7901685837655261,451.2947636004466,0.5912544989728573,0
2.9809081591040143,8.443496168273905,3.546360058349065,9.851835065559001,2.896528718640315,55.54399055634023,8.868120396019627,0.9763051583871878,-0.18560951290439298,91.40746304330213,0.1603905958120026,0
3.293117986665208,9.009407568159762,2.6605556691850185,8.903926074535207,2.4245786112855674,34.340258128581894,3.518887073117431,0.4968807650465572,0.006874453537565994,484.3476394972963,0.5052876484131792,0
1.795139284975012,6.668360474395978,2.3893853856136533,7.736004968927639,5.8156239977091415,34.98408106566863,7.048820459192964,0.9576445513836356,-0.3000953387763018,200.12589444382849,0.7339519649481675,0
1.0628348830927385,10.557685593009134,1.1174715712792,4.173964868702183,3.114250853798942,62.366714645835785,3.047822772896153,0.5128211953463674,-0.9909761183178358,247.95477931250994,0.2062166081886942,0
1.2465150024292821,8.405379360126961,3.5279789488824598,1.9200726962040482,3.775590343970262,42.459660062968545,5.10069825660324,0.5770739207085204,1.0776507104263935,406.35669163676687,0.7675962152243573,0
3.9035801045350915,7.338318838939717,0.9540474572315355,9.419970696043162,5.59444723053689,59.42415977328998,8.199276572998071,0.8242975087995889,0.7716587031026707,349.2033375076239,0.10719423885240377,1
1.8863343324322608,5.747746950747934,2.764208979923841,5.370276152519676,4.709286351845897,42.889342156457694,1.7364179949588034,0.7503656506654546,1.428933620591347,451.8769605962258,0.19214325624414685,0
3.307669443514401,6.671916122825248,1.2662268152012541,8.538319057836102,4.472149922247097,49.46790060539475,9.777063673344928,0.6576429883755569,-0.8769676796470586,230.25818784954748,0.3161048450231123,0
2.8739907065627914,11.644968202291885,4.77810689890678,3.486740557018315,4.822252761443348,62.05359709022481,0.8881160440351168,0.47528202123060037,1.785966934199961,217.97967365427135,0.8062941140414829,1
2.1458189189586876,7.135697807736686,0.14315596917826412,3.4193543390867593,5.315289028421527,50.548155719095654,5.4332873154569405,0.8131945306596452,-0.0073391798189033075,64.25998229359385,0.8576300446672309,0
1.6170617865866652,6.182015025569247,0.9986414005561828,9.856850758672987,5.510677071407043,51.17113320415915,9.17705008964909,0.9534054999603884,1.7392095875173812,258.22641950134613,0.25936082364792523,0
1.3641592544782193,8.224709541584952,1.2115530319372385,5.266147180099013,4.570558682660106,64.1914693570696,9.467800071848748,0.10882980724872415,-0.6786055537973814,375.8318466480989,0.14099463424922132,0
2.8450389041166,7.149614203521741,2.070339128839082,1.4928846962213884,5.560029098776231,76.181511186453,2.4746678362218053,0.6290605868073951,1.2317617444089235,185.53042293179723,0.855556093229889,1
3.323901341913364,5.246114751898359,1.1636512093502676,2.2747793121476034,4.141590109701907,33.25371154515025,1.6110528159051245,0.8793828360805136,0.7380746942969796,258.22693115322863,0.6668990656460017,0
2.931712760623392,7.262016520955921,2.4567454513439264,4.8712483659879355,3.1091634250736937,48.28378679194634,7.299149403115332,0.6878012836110016,0.07457364575775216,148.7289958183751,0.19996266457874728,0
2.590906399747475,8.80876036757628,4.362327616292695,0.5204620138352722,5.5203068355353775,11.47048683001592,0.6113409691071237,0.8207463320500031,-0.7625728122009421,397.7545126421573,0.5798309458932149,0
1.1258536702949087,8.86198660413977,3.560317107045854,4.679086455245175,4.165891309652348,31.91029104266502,4.955341896497081,0.9055549934640869,0.8142095295402216,77.2302026035162,0.8787528612412583,0
3.9054663327831514,7.4959124482382204,2.899809902675555,4.247514336593263,5.624550350268937,35.90369194170395,8.004281222573184,0.7758559142677521,-0.9206803507782607,367.4223747502242,0.11603919494917486,0
3.396142574963724,8.131119293768204,0.44501588991339824,7.815429026662921,2.160671255802325,67.64279876180382,5.690496300264972,0.7453156612282895,0.5038462974380225,220.52300528524256,0.1295351719658662,1
1.8784661101028943,11.758625427643365,3.469960541946378,3.6139254484434935,3.590063006164942,43.50443015942576,2.0425300045852492,0.9682713022275264,0.812625727380965,68.71823122420436,0.30992737262943965,0
3.939910988076552,7.641439340612181,0.8320714215546993,9.827232739242033,5.791220073449873,59.82997799738433,4.97303413480564,0.8773161921024154,1.197571241862566,434.0613142813036,0.6696492093187237,0
2.8056447689089663,6.807587692819881,3.93183692980849,1.8896222010789412,2.998600371033211,6.425555001925352,9.22849222119915,0.8338400826244964,1.9740039026745375,269.4748384315243,0.2191080839970686,0
2.7472679746217397,6.704269308467321,1.250283792550766,5.950768181184535,5.7661449841539705,39.83695022212367,6.248687184833913,0.17776302442468853,-0.21971885947670533,319.6935363272581,0.8255488441013061,0
3.244219538288596,8.20435228892894,2.0852436416045044,0.9880230403817208,5.815609844517,72.59882488726882,7.270608150176395,0.31512689482547607,-0.03283053587957485,379.4138111860056,0.7629086679552122,1
3.4353093642704127,10.31664104101861,1.7523510115896395,7.365253441540422,5.5285692569034435,21.823543197933883,3.4953860206926466,0.6010804218925806,0.023436040426976,344.7834948505349,0.5829546109465815,0
2.969435821994508,6.441917289319313,4.2940695733742835,9.948061511813519,4.254672180373195,7.364163898033469,2.047140996642654,0.7386040944773323,1.1947481355765053,378.8855918665752,0.16026431915182604,0
1.3842872390986,9.965072889985375,0.6327222935670407,8.209472513741158,4.587757796322554,37.50565502851073,2.7052938530161157,0.37289340397042925,1.7954578047683416,393.026758060036,0.9888088368965879,0
2.014802517983495,5.148048763445914,2.828224411923943,5.601465053130982,5.478467993799477,57.83238654856965,5.425140418850891,0.18399530180874102,1.9229712487446764,315.1181887540749,0.5155319480846837,0
3.784250920978149,7.932530845887622,0.7103080472153112,4.898939438256951,5.103588329556738,39.08476301311021,2.946157505384897,0.379989268133723,1.8374340996743874,214.5370239084905,0.47946949047391557,0
1.6738468355315557,10.431055456419507,3.523979180660933,8.366796616541784,4.520375397821646,39.49837351334494,5.511254916775791,0.7939262625224672,1.63814902314573,159.4139673723542,0.9957906256839499,0
2.11650107151254,7.37113069042102,4.5253906389724055,9.36614343863617,5.92903763148281,55.235378092873965,7.136360888286535,0.8896609264072358,1.9729321214618931,456.30645649375424,0.8706748502977693,0
2.296230648832588,8.946159710117797,2.173038269336267,9.89314460540112,4.7427065453347765,24.079160621228674,7.397079586468955,0.9216132835099085,0.1278371805034908,486.4661800871991,0.48354934732990723,0
2.3182149690833564,6.434854629781375,2.4404613013248793,4.025738352888393,5.9019279697910445,61.39173437314831,1.8139124086787157,0.44098001122973296,1.844963959996119,210.948239794194,0.4478628366394584,0
2.8388187474835767,10.193967737883206,4.637114182413812,9.910083000465672,2.229553898428363,16.483514817930008,7.55422231857186,0.43528471737417684,1.283059887187735,100.5398280825351,0.1411139134386368,0
3.8292275132341227,5.365953722881318,2.6049569432467856,1.643669896520932,2.55584148296885,34.68129539644907,6.79234376800512,0.4660367238746119,-0.4946204214160652,150.14179720239406,0.9301861590696257,0
1.7220781354975148,10.967798514128503,2.4379921902478046,2.610142781725901,3.8058353840019623,54.200608135318845,0.3176503070133255,0.438228522479303,-0.863604436368393,351.8003056942353,0.8515861053332381,0
1.3645041289027542,6.387374704951677,2.891645513521521,0.9812596348655723,3.5395178435372605,67.12767554226483,0.7769473158795583,0.6995769467564887,-0.3565481263890332,127.82001648124884,0.3445023682359153,0
1.592411469579812,11.120786221958316,3.4461486818147598,2.7902113131963686,5.130939365428111,64.36483033737915,6.5332451182317275,0.4224909359187935,1.3362533728628785,401.0550228774447,0.7656552231903384,0
3.6607747006278086,7.467704689103622,0.5344168754351569,7.70258176101831,2.642456105876815,59.126419948077334,3.960298215724355,0.11830954295282126,0.8950906436776527,465.3636079436211,0.7745929549602281,0
2.937432437965618,10.058785021321405,4.1055526387075805,8.543951145966652,5.904380716445955,31.93222876522933,1.6318191958415258,0.49512214061908455,-0.32693122795994445,483.6431817854812,0.2665151813652842,0
1.8577203677174805,7.23457708450332,2.1775251372662963,7.81103718651546,3.260263501043656,14.172823722029289,0.635086279862406,0.301736859560729,1.2257643634140778,54.19647768870081,0.632972696441749,0
3.4478408169058516,11.341381698642532,0.3617425494874277,6.347551203860193,3.7156948309606377,21.262566326974294,1.7621037385898226,0.12592642400615797,-0.576033281685391,481.16937422948746,0.29227736324160075,0
3.584109989090308,5.886459878628621,3.9309133459910655,5.188268473974191,3.0989801297600916,69.86253609323637,9.583636850351843,0.5237586563806435,1.4655241815760833,383.087488608328,0.8003917493391159,1
3.539543016070834,6.249638524908191,1.8847498584313604,7.1161724632151,4.317454469306189,69.29985275994946,7.3301432873955035,0.2853591032784638,1.3824829279121964,87.82260451871102,0.1961192173587683,1
3.756779600918663,8.451210876111617,0.5018374754752697,3.969252137745496,2.234514801690336,76.36706394042618,5.37151312515608,0.5074676333557607,1.9177279121181452,236.8582109504269,0.6854606987529135,1
1.7567230605200848,5.573569073267023,3.1688951977162527,8.428952679847049,2.598710022281795,10.69914889216562,9.427096900535,0.34997498794925785,-0.5491613061120456,365.0204635607791,0.35971112606917316,0
3.2651257862388348,6.3718612929123335,4.400656767168209,6.804181930370175,4.983190813674897,45.26068139580921,6.267282289279719,0.6433379832523899,1.7198389832438008,480.5084716974722,0.08437295465850506,0
2.38161849182242,11.606364675484102,4.438767547069932,7.008266515094644,2.7460023336192156,53.65122836781752,7.31132284515054,0.9917896481865635,0.023307991165515407,123.86362712512665,0.16751941200034845,0
3.5259956586701846,11.835427628035209,4.7883173740448655,5.405766331977805,2.9420578062266514,58.29930328001424,2.9699878213575466,0.5925087286404984,0.24817959438593507,107.4799768671293,0.6721541812744143,0
3.1854720314848395,7.633815305312954,4.33852729883344,8.863766943690608,5.171928942899351,53.28974262578227,5.9720220671741195,0.682206325203493,0.40533518866030827,262.5561739678453,0.27791858806088326,0
3.329342339499174,11.46300214709755,0.010704596727376114,2.5949458634226197,2.3732047134290144,62.75085424267115,1.6060769941188346,0.9273481819760812,0.8807121596076675,485.64450218232014,0.649483603955438,0
2.9684855130432144,8.813772729714023,1.9012058320669512,3.8733617682744024,3.7498952910833636,31.960368221700616,4.163934822938199,0.4366003759525825,1.9842901103541282,487.1206468661047,0.4440810577012226,0
1.5322863084091205,6.888197261116369,4.092712899527515,7.798661439809122,2.092253547988908,18.45745791016116,0.5257551848687791,0.24989360480702474,0.7998764091656996,152.5616334738092,0.7080777906824344,0
2.635080756690815,9.91679104756419,1.831265029992371,4.978214071680443,3.3872295972716153,20.34375291128289,2.322955258310269,0.354517554637498,1.780147595121222,193.7062165871558,0.5183011910762061,0
3.9540092185735247,9.612312646024002,3.007742531898531,8.90321873289949,4.7959256104430175,5.898401710262325,0.9337125683422121,0.4625154466430943,-0.23491539374583104,458.6143935400945,0.34311974230311243,0
3.812164199491357,11.923877233761132,3.0315847368726603,3.5293532656522384,2.3604131188689133,31.274140407966676,4.0002324311708675,0.6805159131302544,0.19523498544544893,380.6786708834289,0.18852822086472176,0
1.129521207391035,6.855331011864983,1.8251265201941154,3.7563686713144833,5.55333850711504,11.880803815998295,8.461744613457203,0.10412922648674894,0.5134985883157424,487.54239289592823,0.3740433398002162,0
1.4944444471883114,9.704416518632147,4.522369636406438,8.898484314927591,5.637996171762865,29.111651959264314,3.903754242181521,0.8680448932902859,-0.03129403063998781,451.91676335699947,0.6531493740304155,0
1.3951863203636856,5.364166285206128,2.516141726930588,4.697266169802206,2.4199615005005404,52.115755787468586,8.350068334747505,0.16848457574484743,1.9306013088929905,146.7932226411845,0.7534498299375636,0
3.1779397299558862,5.7955222708770355,2.323921029687504,5.2096333836046185,5.962929745503107,72.0858541690115,6.633683463273097,0.9105896340266955,1.1770506616916814,391.8770867357075,0.20232269109799106,1
3.4533559895708352,5.027428624657653,4.98756872830948,3.394360781823226,3.1901182135819557,67.97040882428874,5.193388576982112,0.954491069084409,0.43664405654768035,71.85435420205248,0.6810587884437113,0
1.6405340989320156,11.996224767417711,2.467501820363083,2.8390324275729113,2.336406684526424,23.950565896818265,2.5215385939610395,0.9910925147009205,1.2539141036293815,418.0247504336633,0.22031553416893668,0
2.5175580788554868,10.615915880032343,0.8919912596429053,6.593892237300081,2.020268457989049,15.056235664853522,9.237129709872693,0.8285591659661898,0.4023274972479536,320.7005431000736,0.2607283763154843,0
3.5221090840336,10.507061103134784,2.5653471143171904,1.2864225492579184,3.6340915830554503,19.48042053475485,0.731167926651926,0.22766997334613737,-0.9483240178962219,480.24543318640775,0.5547513782660143,0
3.1984046342987518,8.568082527017257,4.0700836775996505,8.804799147710801,4.519239942824471,77.82399889277052,6.95134757344839,0.7355503389026676,0.6295802234310082,482.0146049610853,0.324742186877271,0
2.6267116164755446,7.100469580338079,3.884301634491407,7.814111053974568,3.328716999613253,46.21058597641181,6.288150949531816,0.28298916154735887,0.8755556562836047,72.86679906095986,0.6785156691746622,0
2.771043071376319,6.0588499912387315,3.942908825542355,1.9884078106874477,5.346869461898491,18.687666725043112,4.522206918113963,0.9074150520223636,1.943622256155685,122.23466850009552,0.9579877930294614,0
2.52508164074884,6.992723171925245,3.540118919989559,6.970797463663197,4.8664251022602,68.05596160151114,2.5551453618675324,0.38494533308981027,-0.8776214552181469,267.8931712934112,0.19144759127052452,1
1.8926453539564618,7.631798553503974,1.2710891453334412,6.066065920727785,3.4006461278721307,34.63934332344162,4.420820181083616,0.3941163793675371,0.5362908723654014,445.7720862257671,0.5919852906939459,0
2.6950659785770483,10.29417067886206,4.310420429201157,1.926897002292777,4.9372386664344186,72.44166139810454,8.753172710423522,0.92588796632338,-0.7055357298749145,416.5003140332254,0.9271342235395331,1
3.066655906150272,8.777632522322067,4.467217326881325,2.8047147098973015,5.761950947876999,24.55078451258649,8.40030788049855,0.11190796370533411,-0.5530122952871187,483.9665118583004,0.21770252781903177,0
3.619968747582423,5.5423853858883785,0.9707634830927453,4.14896638696496,2.3723839941720684,34.49163191031771,9.425536249774886,0.2745695363352128,0.831390016905428,328.1378527001034,0.3985083582156152,0
2.9088740619377442,5.126203062712386,0.6522781827569696,7.022503078930191,3.2244158406304675,42.87108220925634,3.216373424927431,0.47973903990710953,-0.3052968632005081,165.45358380272927,0.1674359932402978,0
3.283364611129474,5.716325256738442,4.87802484294556,6.423361747288359,3.853303756466773,71.94615005667737,3.993620752014955,0.7306494105791737,1.2475223338850734,61.297987777329794,0.659935832398251,0
1.480214904863719,7.873490995881655,4.341619818251839,5.36912499199931,3.9919605110190743,70.15680737037918,0.3835162960666606,0.6828095494402618,0.5425960777858183,150.316920824247,0.6856857813099662,1
2.38467242325937,11.532350419343128,4.466180736049734,7.707264376828939,4.1687825795442945,48.076630272790844,9.44090994825608,0.7024706876504342,-0.3453613445027883,353.8729390791311,0.6809732034638553,0
1.02799485948128,9.461817368464551,4.431881923121976,7.603583622101043,3.202507626154594,21.6331632335668,3.428022899809235,0.8920198255695977,0.48137503280319516,466.8236705043559,0.5650206959451781,0
1.7400365935648692,10.612781299128606,2.7084341201686417,6.216805625216333,4.669038583929396,35.25177288034063,4.160805451023334,0.20892737106393094,-0.9973548192756378,194.40665028871916,0.7589478244078836,0
3.1793851453390145,8.26462216153184,3.2320086833289983,7.89120182550977,4.580338014119318,78.1724799024129,9.096485192184467,0.5699455265968933,1.5882201309735229,444.06694863018294,0.08408343156098073,1
3.97542985404809,7.5316625823653,2.7268142606682084,3.4092074103141714,4.3112860250864555,50.58299179080515,5.36066461563477,0.7529299201922397,-0.9619648688327116,227.7042117535204,0.9596378130730409,0
1.2975342987616476,5.758802609016359,0.25603174595164535,8.824370330393796,2.4550468868435065,63.58233163431475,5.748510509203685,0.6725065986317481,-0.9789703225234524,188.72206221584764,0.2609913975328858,0
2.2044829475838648,11.131531155303435,3.7275154267638633,6.187609849439213,3.907871564383778,38.73985215210648,1.9270818138789851,0.5034827079453408,0.8345118295389411,278.97990926261815,0.16548387025715622,0
3.4002129060974786,10.48212020319532,2.5266601666794015,8.241398786743062,3.4249075499575024,44.90054566001048,5.086868204022815,0.11540312728494757,1.9205627773702485,249.02307158432686,0.944079240794835,0
1.6121069038866964,6.176826683184076,3.238545373951149,5.508163137423811,3.9641538793524904,37.17155841744081,9.198444288905987,0.1544070390830962,1.5678004530619365,461.20994083265816,0.8389150705435041,0
2.6652548479068585,8.585823947133823,2.5131990248776765,2.262538625387936,5.687465742060104,57.719074854647594,5.675437263457676,0.20704719416845296,-0.24394326223164509,260.7156263336569,0.7766268983270961,0
3.1992138880890244,8.411623655448714,2.45905661161228,5.4698602739152555,3.922125372633633,68.8603260415158,2.700140373469629,0.4089049775518272,-0.4099995665569429,174.80092425038396,0.14950842349203253,1
2.847956350780537,9.3756408688057,0.8589455473888341,3.7740054713882225,2.0559231673580474,43.05226574184227,0.5055724685206759,0.2058881074004322,0.8783365419003664,429.15450987585666,0.8171527529923576,0
1.5640742038462485,11.623308257938827,1.3935685757057448,7.005240456767235,3.7553469523365237,41.06505939771693,3.4957573798498665,0.48347408175634754,1.467913241066232,499.437280246805,0.6285723468592935,0
2.0661537060572184,9.058400092337358,0.794263459719779,4.810358538173884,5.2825927201975285,30.521485032379772,5.811390957831688,0.26077779152702146,0.0862360127000894,341.67713863159577,0.7453131804612527,0
3.3513753534561914,8.78152086745033,0.9783314781267122,8.377516768784108,5.120243692872673,18.282252072056288,0.6176102260341352,0.8012495777735855,0.29706377110122784,162.7076160213614,0.9791667658274729,0
2.6626795423960496,5.352260530542647,4.864886902101524,6.812917871986975,4.0535602941127244,75.44357921563316,6.1759672574533315,0.8843388550409941,-0.6535314589667465,157.46678465593067,0.23471911826210023,0
1.015688840628738,5.440352332126167,0.7655672288609922,6.876989887010107,2.999076051437261,28.705978900962876,5.329455505757506,0.4506827571713583,-0.5415207362339225,75.96801329686691,0.5291628627776036,0
3.2829722800842815,6.311427539287522,1.3463521215260381,2.2498378015615432,3.8603546516581804,65.05185976807141,7.877667597832396,0.5601985887840749,0.7050547850780626,84.78186733133819,0.7656843491361592,1
1.1059340648207172,5.2272954018422375,2.952948288692925,9.844072688263775,4.254808877672767,58.65102659656056,0.483104088265226,0.9581466174048474,-0.6920315627546891,461.7423928322431,0.46197353323311335,0
3.2372013481936963,10.203470268990086,3.0508928811832092,8.43258457178774,5.999485753096535,64.31882002085968,7.8523039792236276,0.5819569798137584,-0.393861625612297,93.41919817229774,0.10192042877229805,0
1.6074416804957123,10.063312127957742,0.7698706487191453,7.911148357150877,4.57671236067751,75.25761000290768,5.304595048429448,0.9955658942590824,-0.2959689279643478,267.95473172455047,0.1558669539317451,1
3.8742204403581404,5.952393641021501,3.9685871289260617,3.369130729084272,4.777059720250454,51.75280701656729,3.8311874612411727,0.22791789432284917,0.33177359964089104,364.1548008619302,0.6219873739183416,0
2.1038222539062534,10.852552305566967,3.926014339564125,5.402753363187596,3.965816574272208,72.34627575365334,9.660753168316475,0.8760037785370286,-0.8631641076290913,432.6596522481214,0.3207539390712187,0
1.9807948490142373,6.0835022439227835,1.1865885210194556,1.4573215619358537,3.4179582031301194,17.577299218422027,1.7691715629133198,0.5474827024056689,0.4993129150788158,127.07192761417728,0.18094861493746373,0
1.446664150997334,7.1082291089815115,1.4433315133773021,5.430912168960789,5.251811934588824,52.00344319675907,5.504986167092844,0.12044270012470135,1.7860232191822445,247.00040560641057,0.3728973976483533,0
1.9168126464706448,6.742838294129555,4.689939327297485,1.5443035401845442,3.9797292973569447,62.92067096859595,3.345618441206289,0.9750006472954137,-0.9266090166427822,163.1660877561999,0.24093188544254623,0
3.6299522854846016,7.606149690011335,4.12835722989739,5.575074655497052,5.978760519858101,25.373084805813054,5.369366512194291,0.9685431097690221,0.8929545956223959,165.12039048497076,0.0727424932460357,0
3.989003012881742,6.782646361229733,3.488985165312619,6.522346613533565,3.8284822970721764,60.55653509689738,5.6122994352880395,0.44494375616459847,1.507527095454627,186.72768836900414,0.19422328913880782,0
2.104928591520545,8.422656485069165,0.41116610755300265,3.9629400757740334,2.2720011345903095,63.385762183717766,1.0765928345634888,0.9587278639773144,-0.0626174723524685,314.20229648831025,0.8889240628717889,0
2.345831892863628,7.851855169482798,2.091320404512879,5.035594295479803,4.730312548360331,67.33909670123336,6.679124439799828,0.22690867801469117,-0.6054443649423253,57.45986225851469,0.06143541837758027,0
3.166212814608211,11.905986435455286,2.7965093603841353,8.7689685379784,2.1865658037032443,28.46621844469496,6.4179186600063165,0.712099127008614,-0.8699806371722109,233.94482884198757,0.7851577884143909,0
3.6585873413952235,5.39148445089758,0.9370564399188847,1.1747751325578129,3.002006387538813,56.12049426262319,7.740779291417748,0.2727360881990511,0.9317091783074076,134.07356085475666,0.7657880505780044,0
2.7791330025603527,5.995269634711462,2.241132910541123,7.938155640696563,3.4149530111196134,27.818996255732156,1.088453237859876,0.3219825127013449,0.656703140687205,485.2033288306857,0.5860258039410398,0
2.174577094533488,5.369781257360217,3.00512938744345,1.7904700548623447,4.957934342485311,60.42802906238415,3.113133759656141,0.8014036934823449,-0.31211503482400726,312.22812166263964,0.2480253774229521,0
2.2378655225458712,9.38088836487663,1.636883400576996,0.4634090297658211,3.9769437056304513,39.72302488592842,6.571083877335393,0.4396222761087655,1.494851922895244,440.6429609736452,0.8841562630852201,0
3.0868544394904207,5.381564941896037,3.904724094752436,1.9371885671759732,2.1145837252410264,49.8158280895415,1.5399620939729632,0.10641475254575906,1.2065190564570303,138.0604940463254,0.5013217903542461,0
1.009654790812836,10.855078161632864,4.202247908194027,7.673927580707848,4.467399405103689,36.18799860729267,6.840462465726735,0.4728145817760351,-0.17071364503965059,414.5070646957045,0.21454591759534863,0
2.858768012379522,8.583570414773494,1.6180473471703538,4.110748126034914,3.6457449497066494,17.148719519736822,0.7784617660401454,0.30526238856966353,1.2600890685939015,236.652107587355,0.4575714628647648,0
2.0664790313240724,8.689053372070736,4.193285772462286,8.7379531167772,5.687338039868429,18.352214720402273,3.482329219004352,0.714996922202462,-0.26501735949768235,129.96260998223107,0.23517136635704006,0
3.3825919938312525,8.931161553985358,0.5178828305150751,5.294604657704431,3.9982492445609417,10.817668044660088,8.497768998858687,0.2750038270511503,1.0258023855990825,392.56034107470475,0.4072074490734283,0
1.2789719194693965,6.195695944143475,4.188645493113282,0.3202784840706765,4.835900583757356,51.35545097912463,7.788054645735371,0.8580281755928282,-0.6443648767783617,392.90499392687644,0.5218533824596143,0
2.7646068008451716,6.383832121801413,0.763752158338083,7.195464735059075,2.8754739693181874,68.64787984647944,6.518655009225462,0.34038371089734787,1.0767183899996216,498.14955808882746,0.3919058452169474,0
2.442918669658371,7.231721260111033,0.4146357625486302,1.1913057963402038,5.043894258126613,6.562761969656071,8.73049248292599,0.4537254324547123,-0.2836767430532192,401.4217678091738,0.674192060369066,0
2.926976577715682,9.15447491075296,3.208877022205056,7.914858371273052,4.883821241934689,9.967962656626511,7.150841532887565,0.36823317471738826,0.7174080627251422,115.37026156720754,0.9391219138840164,0
1.194560783448905,6.470824431581502,2.3596868287764714,1.7642152430712823,5.616326834165233,39.31002442271827,5.2898760310658695,0.6795310130284292,-0.4826083994443524,195.1451338035777,0.3807418802646153,0
2.739951362284394,5.814322089932829,4.539453002064164,3.5199192194745836,2.135286566876797,60.3290552126142,9.80123150378071,0.19104718710375704,1.177900842703857,253.2771127810157,0.3879525381446614,0
2.684453763878571,11.790818204929025,1.815945980454246,7.636587153291067,3.7900027904698046,16.82807335339635,7.009589581935332,0.5302894354284197,-0.8173612768208449,106.99376256940779,0.7513873470721522,0
2.681980283248513,5.153872703667361,1.4357613171881434,9.546890439016574,4.716621610958521,25.373848966189538,6.093398332767431,0.4010093336935524,-0.5037466395918436,404.6175385015163,0.5540613849450305,0
2.8104629997893644,10.618881837352152,2.5036745307209918,3.7771961114026507,2.38065560032086,22.400465096135537,4.206931497344934,0.8957241669594832,-0.44759056038749057,287.0143420606639,0.457397467639704,0
3.029403811679087,10.516246047025154,2.2797309288433065,8.311062179969465,3.6424162685956496,34.92884140033656,9.043642486074694,0.16607088421695315,-0.8759692424380043,475.0023060930891,0.8231177790336774,0
3.414966999042309,7.080498796915672,1.7221402310859413,1.9888434282108034,5.768586412264781,21.874900776317837,3.09794913692893,0.8467255584395692,1.235037548480737,315.1886650366191,0.8964842638318407,0
1.809462160384643,5.949386312051194,3.4687064934916427,8.091079725004663,3.743737963564513,31.444900890856477,0.2903520232668463,0.2509124288769182,1.9428575142197984,285.3045876822142,0.6110572757448245,0
3.475148230540186,6.0194005269379645,3.7978091695695415,6.6091911866368855,5.941619133922526,59.64069489964581,2.128057119837128,0.17971989393695964,1.335193365235047,82.14131881978895,0.2258481091177308,0
2.494767046790361,9.882021320660346,4.264919845150683,2.0081607214024477,2.2273562443192785,50.82569363406419,1.2732714210351197,0.2820905723107072,1.5818958863671866,117.20565722506,0.49297159455187894,0
1.2311748374029934,9.499646137603214,4.864283023551714,3.094789207478975,4.871319104563565,11.088627904376967,3.3261389868961064,0.19238768381062937,-0.9819770189851685,432.286734543868,0.5291521290407275,0
1.1756527877319376,10.479219719759708,1.3332809606625222,1.4045317971106566,4.3240649449930775,52.83092496842883,8.293611039092859,0.568885553381913,-0.6463901086762203,495.80419002161375,0.46059698925531645,0
2.0027149560881825,11.562368206793732,3.5804674124498077,3.891373409536702,4.002158708528501,40.78078786694101,6.584990916577073,0.9893934576242032,0.6770610178845873,236.83061115422126,0.2993102849221151,0
3.3546909313344027,9.843491542866143,1.9712911774787263,2.1161215471204464,5.883389605940037,75.0924181030354,1.8560097744903827,0.13089461673183297,1.9336066543825021,414.5387376762181,0.4987057173376617,1
3.1230428042227474,6.090960755860104,3.3854098597555407,6.475579740941687,2.5186016019645145,26.697823782803994,7.930452866704918,0.5150155143875152,0.9821387931446108,332.4135948487933,0.47421884449280516,0
3.3658448940172194,6.704098317357875,2.3799084517461018,9.945600531783532,5.583995806723653,59.462481477436995,5.141354687774148,0.4474632961970756,0.12241008121423302,481.57667315227116,0.2490188477543417,0
2.551807169324828,10.895356116111802,4.968865513839658,0.218890714534215,4.764961644546441,59.814561728342746,5.22460331635931,0.4056457728217604,-0.5615520835556224,157.16175594984196,0.9082591197192618,0
2.320596993866472,6.46514253083946,3.6445106789537496,5.455106151544257,3.035984293198531,21.61255857568905,3.7486993736125584,0.3986772493900248,-0.5414929168520477,295.17608435357437,0.8910739033050946,0
1.442357580118852,5.50765621868137,4.762456502171623,5.779299315735196,5.606676582529174,72.74177187282021,8.67324037525583,0.905511480963816,0.08825960695035118,233.95811825416803,0.7716356070280602,0
1.9845782608279348,9.922960378295754,4.174847747405929,9.150667017840037,3.717179671444053,41.83874003222023,3.3196075777867686,0.11707853518756364,1.1414305920320218,293.77218917435687,0.43089924873166724,0
2.3020580985216257,7.817684488430994,4.514505055816855,5.109452814192681,5.256909312292283,55.91625251669768,1.1225696545629489,0.7974247486421245,-0.904542126925268,170.98613753848485,0.4018248124975288,0
1.2658012890388517,11.440280367821325,4.072095986073375,5.482644054484683,3.5553460681896,15.93916691626284,3.1667441409250623,0.3276398609253475,1.5565327743849156,273.98577322208484,0.7306421085261663,0
1.6618358581336339,9.551785497655631,2.295795651879557,4.769362733151047,5.403723309732964,24.335293774397694,7.21046475342528,0.44496595973581743,1.8246543070694172,331.1618660261443,0.6277132732529155,0
2.7946758821912163,5.632932844541625,1.2589422667344219,2.762152615158666,4.546516473780194,48.95803384529171,6.644302490672623,0.47813492156371995,1.6664493815924937,86.54714779977144,0.6205684077494199,0
3.2069893427175695,11.634995970775625,1.851600877252611,0.6546884191642454,2.5641865343349086,28.92704512800121,2.042568104825063,0.37425857866636913,1.7390807281906788,384.3442646634304,0.1679059511201138,0
3.995042534178849,6.809900845481721,0.10118116319975223,4.145711053877378,4.59865265387811,42.47696889282301,1.295486131228432,0.18420297565185806,-0.9539821617452088,367.9353334221878,0.6373695912806759,0
3.799339994030673,7.360487432844,2.6199658373233357,0.6206555652827175,2.7653790508074905,33.050389952996696,6.676484432337115,0.2028977639464913,1.9333769478496876,446.20592065316833,0.9067698605671974,0
2.927695598605575,7.815822895784795,2.5252890013520437,5.549875447712586,3.6476905115766507,53.0415347483036,6.828492989418141,0.36831801167437994,0.0990713446710465,241.6354483144665,0.13152564713691173,0
2.263744159882216,5.358570074830193,2.626252324152441,3.142207068098702,2.681182337008135,41.535902208560664,3.788266444663593,0.8396281475985256,1.6078433550955245,77.75110967662297,0.372212734117248,0
2.9085320941246984,8.475607955614233,4.870156124860319,5.382663775101736,2.0880644626684743,5.345745197987613,8.45945355858498,0.22116488750867067,-0.4395733879011575,257.6575080597591,0.5335635768747187,0
3.356954854240696,5.863229437527046,4.557270017274196,1.4295399475123483,2.84754615779983,53.7260628459038,9.786410997239186,0.7683758498313377,0.33957722798671064,111.92412742788264,0.7017090200899126,0
1.355008572770162,7.806792286818462,0.80856389165054,9.33303666081966,4.145488094896503,36.65911677876363,2.2153231898040753,0.3599827564863589,-0.8675068341280701,341.351066084818,0.13515318307843863,0
2.2297146690888647,7.45496851594459,1.844412607779446,8.955760311144356,3.926243871109384,30.627375536766714,5.855273413919078,0.8951184416008835,-0.8797720094715182,71.20918585908763,0.8791658836244021,0
3.5194068569068517,10.409880583985522,2.1197808973163097,1.9809654411026167,4.005988382144254,12.061006421241768,0.25239402423860385,0.4854956278605769,1.8298283023089148,218.2983828024628,0.0885183393877439,0
2.151498855799132,10.622193581429118,1.8026645892582387,3.500098404610698,2.9907475137864052,21.52772679248686,7.187933081057617,0.25455098196763803,1.4318198375871174,87.27930431937293,0.8648051834668804,0
2.7156168136815597,6.073890176723616,3.9924798180195653,6.173578441334598,4.740644802456744,21.782921868564006,4.259964712920515,0.9872600050994592,0.5894781332413799,51.514895332221485,0.07626916807199238,0
2.7633080825865948,7.5658583116545834,2.6201883493379348,1.047293452328472,4.817053147281383,75.15271245535467,2.0940384236510154,0.25897106730692043,0.5763745206936135,482.2507507557163,0.19584713911098794,1
1.553428759400918,7.613472127222822,2.8604990848581253,3.6102214290498935,3.431871302238662,37.43847310599101,7.571774833290887,0.6108578391090425,1.246263855428559,498.2573066118261,0.8103076357959897,0
2.0867063249568654,6.059873107552596,4.265067794939627,2.5860116395081607,5.524680353896697,8.154938541137753,8.144358216049591,0.6123578302865208,0.02500634471147034,299.97632818931584,0.8671562153435894,0
2.0035338662257964,10.589174535358334,4.029640767076793,9.163615614295297,4.576092866542192,15.411251168249066,1.2894317115241856,0.4355321060600019,1.2856078275858565,157.53013247546778,0.9831525378219144,0
1.0785901255961945,9.950598298347963,0.6610576141014984,8.539855299263131,4.852157101034527,10.927450679968405,0.6017584660127332,0.9563397332942178,0.4550251399798171,459.99456656389583,0.15992908692649144,0
1.0725752916740658,6.332672504079243,3.5695729204181714,5.840344138541951,3.1093596717557577,49.16520426554085,3.4739687283573497,0.8594871061705585,0.9137522087343948,465.366468684248,0.5501285602861001,0
3.4950911310273205,7.567053360156594,2.1771806445101776,5.251428735028584,2.002446540622348,18.996611867512005,6.334706564458149,0.8468376047544178,1.8944883503094436,434.5290010268177,0.12329803521270602,0
1.8192124299184371,5.740635173995599,1.4732445153125022,9.314185365999432,5.461502448408439,42.3918230211332,7.975511366448605,0.97673674188653,0.41394667256078455,294.96649305532196,0.19858724466565714,0
2.554236298716446,9.397446179651308,0.2500941045109317,9.331035051490272,5.289697538319234,32.754654715248165,5.551412466978486,0.5113984043766852,0.2552139792393504,83.61597240321234,0.21576916501104515,0
1.8961767207663192,5.849603471840338,2.436247801727255,9.696368240981439,2.492767552171321,65.29072828581495,5.891338007808411,0.18746719805802636,1.717247521824076,89.79751739155903,0.11021883888613117,0
3.8220377353460213,11.901539180374424,1.777183403622657,1.3412509526710579,3.496420539825226,29.036722794902172,8.038610573178333,0.7889103329048144,1.707741484749032,453.47890447069483,0.8983308156319203,0
1.7778902765973212,10.464774522815036,1.2575651983820042,1.6895223265553854,4.64535723355433,39.36991117976062,5.382665067343843,0.44273132150674044,1.9772561056495275,444.1220813557532,0.17003774211364187,0
2.288970438216805,7.731669847087965,3.4733586479847878,6.7996933169308775,4.608443428874913,59.09641614483694,6.189314004217746,0.27131063662316646,0.6525889979249275,245.47876213154797,0.6478738008617075,0
3.6181907514538056,9.049947525955481,3.847426936577935,5.4602013184374645,5.4414013392342255,37.50134051979795,5.258929931770282,0.5349226088982281,0.03278462307980834,197.6695787643914,0.6444597113349843,0
3.525800700375426,11.37939271351486,1.223947595147124,0.28281245844303604,2.561072646541714,64.49116520098917,8.8284906870035,0.933147046150447,-0.27882981046688915,339.85576406484597,0.23871294509790159,0
1.5583042535388318,8.878694962770783,0.24723718339673628,0.7135528562962418,3.719758991140475,54.62632671774987,2.508062862133871,0.2542213171131656,-0.8977109291450146,413.1445767149862,0.9984906981739922,0
3.407929929387131,6.221489404785686,4.243763502826175,8.891995784362171,2.388897671705699,35.7896835460037,2.787137128496992,0.8638289337067677,1.1801858726326566,379.25822392331946,0.37999938453609194,0
2.374560660213678,7.650923489068115,0.04979870602151659,8.701820875839925,3.5583809937545126,42.7986444264772,1.4540223236978924,0.47638444745360564,-0.29957147879365986,327.0213221228178,0.9098396524152249,0
2.4489066162560658,10.902014055208218,4.68556246960736,3.6369821277608474,2.0604297823508175,77.54025918816451,8.230774164645332,0.22312178263282778,0.8199226556769719,154.17997000017414,0.9508704956410579,1
1.4004399172478315,9.509491111927325,3.1380993699135296,8.921401107612294,5.593092260440508,54.620862238129426,4.235417447511103,0.8635440735897908,1.7497770960931867,168.12719114932182,0.9515393735847115,0
1.241804541271374,9.555070690336603,1.6092331760066014,5.977383236539228,4.108175987314724,72.87464194792436,3.6093606206361897,0.9726583070722857,1.8506408221835802,375.83036662896575,0.7651957082216366,1
3.1838179209212956,11.067750399819424,1.232389547883681,8.078465905487128,5.399209043209415,18.406887760329827,9.81721742745413,0.36214364425151047,-0.986769598059069,411.178933602964,0.29111475504638384,0
2.489383457065899,11.257811402237532,0.04502832132237622,4.331567604486121,2.239618804013455,41.242711718386396,9.282672991109898,0.37318258885786204,-0.04877490587093081,102.26083464481545,0.16462258421974507,0
2.3105521078455387,11.438548002456054,1.1773570850543857,1.2226434407145965,2.9098324418916826,73.14962523837879,9.725479284822661,0.45149138473593986,1.5121340883956806,134.2836714700877,0.5913907282965107,1
3.1885246859571903,5.663944352772093,0.6886415075857055,4.393897920195561,3.0375199808847224,29.19590460810632,1.59453016823519,0.8327173280147264,0.6093356160546057,356.2116179798171,0.3920371745421599,0
3.2965386969733292,8.808882013741705,3.0608311036157283,4.627268000169289,3.546765978555152,77.57481486098156,8.93426776885203,0.10937547706554984,1.4225262004464585,225.0439643621305,0.8394870612282632,1
1.4767245030080607,10.183566648528231,0.8327279429690065,5.554347519021969,5.211465489590184,12.280811785524307,3.421354073997025,0.30156089656378093,1.559969848513814,303.4817902719638,0.757740549985914,0
2.830675448432924,10.298487915889098,2.6431491876830964,1.1452688577538372,3.5462314949259706,72.70033777062777,0.32403634807625264,0.7353098299956935,0.32787865982396847,326.6667286950363,0.312644881364741,1
1.4060622468330566,9.247013413790027,2.950582111722354,9.914878444191153,2.818614118585308,38.3909091549394,4.034723692634074,0.4650755054369735,0.07694881407435661,399.2915602702994,0.06616447200524235,0
3.254125258087137,6.167511346285719,1.4902084917345726,2.516954525988373,2.2599610413550737,10.530812385587051,5.190124260752985,0.39726606067131476,0.36629979815157654,412.5726278226084,0.2754499710033663,0
2.9708654688014184,10.58194387759165,0.17532474509359353,2.06566879501722,2.31796699341075,70.96411944395656,1.2605601509605726,0.8850546000118157,0.9583856078727988,176.0433103676554,0.5887598050301532,1
3.8698438632503738,10.04077933460462,0.1862694030709805,5.315348896673772,5.040188823843909,23.89551593068351,5.469240645367712,0.9256005281316154,0.10147745866045499,293.5835280149771,0.1250475986019644,0
1.2068740490692635,5.602950400843254,0.13173666096958803,5.418360976009398,3.779211964146532,6.66875941214189,8.23074312493197,0.9531875972495759,1.324964866093258,105.58577237984612,0.6753589697307841,0
1.171164163453763,8.246668772720634,3.6956233356827313,4.4542253045491185,4.9047244880000616,15.185532917689422,3.9009793182241013,0.34529547938886695,1.7119783810550673,428.9068259138969,0.6881114705336848,0
1.8465612240796005,6.217841796652625,1.5900485240714906,7.7417322486200195,4.72914848705479,54.43360564248212,3.655919104036162,0.9212613485851963,-0.15306639352382045,430.45157224993807,0.21092422624188512,0
1.785117051207718,7.362339319990803,3.981500929838318,5.214878567213167,2.541449847041031,78.3358616853646,3.5203421182606394,0.7632689992545599,1.8949689325227186,184.7775735497554,0.6165023223811593,1
1.7409363972159995,5.126567645439798,2.158664119214246,6.135985005935343,2.571551736769069,13.35966046876376,9.246325569660181,0.23879327363972258,0.8681757401759318,122.27909333991914,0.6266228565631721,0
3.71876374156311,7.802309078875307,2.2649905041498193,7.265089215537077,5.021368061736536,39.64610360935715,0.6778293681439512,0.6492430254773893,1.634506313659223,81.54130019011996,0.5040792390363513,0
1.7486385995485183,8.849138448093473,2.5644130125478686,0.34774850548227954,4.885073173941668,18.54774132106494,4.561746191530963,0.1237013373762921,-0.6882506941836836,308.73939886021367,0.9555835171524304,0
1.815849178385893,9.337078149789608,3.5651572818755195,5.749377407195944,3.5121230674972415,60.877740057619405,2.7930746506672257,0.7375403401937787,-0.24550258883128384,91.14264517994592,0.1527550212835746,0
3.278194787253891,9.64443241590097,1.3675143291485354,8.853525265160856,2.3096890533313603,13.854417482136062,8.959308848797443,0.7602107703858445,-0.036942761702223326,356.26768007926995,0.4362943852677739,0
2.34921952735162,10.85403919171722,0.6079367476676345,0.2721485549617957,2.048392086793809,22.988131136066716,1.1413121831212785,0.8104046577354976,-0.09153354647646017,355.1568804653659,0.888774733640503,0
3.3301316708655437,6.5082403509301106,2.7802866759573073,4.1113028276295145,3.1526277978469794,19.73044757368035,4.232139113468026,0.25527254871019145,-0.48441653020440445,326.29433320923107,0.41699831658662884,0
1.1960984726931558,5.843372757069275,1.6348881162136963,9.269651757037717,2.0368890943489077,46.43898352752334,4.18679828990464,0.6654249468527779,1.6046028425744971,444.4522258383925,0.45340762855506817,0
2.462713581020153,10.96076020328548,2.212456568340187,3.5962285825971243,2.9202904844148136,70.48880690004742,8.906265291960821,0.26097101634488895,0.25583642386865013,220.2263117281093,0.684860186415105,0
1.100840800549848,6.09628970424855,3.234733541686527,4.641415359582385,3.678002960845354,43.331765086731394,2.311835761401501,0.9519850750502582,1.8893906374003642,456.0213121810599,0.6822853721006028,0
1.1879596103660637,11.823320569353367,2.470628705706353,9.817259791138696,2.4856630612478168,9.368258957860345,6.51997502095579,0.707509623412751,0.7504171003704414,66.61641598075889,0.07175686051682714,0
3.719312360033233,10.89776760579046,3.1013940855042144,2.073306203610681,2.417111031326185,47.25416979476235,1.517180043500333,0.1857932632036502,-0.5848160930654107,100.74064456463339,0.4829125548073061,0
1.4177361133527855,8.506136241227194,2.7210000105681393,0.7460263723375589,5.585749742874946,64.8140749488507,9.548961997989318,0.26832900700524054,0.6377141295018713,235.4925031332995,0.36683625246348894,0
2.5972620468256515,11.869949974454176,3.6989818596804955,8.608283649526912,4.341880116091557,14.911714797824203,6.011546600868402,0.697114088316773,1.9806354431727269,317.29685840985803,0.6463104847894469,0
2.2332868078021195,5.68163710375603,3.5296830885581,8.697806878002448,5.737822747051126,10.453341075844378,6.33731595714257,0.5290034465436478,0.6955150612978245,64.56903648771453,0.5779171999105079,0
2.042029978776528,7.121460328225711,2.670949459043096,4.773570563332131,3.383304655142717,19.08558331681768,4.450979336272628,0.7626678995897906,-0.9943919646113122,305.3455121409188,0.6683185457580129,0
3.699500037061817,9.46757090528428,3.3945151042985344,5.190651027325134,4.708579749316653,60.95647421162206,3.5543705841299587,0.35270991903309323,1.7992397107712574,188.32924241736413,0.6710790171807037,0
1.0654701903264685,7.450048079312252,4.367798011363064,8.374483059216576,2.8187666984871615,49.376031464900116,2.2842290090497883,0.6921257831623692,-0.29531678161543196,449.2160635153231,0.2921282682422519,0
2.991369058526767,11.498607863865542,2.161356438940843,7.411739031346372,4.473361269119765,45.544599047131165,6.1190799875561375,0.2592641512273951,1.0655871592068697,289.9780662509289,0.2841415263407256,0
3.890183302640651,5.459382617244723,2.0638153637439682,2.7249751219484057,2.5183429200399376,23.710992097382626,9.554705104412733,0.5893392370249299,0.545240464866328,314.55225869784516,0.4017682752719955,0
2.6805045503855256,8.845882824426752,3.8212281042619005,0.26724421520803276,2.008322556705143,29.917744643514457,3.72595135010555,0.9620196323949876,-0.02369872947734153,475.5298150016975,0.2798605375098593,0
3.8104673860992753,9.136063871765803,2.91276918520997,4.849031609082103,5.726127205638316,77.44137597075067,8.854937508888131,0.6654000090618878,-0.152081428970834,393.8769619945671,0.6986676739277335,1
1.1567736378580713,9.56909686644057,0.35503390111294275,8.60323202834685,4.219577504700837,23.046892004703928,1.6580078659030468,0.14499425575442484,1.7862795875213142,247.22296976604454,0.6227226764632361,0
2.2563799572224843,6.789663563322701,4.460560078455407,8.968763299232606,5.707762651128158,72.62340674413163,9.374035004641648,0.9898859239629642,1.7357776877595117,264.5958267302087,0.2555676563099476,0
1.7804733728861535,7.551964992639052,0.15391551118820068,9.566639351053924,3.335326094808288,48.53986283433024,3.6347655822011506,0.24117969668397904,0.5394045201613376,341.5657408517295,0.8898995683597066,0
3.1924628949421896,10.905763707654843,3.7419817810487155,8.807676052366533,3.311144276647027,14.247234977843585,3.921326673614788,0.7462621924273946,-0.22451441339458234,140.08964749273088,0.48762948431757824,0
3.94389127149174,6.364599382791119,3.7939707135215643,5.842431197451174,3.602620007092127,40.0484283616301,4.735854118936417,0.5792770351577764,-0.6929739034840067,89.8928782223552,0.170700562127083,0
1.7695901873327435,10.788074930213535,4.7655554264096525,4.501595432437399,4.824163935832673,76.14115380206569,7.238793845486973,0.3649246190238734,-0.5302708514227432,190.05643217552827,0.252317308687003,1
2.9625238044222235,8.938587960319197,0.2706720420116038,7.77101348068758,4.263234536744697,36.3924198603019,7.252603650152546,0.25957943688493823,0.5667551772218136,400.27225907130367,0.5628580349738281,0
1.5942928982792204,10.335312578358575,2.984284303922455,7.424234180219405,5.701419628396472,69.75399235920217,4.89996813025272,0.2599321278490442,-0.0765101182629726,165.79570944647799,0.3715028156328152,1
2.6959907637148297,9.9952515638443,2.1392028531352647,5.427619957806399,2.1017636045297574,24.23215209887808,5.326898413276573,0.8725597130873444,-0.8737955732201299,108.84164015116386,0.8586608397647449,0
2.3917974600650087,6.452580467694153,1.6531647742977102,0.9645409883288443,4.832783751890146,47.819161385027975,0.4941027801865835,0.8856212627470811,0.36550215593330027,148.56016930801712,0.5199986370320616,0
3.9160159888946113,8.98168915503711,0.4515928014953652,9.268205333190496,3.3213107574662173,68.28890436514803,3.1821076752715918,0.5186309694622409,1.2385678773929412,355.53781040256786,0.9195300604126835,1
2.8255818180893995,11.074062069635646,2.813270598356546,4.610465121266455,2.7209346072738447,74.05163308772717,3.590967327459973,0.19325931663247647,1.6750853478799623,326.27662551208346,0.14673515689143704,1
2.048519116260456,8.024813657613505,2.395203628373068,3.6970044409710168,4.041582490080396,41.436752536347555,5.675527233512443,0.8957485934621109,0.7558521370492679,359.7417487833963,0.6851634763450202,0
1.3422873546638001,11.766135391563218,0.5227722907551213,6.33271721217084,4.0202551367199835,52.97660766090718,5.6713377202387845,0.5383148375575801,1.1698763715273381,194.8811552061719,0.8914956097350546,0
1.4537404862048038,8.165505700712027,3.062447535485417,6.770995815553071,2.5480441147537136,5.223509808674821,7.157018017733158,0.4948861805802224,0.09221141259479726,455.38525711997227,0.32828395177935926,0
1.6759507898537054,5.999499456675193,3.689765601264692,2.1858103785999843,2.8075842245315594,23.99174806350422,7.226867502937194,0.4666213219938582,0.4887145376508184,253.29666079766542,0.17890321649952362,0
1.7528999840208939,7.726042760543713,3.8363915052682414,8.385694563618566,3.6326586596062196,25.90340778102093,2.505065097278414,0.42851275647328513,1.1888805695300877,281.17086436712464,0.48381250107928814,0
3.5518481735234135,11.66191684473376,4.526865941312137,2.970377227257541,3.6352456495692613,12.01197587408231,7.747834080827283,0.5734048632477348,1.1829746821168836,476.96358920095724,0.9632675150112364,0
2.6836683648475748,7.23804594537898,2.047353709443886,1.9481708665517354,3.270232558478739,25.97712600177325,0.3921149668535641,0.6440871039505337,0.27357879370851235,490.674770575239,0.6517888292281545,0
2.5701727341230995,11.07668711906944,4.765363843110685,4.123358543259524,2.5941806060399237,29.084152479360434,7.2183864691458615,0.5197889832156604,0.6310020246749684,347.6942266624483,0.6617781224787274,0
1.3443066156076524,11.168754771773228,4.3271470254134305,7.332544800884906,2.017494716403918,77.6574529676145,1.2001988144903464,0.9069833471095401,1.7715660186529085,475.165936659106,0.6879261918040592,1
3.580419080048305,7.451305670323728,1.482507855119695,9.658035966554054,5.880940249712083,55.14517854206282,7.350552442527947,0.3858951056765476,0.895992814829701,293.67832385319946,0.08777330681410135,0
3.168442909625451,5.582803606354425,0.7964151867472924,8.111884517277188,5.773996918815708,36.950380956225814,5.3657572875703625,0.6204806711081032,0.9277238770597689,188.27732550504726,0.47336731125817283,0
1.2030050857000048,10.071905364111728,2.176946980640067,9.409448938934899,3.9346015167045407,79.1040845521632,4.485094106694303,0.36995852817458674,1.3538608771560803,191.79178518494362,0.1236934099196241,1
3.1235052916893062,7.180586093097903,2.0094935397798332,1.4919974603576154,5.9802070131000225,16.492424017595837,6.968530619662005,0.7780150214132808,-0.6543313110520815,301.52326544705545,0.350065887903356,0
2.6306146520279383,10.480465299803008,2.8785965266560214,0.8046503087504001,4.694617323128973,40.70383954478634,0.5564341707228806,0.1919089893954121,0.5686528749461826,322.26625429483926,0.8305190731200336,0
1.2451760372403347,8.098583937823031,2.91693116163874,5.621277142876044,2.275430150430166,53.529665528678706,2.3900091916206683,0.2698290971157993,1.878295208812946,247.82768146388702,0.6734564522406777,0
2.3749019245859695,8.39686719639835,3.749934921899876,2.9739450821359403,2.4708727963305095,9.168547586305777,6.241113396183009,0.8210812689342557,0.08498117652829684,447.69716758032973,0.9957940637985493,0
2.454088861390141,10.445365847239758,2.549449741028051,8.297744232395802,5.664443375478551,58.77491435623391,8.502710984982016,0.26487783569758483,-0.11522156073372691,242.01325342109772,0.21354670315404306,0
1.4973236204898273,7.6765433174313955,0.5241132047038277,6.752679926883028,4.520208808598514,12.490051469149243,3.9348548420621468,0.6631717115752661,0.803623896814273,173.04064114895056,0.42720152437615205,0
3.837094441000847,8.1018914172604,4.291456677765531,9.710208823459364,5.3727345066294045,15.521173144975771,2.73586243180886,0.9732191067137772,-0.33664172630408973,53.59184525459291,0.8191582055067878,0
3.549926114441986,7.633333281387355,1.5488229159259355,2.622444321739912,5.593078598535377,16.976713434656304,5.283617070732145,0.5706015523893693,0.6678354695709467,486.75617517093656,0.2549070222737529,0
3.007067011987325,7.57138360694096,4.85648730153296,4.9092627321168,3.7917680451295444,74.66673699916383,6.298689473391046,0.2686568017060623,-0.5330439674270783,420.94097741432495,0.19603575401266876,0
2.386886683001822,8.681626038310217,0.5893005433988507,5.0622807265109975,2.194103806306772,56.242665885362584,4.317009707776315,0.3886219411233738,0.7393803820937168,327.00181310839804,0.45623192914413474,0
2.2352966247535253,10.661596111508054,4.791255861162516,2.4678502690880246,2.753121395589288,54.157062582732806,8.7917646900656,0.8411122688088144,0.8071375509355325,423.7440142565576,0.41454016564962637,0
2.9529204014528627,7.532378183457961,0.4550590344125849,5.9419246549312765,2.2662877892097404,46.66201223487441,5.329699346828132,0.41649482180797637,0.25520143703678855,414.63015361292474,0.981195643858184,0
2.6362956082207165,8.669783043764157,1.1551806897352974,4.4885312621844715,2.7549593827940293,26.960449902132712,0.5510711581917331,0.7511602231268322,0.1482392763160656,469.3328511016213,0.4834389525753182,0
1.1868193176456567,9.695091278098205,0.23289971043270796,4.522543404299749,3.642131705823507,51.56672784495136,2.385928756120666,0.7996150565956092,-0.26362516479865206,223.7304575121687,0.8678990259476158,0
2.537507946310995,6.8860761241255855,3.525565733194975,3.691092814927588,2.4727872420599417,35.76122899164798,4.616340902994583,0.5510645625206477,-0.007233076499217006,299.6835089386733,0.8935672432721952,0
3.4192108516985185,6.9426596343167475,4.251493682858959,0.2676005890127971,2.666932991221373,15.906211256946117,7.037710086365948,0.80489204592975,0.49503790157409,94.38261067411067,0.19997812838968881,0
2.3777196327908743,11.533891889164185,2.170355409079902,5.268742845456411,3.783287128286717,56.71979677457998,2.353571989167371,0.385212703985393,-0.2570232969126969,484.3919415735379,0.7295395611860319,0
1.1558697326628051,10.06474201331762,4.642610375212149,3.4189535734332783,3.360683801553958,14.718662594744204,9.767322909230726,0.5645436820447652,1.3485033901155878,493.3071811771249,0.31372678225083317,0
3.3588345981520993,9.040306733563163,2.951495358777998,0.11306670294486379,3.870632496752164,19.300143576587992,3.3218709302432186,0.7179024375749264,1.1271057239773148,405.0879115690408,0.14000201984949803,0
1.6040913464079232,9.534040380944283,3.150035677232616,3.148642705853127,3.716688111036248,66.32744838857045,5.418306027233767,0.25126583257394236,-0.1920823985620136,254.35444241675157,0.8809696655465076,0
1.7758625046641163,5.205096101723928,4.22709600850385,2.8584204975885945,4.577912103919534,54.50878220938655,0.3858705703642035,0.34625977064397073,-0.707694510695356,273.455037911461,0.32781138891518385,0
1.4941190602968877,9.326720758931877,1.4840010252591944,3.995136716913995,5.748758195503418,52.32433656602318,8.871929070021883,0.6868329430542869,-0.9994598830481116,245.91511984453564,0.3780973866812696,0
1.9906451946144927,8.566562112569414,1.771328606638129,1.40533469746963,2.43145735377697,36.3652088257043,7.930579604546798,0.6898241078465981,0.7901565571444666,181.9897864350037,0.35778958469337296,0
3.270254517065905,8.82024775845605,4.529759595973221,5.126069863887336,2.3970405972367796,34.72103886795284,2.1154884420968085,0.543972381807681,-0.3659087606390534,287.50613249694493,0.2402806518057014,0
2.5581575785118122,7.515966787815719,4.504817480193819,6.955159489929486,5.411224444363608,56.76969568890509,9.34571957415046,0.8160268211039085,-0.9622525896953826,74.05028127525507,0.4627782129271928,0
1.6146438224521376,5.570317283990593,4.8824138810043545,6.338837133640268,4.0255868186098365,60.50041539567843,3.295229685214566,0.5338494118044781,0.077255811776068,496.3491778717258,0.45687817976231765,0
3.6334902344561226,6.353374635284365,4.509191582208356,8.057173980934987,5.065620094273768,43.26599017732329,6.983425626125148,0.8931900388723599,1.8859953869522998,240.82256082386337,0.43831404442562377,0
3.6387455648545877,11.655212992488703,0.6368601801668045,4.5748820510721036,2.8616876144291257,77.69519332613947,8.225967916562679,0.7623130877847509,1.0698284228894517,467.3149628166978,0.9204828597987503,1
3.6117352751380207,7.8608969358965375,4.118621430684937,5.23900813036331,5.3154502926702065,76.6774669189154,7.460961720124373,0.3832253769730072,1.573291108767374,375.9221572970016,0.37276404726102075,1
1.716388634144618,8.266782090816049,2.0491923905479705,8.122979214503935,5.695386496770784,35.932211750956895,9.192311283492444,0.4557286076361,-0.5657827052178098,180.47431258877032,0.07885996292694886,0
2.3537180325429645,5.368968528974073,4.954006779729689,4.3342415911104615,4.541932062185953,66.54666907123652,8.669892651338943,0.7009180171928611,-0.7801355361416908,149.9236781785711,0.2195151559287375,0
3.9549689684226252,5.2629636068078645,2.3614048216440056,7.04583356400601,2.423516085895209,45.74508811988115,9.947192838097779,0.9050073569411421,-0.9654107094708326,498.0539451930603,0.7354222227448001,0
3.316037428929971,10.020270129327304,2.769180412511103,4.4025634503081195,5.581179256625355,43.381691566788085,1.9895918432462265,0.26083785943315785,1.8669868700584615,397.45685977431606,0.6113156759987856,0
1.0815022636766796,8.76666264884778,2.6488745762839927,4.2355883256644695,5.169950909480285,9.122304603398888,3.1866656520216607,0.5631971848677821,-0.0993917939393546,162.3476633672034,0.9541480635541263,0
1.195613773781476,8.560941889513867,1.608685149291389,7.626035682838687,5.003511106057959,48.04810328512326,6.4350135008299745,0.20690597919193904,0.378514827022574,80.35027167976727,0.7097133518313391,0
2.391794130436998,6.701871712958681,0.37511044446459085,1.8308854631154907,2.1469127556236622,72.54334479223735,7.383862421737521,0.3515096397881181,0.18357087080532342,363.6124453856204,0.23452958972877574,1
3.7276606175846805,10.213255121409455,4.4782561520095925,3.4520011222215787,5.195850101027885,63.510038689631905,5.43912953464595,0.7173832233639181,1.1913708061785777,186.35740556498436,0.16461200769593798,0
2.6161053938581427,6.177656053759443,4.013379062631434,2.319305539794328,2.551804041873428,63.97378585244466,0.9244979758888263,0.16996117172334554,-0.07010535414177077,149.59886568247282,0.5447217865487529,0
2.4934375241028706,6.32954320562714,0.6976339027983464,3.6551884353792117,2.8895447047875535,16.994677893225443,8.447633222643743,0.6961227236999626,0.6063586478421548,380.7218368172012,0.6819995993352252,0
1.3164210998698918,8.224985199437928,3.8838413567503642,2.380710741423638,4.30853933947703,31.883708535017274,9.616568689008465,0.9107300088507673,1.9867467948664026,355.6675951944564,0.20735490107010957,0
2.970340314172882,7.003959034783586,3.12923333025305,5.836115747757881,3.059923091667532,22.490368748767686,4.174065069498669,0.9724332619166195,0.33219065403270864,266.635703642086,0.6216083598635824,0
3.4663094818006766,6.732240868632024,2.0457189395881112,8.001890945916669,4.645392825247679,28.693646184172696,2.4031623206486916,0.294968980922964,0.6538146220992669,474.19516974666794,0.8717772497331746,0
2.1412600225226868,9.516663511873322,1.2701057454778137,7.887469306057229,4.432281790796326,48.465450762029405,0.3892747986284579,0.7740081609470882,0.5075841869325135,355.83726472587097,0.7411904816883922,0
3.3268355527759823,9.55680221652981,4.298643917511162,3.7085595490330454,2.4325983920530505,32.358786002768596,2.525530553717136,0.9337334038349768,1.4095584744080965,452.03880227895917,0.6809815268377172,0
3.893429961702435,10.771619488599505,3.5009412964702653,9.888728018353191,4.624058318366025,47.05233630981996,7.0592039934165385,0.1822323797644924,-0.19948103789927496,135.7488240573736,0.7998645017844283,0
1.6112993773830673,7.923959968810831,2.7386995473456843,5.9791582105874275,5.69581963929972,37.88759362059328,9.13357599919276,0.4726212476402848,-0.4886859515716091,183.4906595363999,0.1488785736010444,0
2.569988893584224,5.511595637183052,3.0478426694923204,4.054062987605119,2.6444396207433325,26.496166883729572,1.1164280510313052,0.9274687901849494,1.2622794747945862,97.03406016217772,0.24363988302063472,0
1.8614138742537265,6.915664694450204,0.4553309104109049,8.371838864490112,4.38824808377155,12.155257565386897,5.621940034186913,0.28250874842934715,0.24685455910596277,187.06099904241592,0.08619452217449963,0
3.378563257101518,11.860038242377719,2.3695988045559595,7.325752725162144,3.3674614877467763,71.8878843008587,7.016206235415957,0.9403846154090576,1.7411780269300614,487.30024814287117,0.18772904815541896,1
2.7327800976434724,9.173810026628914,0.96850146392851,7.517825834558634,3.838446687094416,5.85300245034865,2.9085320468414326,0.5744728639790007,0.9324778573801931,483.28531074153534,0.9175232255360501,0
2.9037472526509114,9.968159593607142,1.0419183950441269,2.041779562365329,3.1480007163158796,5.123936610647838,5.78499098386896,0.18990377428380012,0.6930293351352277,392.1738595479459,0.26103768152144746,0
3.393742478847682,5.051504807377902,3.3065198114343337,4.736410642948695,3.416522545390781,67.00983048226595,7.209434574856575,0.5048895850799635,-0.7886288355223685,284.4717182523308,0.6789923555285698,1
2.1879114179873644,8.627440125277646,4.5562807591714405,8.632098495163568,2.115647293066229,79.76082052443425,8.409648582726692,0.3936350759203596,1.1912357154133941,401.35090945651024,0.7069888866786095,0
3.7452702052211295,5.262700602722622,2.0187830523917327,5.0899762755246964,5.926206951668883,59.53271207852421,4.634498538035813,0.3539837444966275,1.0581210965388745,299.069128046174,0.6630591864486087,0
2.5990866017384198,8.984611484640135,1.0387463650609519,6.866182159868398,4.499199688290993,6.1455378547163555,7.529000745405815,0.5873280180703154,0.9202157734614644,51.57882710214952,0.5762249962990702,0
1.473864468506044,11.445395947452528,3.243734686183271,5.920543957039219,4.002822361975541,22.0017670001385,3.1574731230505275,0.5352334216766831,-0.1962714292879284,275.69618327462695,0.5118238300744712,0
3.0876973545064073,11.778933913502854,4.355935231751589,8.439332198411982,3.534861398001307,77.8867025196471,2.2878581183671547,0.5337704436580828,1.8402179650233337,319.51555070497363,0.44892479969179955,1
3.379784051314763,8.783868727722469,3.741594005612454,2.9171523136398663,4.15749823529611,65.64531891303761,2.0356747116885408,0.17932755799280375,-0.035034618901539805,169.5867608763519,0.9210537617873705,0
1.9502850312025801,8.207433636765511,4.343786152682936,5.797205251075012,3.520423994863216,47.50998828535333,3.7169527718921174,0.8220863629244229,-0.5433071297381972,141.48210390874772,0.05903864283328804,0
3.571537770996259,11.615119659739458,2.682773355053997,1.3200232132970595,3.439631709974693,22.764553208026925,0.5516208815307206,0.5332953838202157,1.9616034648050413,173.21409266254307,0.10081514472556954,0
3.718429764297299,9.715268823976865,3.7593812218459544,6.933086689324732,3.8557861668880524,6.0777654445061735,2.9733200091194476,0.8388152458316868,1.2387388373713044,330.63248728303955,0.517886842227516,0
1.830713462133427,5.454294956768866,0.7003227967946823,7.34648159969185,3.1039321346847633,6.564610447805675,6.591783679543637,0.8421351773958553,0.24436064697854398,115.72885172099862,0.3639845777139834,0
3.950564418145666,8.260079043672484,1.7413730768159574,0.5240894797710843,2.7201995998671418,50.898564764766995,6.5496066621693405,0.3854217923632389,1.8077492926661205,374.1477355982747,0.43781870244809046,0
1.4221345841462751,6.681715129250128,1.947745822407612,6.790330539917052,4.226423592721174,6.637390726431734,0.9208273036166141,0.10391167342685113,-0.7266478769014082,240.20366943272427,0.9979560935809942,0
1.6060470052074698,8.28863025014077,2.5564787312301727,4.205432526241284,5.371061744601205,79.52226064440295,3.0166730473900776,0.9201211097123067,-0.7370163507203267,209.0065366423965,0.7863779642364092,1
1.5526745177140784,8.188259004044532,4.645381801284119,1.3285590734858552,2.611312710903569,18.753787512030357,5.7816651138436335,0.7846252237776162,1.0473530558857567,413.2540812561588,0.8835375581888137,0
3.681969130023611,9.075013619703194,4.371482801110871,4.257084722214829,2.1309373624168746,58.303052140195796,3.3218109475304085,0.196526761141124,-0.4660838548634695,277.72846224643695,0.40014583603333337,0
2.962877656974886,7.497393432444759,0.6726274614459227,2.0229060039862587,2.9872469806161446,16.629479105931004,4.296282637050961,0.7315543306027912,1.7514185455798525,220.28025253591767,0.27758241800586797,0
1.4563128496668187,6.149893146191497,0.863948259412316,4.214039368020834,5.918882573815243,45.507006582328586,7.185545419734488,0.11802094180199255,1.5210775228966127,445.16962200227204,0.7795909449063239,0
2.320970255105047,8.526036042129693,1.7882027479445566,3.9049563767894244,5.315032294973357,11.045846634966317,0.29081492867497444,0.12498316229862864,-0.08089832769644068,215.7132344897641,0.817197289544257,0
2.845894075209406,10.811420190420336,1.4537193294533695,7.410077205666969,4.383464214114387,62.50838183999324,2.9086567320666195,0.5732409156380582,1.6665187468081104,436.5501273245167,0.5724035236754782,1
1.2503922549681499,9.648085596473216,3.0738547657813116,7.764734025846952,5.716995660972543,48.86908210436223,1.5952479890931635,0.18643368631271195,-0.8713369389780149,276.88941430815123,0.9011444389149391,0
3.6472491052220164,7.368575061476511,4.513880238822725,6.109583678407012,3.7811164673489785,11.462502005106128,1.4505699910920191,0.967902870236427,0.6459135582124818,143.60319385475327,0.9689589939555595,0
3.4108106063246053,11.548661159312001,4.8114577083629335,0.3245997376062307,5.933122410300696,68.64396419000042,9.598594121183021,0.9044481039852362,1.8066883211265,325.7681846499877,0.49746964450974457,1
2.515620320729915,11.385452998744276,3.2680147626761324,9.31712056280284,3.185208180477136,46.02639610825265,3.8902912493116943,0.6848308281230963,1.5661489368070942,178.39558682148257,0.26153333439169557,0
3.9013798457775115,6.465438795688692,4.190796007005433,6.893709472954832,2.9612229980637563,74.11942325099885,5.365468132114471,0.15733807375448197,0.06821997140298497,116.21980947928782,0.5412574516987481,0
2.253282937825299,5.275923095842541,2.6260110011539854,0.4385349542197695,4.552192804588044,73.74675302585845,7.3914544932824,0.39235173202635865,-0.4513886942960954,88.93821712900078,0.9900565624918549,1
3.9523309571094933,10.189160958455336,1.0416347343001986,8.206445702219767,3.5126158718014415,74.03808421149368,0.6649852536284919,0.43455069811543956,-0.3683782347887663,158.7638011088489,0.32828051669892594,1
3.0037599964108814,10.793271829444073,2.623442060467387,2.082634931708162,4.505462167905032,10.833890015035099,2.562021857865444,0.5327918522458297,0.5435236342352159,381.44958890098604,0.6367193575461609,0
2.9040138197618246,11.775051961659486,2.7754130071882557,5.834289776753957,3.219982073210743,14.071832131589257,8.355048315968382,0.252012586605807,0.7903188315094223,427.0996500690842,0.7092844808664498,0
1.497864685887355,11.228854758618175,3.712287821067783,4.719680262506852,4.471673027351964,79.07793572871485,8.647508009143234,0.6197604785174763,-0.9015570501290907,437.7743806918647,0.25323235462801313,1
3.645783274913932,9.203743377444905,1.0994149485367455,4.256403945315259,3.1029850423401455,41.570061604902946,3.8549190222798604,0.49219358311830097,0.2406546777046641,171.56672316947464,0.6090361666810574,0
2.2824690637618454,8.710366374486666,1.8415519104336586,8.908165829231535,2.2038882752755597,22.866053962186072,3.873643676587329,0.9525672670535726,1.4911613469317135,347.43781982540384,0.3487816556706596,0
1.4867002173474382,5.194887358838104,1.8201373460728316,4.429876786469886,5.648543607692734,62.72483663739935,7.617589395667043,0.9425757066626972,0.3329868507073912,153.65932696171828,0.8614991286324051,0
1.0378225599272772,6.726595127913445,4.7971979787058245,0.8459067639741923,5.532820807493849,24.821391590936148,3.091688222148718,0.6089265598059751,-0.4924738271517686,330.24295128570816,0.729015892170742,0
2.679267050915148,8.217303262130486,2.2197248016335944,9.471723399428031,5.883192597090687,59.54117660139818,1.3475219951719812,0.6799144023914817,1.8645808790572902,449.2449468687636,0.8349531061050413,0
2.582198866368029,9.399527300584975,3.7754698364907324,9.213298789272313,4.866108704885619,67.79643333873209,2.723847412357718,0.22401682099636822,-0.20117338022059994,68.40215717093662,0.23969827486235756,1
3.1580608671074755,8.900762833228875,3.7540569068721954,6.875883626857828,4.730884710941211,63.81975329714604,3.995978370030594,0.30099091495615443,1.3952847969021818,493.35155047643275,0.08284597040128927,0
3.6707741590534066,10.198451927771835,1.327720924016207,4.732136028507047,4.236012280299323,25.553585614845154,0.7116061540319631,0.9106438637817186,-0.4186175009831954,422.18954485630024,0.8579994005693812,0
1.2382197539290885,6.958368516209286,2.8593484468586605,1.0193087821408606,2.5037696654100907,35.121393055942775,4.891066491161713,0.7292493306061615,0.26951818766476965,392.7479523321643,0.4174164903956084,0
3.194489471021087,8.954668253567313,4.4715144665932405,7.9284063739170145,2.75694124379708,35.99382524249573,7.452073625173229,0.2704871775547698,0.4712676193244356,361.113302170306,0.2207362913165412,0
1.5622358322927465,5.616995703735545,2.3759885972847474,0.8472313527978866,3.157878754690145,41.845468857835385,5.234702415908524,0.6131892754659006,0.5019058878447336,396.62325001124526,0.13730059700393965,0
3.574531159471492,7.895658665082449,4.72558753671273,0.779149750461942,5.5606254502935775,17.5529638655102,0.9045743370421684,0.941285125440504,0.5494216043021145,497.5679102182457,0.5406757657542367,0
3.457190541584968,10.251125830682208,1.0722911466208078,5.420100040149744,2.6918780984123005,38.93525378107568,4.513466387190394,0.41065399554571325,-0.32515737793071575,396.5860837006433,0.19262155498134848,0
2.6223812649566334,9.853805974003308,0.37079552887015366,1.6852695778279383,5.6914926979515625,43.308724288660976,7.147265158819762,0.2672383379671768,0.5477465658825058,208.22035310074716,0.5883574232191939,0
3.1307283958699346,11.934499160205252,4.4572693657237465,0.17652964666945495,4.091142932205669,44.87817474357893,0.7693472091038613,0.9478227492181884,0.44513826163326264,326.26483382007643,0.7409412153871074,0
1.9430503395512453,6.9452378819142915,4.238405989811083,4.288822966858284,4.862278541892289,66.49253224883437,0.7865024593235075,0.5151388242628893,-0.37384150862121024,201.6153572719261,0.5583052629404396,0
2.413503696798444,8.487325094217855,4.962949379669224,1.458450592939653,2.440977946722266,43.80008738596214,3.8318937511736304,0.4755177987964898,1.9645746785111324,486.52944946550184,0.908514793554057,0
3.464910693131415,7.306712896417977,3.3969674405621304,1.6891026112788434,3.0761341951036436,22.30879418852564,2.1106468484123493,0.34081047981347523,1.5966901783596503,455.0628797715652,0.19779114311885593,0
2.3777955915196416,8.084221798414223,4.683439633335747,0.8614153234798131,5.834074432725705,54.73465536831404,9.36085175482252,0.9024267654524298,1.6627290530674488,305.4291023582728,0.5192557995879741,0
2.0733947959763253,10.998650909085717,4.1347451254205545,2.1304281618637386,3.0645997877189255,64.79856080649688,5.897167316649483,0.8610550902006175,1.056713151148685,401.5731895220521,0.20503093641730064,0
2.4826373417508996,9.789463526319405,4.222131665600434,7.183293379766455,3.1860868815645844,28.95287498286963,3.015788914177783,0.4626913594930787,-0.5203089079247304,459.35912433729374,0.8821068301242192,0
3.484747757311655,11.177088339433073,2.8457078522713415,8.108380341456135,2.790389539364318,53.39794467632039,7.106811945326519,0.12755195190737098,0.7042761916992466,159.62011864545167,0.9356273125335812,0
2.005624142112618,6.424577758323205,1.9118229895835541,4.580083075890076,2.516294661227318,16.020349695950948,3.8743047033214233,0.5019862874555256,1.4643188948821582,310.76683561796204,0.4299960875607054,0
1.5212847794072313,11.113527824890067,4.672790362716409,5.114882777226035,2.933030565815992,30.644472843354805,1.4947333149142983,0.26277221492204794,-0.8837905339340124,266.7723436636468,0.3404608449562409,0
3.1360420609923425,5.418335919248691,2.1605858780794724,0.4232848424826058,4.569307567803193,73.19179471622256,2.5248758524670882,0.22846066313399307,0.48752930986285925,397.2161096793236,0.31535029065778625,1
3.4779346381242453,11.220194963060067,2.6940968362483453,0.7862309875760369,3.821470934014254,73.34811223719281,6.498923387701883,0.45378425070588124,0.1883686399847544,220.58713460022292,0.8667409786911976,1
1.3019124355706,7.303516456225095,2.2305715356259386,2.6499204839302175,4.215023345351595,48.14934340572977,0.7083858387705184,0.18916924361016446,-0.36362581102208913,369.04083786868625,0.6983198283953129,0
1.7196223382678342,7.202113433898465,2.8240915698009856,5.48459436506016,2.489459315064097,57.676359564883,2.872352592471025,0.9617180562384985,0.134750011295953,231.34689005528202,0.8865634019211426,0
1.4259159692829817,8.584620036890648,2.352525394961636,7.42155637247643,5.2084657886516,69.0511561404456,2.2414524808933116,0.14278526360315363,1.9504925326083584,99.9836890900269,0.16164098800959392,1
2.0438242347465,11.584831314062622,0.2398377928973794,6.089530307246527,5.136378802319392,76.891488898447,2.171124084630014,0.4612326646588545,1.1697299790853326,98.20464422374275,0.5022265314708665,1
2.351052936716238,5.334469552769837,4.410240930038493,3.982065764369204,2.0863596445707016,41.74148302173271,6.891071637364518,0.24643243182852542,-0.10138875995517582,103.57534604893432,0.692370139741841,0
3.2464790108899195,7.465616825495217,2.221969094578849,1.2714083227310682,3.53406037804122,47.118180246952576,8.293005784192772,0.7199301893758805,0.8160651544424886,64.6339441694728,0.9022362227151552,0
2.9534427546450224,10.99600392078335,2.9447182425367435,7.829655025383175,2.2750824078845913,36.173117498587274,7.215492759029736,0.17093030429310557,-0.26003127914296065,289.8379272185474,0.4129182532173392,0
2.8627857024352936,7.772381342048267,0.6959390137899352,3.7014819108306654,5.168423117659833,10.398645279232156,6.52813259484502,0.5921250167877709,0.8325317270728216,352.35620689268075,0.347435569074764,0
2.057124839828963,6.394098283179469,0.01693923991319568,7.3869347433796175,4.949078732502818,36.71026043366138,9.181227363815067,0.7957913456817438,1.688500068454795,107.0277808215603,0.9173174237265534,0
3.52434265925428,7.973559269319883,1.2264504682182147,5.178490534951984,5.607952377172625,64.29705045373079,0.7722453281581092,0.9550538515440736,0.670630399827657,325.3361000997254,0.09515660633865436,0
2.413861502194494,7.698867510441685,3.522930160666751,7.41275433026207,2.9456158358124584,65.36641234936465,1.8413342425671593,0.7286748066724714,1.2000199263580482,318.9830352160604,0.505615715362801,1
3.9373148140454637,11.407913410266925,0.495972650564393,9.082166658380462,3.8251835325111956,71.92828359449747,4.261187185571216,0.18954258187112516,0.3600169961488904,116.19232312858807,0.48569523257625397,1
2.9024264148872105,10.333540630201679,4.54443720193234,9.21819220893264,2.737951508657591,8.86000288819768,3.850026106337904,0.17966849474272695,0.5723717529919896,231.83716998256847,0.18875359319627155,0
1.3787942246935083,8.535808890208045,1.075112846780923,5.397557122005973,3.484939737896478,44.53659421854754,4.29690570903762,0.7584382436842593,1.0852252362646357,389.8110693969428,0.4252026056223092,0
3.028532686226302,11.918593967050999,1.022968071458879,5.163932811179824,4.088973006267536,13.05683659528072,2.2232580694185193,0.2937964645031218,1.4372150151541918,57.54021149840518,0.7364697529843092,0
1.9753120462950968,8.256942718931462,0.9075398081074776,2.730216808478089,2.213323159354356,20.05566373743075,1.6651324926862376,0.5025153777699239,0.978354159576349,116.1265477542747,0.3985250223265412,0
3.058981590058292,5.407664815741927,0.06990856485682373,9.364418332139984,4.859481642709541,72.51623767854548,5.190093825087695,0.978958991216223,1.932475981670279,498.12276844613507,0.3441774556292905,1
1.2089234444872172,6.835920252704894,3.859027342391173,4.633399755276247,4.173173441484301,42.25934438222719,9.294914735874178,0.837916118563488,1.4594677633948483,380.0952037170768,0.7928007230110289,0
1.524644311527878,8.052493361535188,4.375172656226293,1.3631532689450339,5.315836068842693,61.89086906724602,4.041300731029187,0.8619340215701805,1.3314806138236257,258.8586256486651,0.9892796404760318,0
3.5672117767173592,6.098318369022841,3.0708135130809944,4.383778654802844,3.087122004764789,9.82880794465106,0.6248614983713753,0.8746929142552708,1.5353047369430763,333.41063544123136,0.7903847552337657,0
1.6815386710705447,11.632955884268302,0.9409999083993115,1.3578271773562394,5.613284421077018,36.261987794363904,7.120439960317341,0.6575908061094021,-0.15636719372695285,430.7994367693135,0.8540261237511279,0
3.51112337572882,10.36794228472441,1.4263899847043988,5.075063674145043,5.994777012121773,55.568021049825326,3.0528280741663147,0.7695405314762305,0.2961414618451421,429.03706349913654,0.9425257123218873,0
1.8378282653632314,6.878010402994409,2.3796334868248166,5.6566275970765005,5.677193753510698,15.005486095865997,2.6019310715879427,0.4230648231708586,0.6933887551837721,196.1156459575432,0.8116838427722299,0
2.928645730176123,9.135631734625411,4.771729758116504,3.443782038786495,5.111569903332617,29.436340932926235,3.3777284068400286,0.9986016039155656,0.387158955328057,271.08114014535084,0.9813365753258726,0
3.082451720529493,10.050144099767003,1.2367568590887141,0.8093410808916982,5.249475211495123,9.841085376791243,7.293392134297188,0.3516599526891806,1.542373454672239,337.1247934243897,0.7599200420192086,0
2.537964259435159,11.588952502347585,3.6582295195994403,9.440685002769067,4.294976970178346,53.85049556521328,8.22442999132898,0.6310066629731675,-0.918794446962304,82.35361243157183,0.6784464236088799,0
1.9159320300901939,11.171447444227875,2.1972411164646015,7.756195823485953,2.760615451650442,77.8168444293589,5.962949459921845,0.35385551048907404,-0.37247374830153746,475.6084697258385,0.7086811217871435,1
1.6379331291132884,8.606345582967496,1.489236741800109,8.404922697000698,4.708162740590869,67.02841183571223,3.360291786451606,0.20086394550406583,1.6451196230055647,244.73382154806782,0.9050777354362348,1
1.0995680636872787,10.422568338551123,2.2795796851105687,3.7319971034336716,4.851012008239726,78.09673376056742,3.2426866845493265,0.610827233359309,-0.8226995869690984,216.8880472660671,0.6988577433187085,1
1.9118392037221714,8.935013276793095,0.35603358770616267,7.63222719719256,5.941540561071623,68.42035963237973,1.4182218290735376,0.4180138037795258,-0.3190350891736058,458.19516265242163,0.7731449124002902,1
2.959488371593849,8.86892723031878,3.9934368546518124,4.905191662175023,4.165205265025287,69.1396854647734,9.346350272704907,0.624897340771049,0.05375099112945869,103.22899193889711,0.2552094370122072,1
3.814914455345448,5.803193708367344,1.2165096399148356,2.090726535219855,3.0854760601002256,48.28828965285069,6.453766109894432,0.6028106289984936,1.252221682435073,67.66735882419883,0.9170171322880696,0
3.613613446789156,5.882963606113065,3.627060615964852,1.3317914313814117,4.734690086958027,43.868923355990745,0.46435127458746744,0.5880310562292055,0.6805420885005451,358.25108553512325,0.4748525800702502,0
3.2981943296059075,8.706735305157203,0.3417418572409736,3.516003606288363,5.917503278665818,35.46906998208706,6.691197532829471,0.2109710098418765,1.8638141083409931,223.25133564729686,0.20301396436716457,0
3.365342029759896,6.882030814853046,4.77549278082843,1.461765903603883,2.708855633076376,66.35711712844099,4.582103557096378,0.49616269691532133,-0.3163749547810796,394.0141139735476,0.8097978318560882,0
2.9949547104279857,5.14725831722328,0.9650749270284931,9.98286286442028,3.3039916741424107,18.655070920851845,9.73106803785981,0.8308035454589126,1.6163612149661883,80.84507518703998,0.3885733667513254,0
1.7808605726980091,10.059874427301486,4.413710381035402,0.5869710032970183,4.167523815090725,9.21686868681449,8.226874483102788,0.3836291459901723,-0.15125953075225362,222.69071459092387,0.2249131858135402,0
3.72158509211749,5.227406176831154,4.047366048077173,4.4673216337538575,2.6808585395280193,76.09203670135062,1.8788943875614221,0.49944835476285865,-0.2635052226203194,155.8963454207505,0.2934386012120653,1
3.012196935717502,9.166937887728382,4.83929962040708,4.575725871664803,2.0888825580797534,5.283363890260779,7.257088964973692,0.5444484312882413,0.49512559429805214,382.8229398259688,0.08320153137094671,0
2.6813218929413196,8.774356558891201,2.389453304728748,3.076256092958588,3.3479324897650025,78.26219914068889,4.9585468375855815,0.8764581813325703,-0.7863864842305189,152.22654969231715,0.13609183374871575,1
1.3329684076404433,11.78170283404463,3.6369864692297575,5.756380500498759,5.461483206004232,59.66400274053244,2.0330426039652965,0.690039792303417,0.15292103897984965,256.07540064845966,0.612993498616819,1
2.3411666314192763,8.389491975433492,1.8535532851889203,1.5847725391002925,2.1738735972948593,29.637418977337074,7.047651091833502,0.19018228135358262,0.067027904329231,418.4948980115204,0.872906936689733,0
2.381074813605779,5.445210054644582,0.9218411900984691,7.8607325678136135,3.71571623606767,57.33648823147327,5.564398271203605,0.8786538872245191,-0.5196953328946794,461.9257409590113,0.4761038927288848,0
3.59369082856801,8.861815774645232,2.2153796646672443,3.3912324106516194,5.04880309170433,66.34063678888455,0.4976640119613909,0.8488593779338809,1.5823845358247315,375.17260714959997,0.6447552351847365,0
2.6399446605633656,10.887673194312711,0.8287450769422744,5.954291639006553,5.8127303876435406,23.402154198982693,6.536561915182494,0.7782813825392578,0.15766893112814984,243.15278518982916,0.81924644616782,0
2.141201646911229,11.97794498997008,4.91022311393192,7.184828437062897,5.941901596017729,62.817176245968646,6.422873480651919,0.5194522164869539,1.9457605385410472,307.3936436342299,0.38893046493516586,0
3.930400985531978,8.012402215823506,0.48123245570358186,8.901516965132595,3.6878775224349667,65.32772187561801,1.6120345783043337,0.7817908451372261,1.6991238471133228,360.36047621862224,0.6715983668337676,0
1.332161779978947,7.2420911974771975,2.946058617263102,8.374295620876781,5.801537177516471,23.701597259400906,3.620079724567591,0.5308678563784816,-0.4155679012902236,443.71968195835314,0.3829108045014063,0
2.267645284935834,11.346573078663992,3.1323192762702794,6.12225937822524,2.141675893123455,8.144476578348765,5.941809913360192,0.7629611808944465,0.5153665170138153,449.8582931421313,0.6605795870334658,0
1.1260740255142159,6.33869490353285,2.6903977143702713,3.945092485800481,4.983667751994226,20.309171341857326,1.560073538245953,0.8920991484752826,0.8054124150996587,468.9362711697562,0.2567273341322856,0
3.219712362300791,9.308002405230486,3.310929428559168,5.081726233742143,4.570984138534452,20.048480666704585,8.556689102780613,0.9014874266175371,1.4568815088308633,414.819994508322,0.978947671556899,0
3.754229656597452,7.840000969266634,0.5809038750594547,7.710474454450146,2.9980874303446092,9.893034063161238,0.4693632536194972,0.5091207167687092,1.6569282489541841,116.05907117375006,0.12236888012871618,0
1.8401119886514683,5.287576554688887,2.7750926210264555,8.787700871338783,4.029274002718596,59.45055384913969,1.2078066666996785,0.8734084114168263,0.8720540634664697,386.4377900238094,0.5299712070464297,0
3.5750250303973625,7.431019320139884,1.4360628556368078,1.1274410889490516,2.5182149510419825,33.49811933438062,1.337847814577864,0.19131164245694182,-0.8945973905733539,416.56656810344793,0.3219815923994731,0
1.8766546913856934,6.856599657518722,4.700880316505283,3.91007699868123,5.486388603806244,71.32896255903938,5.375449834555541,0.1916374757381029,0.44382934855438805,445.04214245437265,0.6207959430752805,0
3.7323104849317454,9.802638077604408,3.8103582671986285,7.783554324293656,3.431592342182592,23.91283292488895,6.277117319252528,0.593440252180732,1.654410608558997,466.1676025780217,0.45689163091536544,0
3.261885710790352,11.641533483843427,4.862572410798713,4.373352449680214,4.504177881862866,38.99241238249455,4.156659805714568,0.6866601566106421,1.1422688076327798,279.12191608330136,0.3413323082294306,0
3.414720330524316,6.876330311650465,0.18778034870094773,3.3890548642562104,2.635105145149049,52.92630716950721,3.028934911148029,0.23769439838056244,1.6104258242283733,344.7917128059397,0.2875357563687887,0
1.0540196668013635,10.680261574061772,1.4256658759035434,4.172094698550369,2.8246593785248284,70.80987122538335,8.131310281130462,0.5249620403253937,1.0222393691681217,54.29874947763608,0.22337368348773406,0
3.8884310712220778,5.387518718568867,0.977112933191745,6.068162993184873,5.967825483212608,44.34658262145311,0.8692026405189175,0.18492640103433078,-0.867894970555082,307.7526054615953,0.7937353503793243,0
3.18001297621097,8.766847070278692,0.0557729365591525,9.998070926924635,5.012345577765317,33.01434708592871,2.946860239101359,0.6418895369979793,1.9040199686198318,262.9392714832728,0.26108994023896376,0
1.9142532861584,5.493850445969262,1.211628651231607,4.980625048134865,5.847887479096283,70.02613088540066,0.5833326722789135,0.8695846330775631,1.754055621709036,483.0377201126597,0.7848498865571196,1
3.488183994576541,11.538230937914475,3.3938799176021446,2.1640953020471794,3.1834046608481765,28.26848185157079,0.3361233226694265,0.7638750784175714,-0.6202613802621302,455.7691843712272,0.5107866786966275,0
1.8445635952447899,10.364458963901733,1.1554446106728427,1.712181095263038,2.6582515064792815,10.956777472443234,3.6631228919355725,0.44046239718634417,-0.6619264994687536,408.92176824502354,0.1186166202883883,0
3.6182615186983837,9.605649378432148,2.545017227413091,0.5192625000165015,4.012273853915324,38.378158063267996,2.1092718919603337,0.9944144169734095,0.6172355014310602,75.64738303412003,0.2071705437710491,0
1.3377411712358112,10.76727467137265,4.439090574824993,5.6322906256913825,3.9786731289093735,63.88199798734939,2.829985377414814,0.6966414788195231,1.27115250367065,230.91297902749997,0.8982594119160887,0
3.111057932382387,9.532638568991143,3.4687896017453763,5.491263705739459,2.6997860550319515,7.308562381514232,8.245282143058688,0.8337235909982311,0.14651963581476113,363.2189999875521,0.6226750309048733,0
2.622095429934731,11.782610780220038,1.9731453495301599,2.131815875125061,4.93287827832564,48.94116837421941,1.7972049432423696,0.7027276485625594,-0.5908535093702738,63.34733460392648,0.2251165197856002,0
1.2896034105863223,9.9977056350534,1.8623446945605415,6.983761123880414,3.4471101377549362,49.584803639542706,7.84628699808765,0.9904746619784139,0.5316682963440638,156.1162062887605,0.718576669440761,0
1.725681484776517,11.472610267075726,2.2786790700424238,7.43695971213384,2.745460923722069,74.64063225705362,6.815496106834363,0.8392237904959956,0.012698408656917515,449.37823555315794,0.8320986572070654,0
1.0372121088319444,8.619923244074467,0.8852072052995319,2.6650722332829018,3.3279335781731536,26.484861285876637,3.399166146380161,0.5674808961058965,0.055315866653974144,108.4013452847409,0.3641204901805511,0
2.4063038963935175,5.819450890873038,3.1700038370799404,3.5065876638943916,4.25463479854006,25.912745990802215,5.556250222727621,0.4301916065538308,0.9349566105211466,73.11807695238988,0.5787654521701769,0
1.9037957822800011,8.69724404996112,1.8207640955230275,9.905669556237841,4.905883728721773,38.03627385047586,4.555468975790481,0.7139393462339582,1.6568242976885115,311.26359032810115,0.32877747176898015,0
2.7950724528932764,5.888109796441653,4.261826746310218,3.805218231722269,3.927563544229938,31.768617610363638,1.4582740918771206,0.631199627926308,0.6757751925669329,475.90907694250114,0.12605863183455693,0
1.8917134231258514,9.147454354234835,3.7827633002890817,7.631936550385408,4.1023799593134935,60.22593970169951,9.090416152994921,0.6664155319247907,1.062807532488907,425.5811329588874,0.4295336238500891,0
1.8997573345209542,8.37745142369364,3.0525658204608,4.581981723636406,2.5557837437709936,53.13140578486622,5.782256082340449,0.4087105896553813,0.9798409745637244,488.64762712443,0.763860418159142,0
3.22957959619481,9.358027784829472,1.8210111132475804,7.954113795823662,5.658763698832928,61.919077842969976,8.826352448795458,0.48585557851349903,0.6534385776707898,389.0854191633122,0.485746264943863,0
1.1444285079350602,5.070328867383822,1.049659158367422,7.713330063948214,5.714896791968178,66.50313433990169,8.273499815770244,0.6022869174015848,-0.06772556325060974,246.8163983380572,0.4350055576191494,1
3.7086849855759616,6.363883441587548,3.8807593205281146,6.710784649465502,4.733706361672015,74.22358495506109,0.9818040680323479,0.8553550617296587,0.13338255473071614,475.97739781544334,0.3977068293974501,1
3.5567916231735444,8.439313023384916,2.4320454949554327,8.562305628326234,2.070525635736099,37.32025488384857,2.2312525269808345,0.7866180259866128,-0.05288860452875144,241.9849753039903,0.48597098153607216,0
3.0034140496792197,11.653524931123943,1.1237501908867875,9.398263099289084,4.148296863613304,78.85230421036621,1.6235589208733419,0.20679028345251133,1.7524942894461644,207.54257735490995,0.35231750452603217,1
2.779664710322153,7.685263282486109,0.9758730752000311,5.841834872475631,4.516875888354454,21.174561005273954,8.341639421311804,0.32099882501745264,1.4798560115313295,251.68816299534524,0.631574985166281,0
3.676907494418957,7.9706041823754425,0.8270045225067951,2.450942181505183,5.97861689183244,58.577387146049645,8.651976939260983,0.12399195243972469,0.7380421185536621,416.288279472109,0.11038768054846025,0
1.5559905385861432,10.002872623046354,3.885805981027975,4.046426720276343,5.984267820779188,45.05069879803919,5.374120796121987,0.10716451116903228,1.736730412922602,462.9620974319997,0.8170187647749485,0
1.2369074865724858,9.226549301002827,1.1449359265015584,7.607226563781603,5.4304449413022295,66.26754460136625,1.2209451105784679,0.3019379223522176,1.659226079443934,210.956949481854,0.21450859979567072,0
1.7185305097286143,7.092483050688333,2.6332113176259875,6.543746502726308,2.255323968104454,40.75778904548195,1.529042861721559,0.8193888532083966,1.7830831992555054,258.0113554395181,0.6517724918743073,0
3.3837348361005706,7.875714768971994,2.257731804865282,1.8602035517959628,5.81310556311492,63.795397652182345,8.17277836189502,0.9142728923569483,-0.3346784270334012,454.24729548697235,0.4773883968996287,0
1.10401080017945,6.523898592000627,2.8980544961414196,0.6072714573496045,4.450644988607996,74.76265359857585,9.306063337987437,0.45259152930873825,1.1525091132916838,71.16964903790102,0.7848188695348666,1
2.748420505250469,11.76215021391146,4.3857745018559715,6.861319776066442,5.203547081916717,59.92206996050655,2.154861714084436,0.6068787369460107,0.8276734997705053,402.74091235123313,0.8348329874800038,0
3.9863125485739297,5.914440670901518,4.338736950408653,2.585682337890519,3.6287713987434143,63.20707146637432,0.309148249427296,0.7354473417598427,1.2014919135038213,254.39799120545257,0.24399035357638377,0
3.567088281512618,7.6028574919649365,2.255380359124298,5.046735412917629,3.278677884938359,10.03815734493921,3.4433384704776238,0.9576430293265539,-0.2098619082451384,219.43325797235207,0.6933201900658679,0
2.5643370671307686,5.180872805540078,0.07683125367361654,7.492793047874683,3.852976581935232,20.371824667421045,0.49889401854923726,0.9216390135676885,1.0844272143148932,251.11458132657756,0.23041213142913092,0
1.190922727859927,6.552456443534824,2.132219028571516,5.670401128497698,2.5874980518753077,78.07278053776953,8.314154177564772,0.15147307304324195,0.22948554576316105,238.4108039757109,0.1677983477931404,0
3.4941205431571296,10.463297968661085,3.030967687120702,0.9246955728067843,3.4282645550132242,56.98902528405458,5.016820120817266,0.32334925888835275,1.5022753889189007,390.4783781845127,0.9337812963976885,0
2.796935524531632,6.408226626022156,2.788823795490309,1.9372443441571985,5.4304699990731145,47.10867629832534,6.490235631877595,0.14423008955965938,1.386097175485319,467.57638500987,0.2061696169192757,0
1.3447989911787004,5.560443817702759,3.2566805290010277,2.2713490219060994,2.151801945043526,32.52322800473375,4.232551786138114,0.6548881788901462,-0.3659271674232486,271.15512145096034,0.26672533595359665,0
1.2815718544700685,8.321172258911663,0.7703786623654174,2.6528561110839646,2.603512187298418,8.329175090518843,3.5859739607223227,0.7394439848253751,-0.44843417079009096,424.7302036021301,0.1738078073985705,0
3.728880458309777,5.069784643141629,3.232675493903663,5.697493580309992,2.500464638597942,32.68519309731012,2.377564048145632,0.3774550711208603,1.153195163854598,379.3750410705074,0.496777294902883,0
3.0076007888142353,5.593363080984332,0.9132580937188611,5.089261220271395,3.612302170800912,42.41846549671819,7.751218960973828,0.8684667173198931,0.6514246841844815,198.8063535004146,0.9236269563981708,0
3.4878603979502665,10.653381086940826,3.752619903483745,2.1112843798056686,5.9879476035634465,20.859463204016507,7.016366327272188,0.5075314753703479,0.6716177320461467,314.2912165369464,0.3008529517766322,0
3.636936700846802,10.400313414017244,1.6954380663133999,0.768792950211302,2.6934317208455307,17.98525934553744,3.7351440480616445,0.9985433635873113,1.2575459703780636,350.0670537570625,0.5647595242118253,0
2.7153170561449667,11.405971742834272,3.549477166907268,1.797178824299709,2.5819305983970406,43.13124135181376,3.3469381161319935,0.10035972333039245,1.5649123790653698,60.57471735070836,0.4408858002381266,0
2.552339055265124,10.981608051375247,0.23932799453053544,9.845374994924173,5.660222919104617,48.94281767206579,0.21218021075705423,0.198540737576701,-0.28310829817384975,228.17999805090813,0.3692089402984531,0
2.2912822309629703,9.782228942678728,2.039300127954567,4.738614802935575,5.528202067863862,22.993843914089364,0.82281087444563,0.3716139186418064,0.6666186403716505,496.68717913135555,0.593545056700396,0
1.9508397633733578,5.3663300011046395,3.5251726113166635,8.686720496550913,2.1289614799862178,49.05421058421598,6.307904143947821,0.12295683815834185,1.4868641284762316,336.7653921815421,0.5809482561103704,0
2.3037878825761355,10.479940325906602,1.1343525816574707,8.502649420021548,5.00682384071726,72.52549729057212,5.243151640307525,0.8041055119644257,1.6183825135850078,200.40983118129924,0.39139827083980055,1
3.321638967190469,10.918575675883924,3.9764352239861127,5.16404361888245,4.621862805905718,40.487994351601536,4.4610714039532215,0.1474946090841585,-0.13777183498445023,162.51081773032752,0.8580351317377396,0
2.805770293045395,10.59357502040368,3.1538986655246597,7.096208313759381,5.070963239410836,69.3042627190386,8.309521959856253,0.7740816699644445,-0.6875384302074624,144.26672094534032,0.10051350236204892,0
3.6775698698645383,8.559353247156182,2.9378088607489916,2.008244903085852,3.9780098191836886,74.54535833999888,5.138202403147897,0.14731161291059447,-0.30153023836666026,230.73863403434336,0.13097647540894253,0
2.330140043137563,6.630312870546372,1.7677442710216855,6.915127378776392,5.965516873793183,11.929552170281427,3.968037097791736,0.32745453818774106,1.8364985420435818,136.9695607734243,0.991242196968401,0
2.821268736156262,10.917309829821086,2.4122573519055877,2.7966073347065663,2.1753880748438528,12.185868474259774,1.7803122057448528,0.8571491340926767,0.3874391373056427,110.83378192408767,0.7602987664486202,0
2.893922659275966,10.090139668180969,2.9867465048892656,8.337414757866092,2.937486345615223,40.70331371657011,8.242742480503267,0.9559857648139518,0.2557213716680744,213.8284779921315,0.8137324582585935,0
2.7750914869189764,11.865328220721961,2.3623105695744524,0.9288689177782081,3.5861839478944604,49.1076833238277,5.84723285118764,0.47307370839446106,-0.9607469537973695,323.149861690607,0.6225660213818573,0
3.107901319256549,6.08984818429153,3.491566619702801,7.754072861564247,3.7991117662628127,36.941259834877194,1.1061076660430216,0.9729450678812962,-0.8469559512359466,115.87963193875775,0.44886740472513675,0
1.7123004051244188,6.579652081364385,2.168484665534798,1.0893753750293333,5.685469610798075,29.483807781312727,6.559204300371344,0.6641928313826883,1.0060877884241712,69.95447323828704,0.6477655347956922,0
2.537091332637372,6.482587049170519,1.0113659087101516,8.823773445253659,4.240017456309035,53.07455870946169,4.365693305786418,0.47425161018963824,0.7694812061749894,65.58476812866121,0.13795547032827737,0
1.312674408425043,10.547778373349356,1.0696689140052362,3.111624729536537,2.1804439820815755,5.15611342624402,8.151584991162359,0.8225212095711252,0.7265848954862113,170.32291359618574,0.7698807098870548,0
2.1535339829344378,6.308351075150827,0.029018844214705464,6.5784943118226895,3.6314518537026474,77.60549606478068,9.205363050560763,0.36579566812618103,-0.6690313719265853,135.55953073233576,0.563705894786657,1
2.4630012058637933,5.466618808763142,1.5047885777933623,4.92627255834077,3.6659616494762797,22.40593161410166,6.084564969127212,0.33921663522419654,0.05618350869606048,292.66491213056855,0.9588952960111876,0
2.9566727786364173,11.989925646099401,3.744588202392598,3.726401138097156,5.861963753751139,73.78240764372553,7.369805629270991,0.6908929092199668,1.4370744159204438,255.07408417290475,0.6556014948222673,1
3.8515931577586104,5.173720480116044,3.9708135441880477,6.4898741485166145,4.396788364084433,13.17610584008795,0.754590306501224,0.45143862577128546,-0.4752663282500882,196.14497645255838,0.19410791031952856,0
2.8019531996450677,10.846708421112059,1.01233771047875,9.480477507457255,4.542604284635756,22.856538653342945,5.6905034590113415,0.2223262242504816,1.6480617529473092,425.0942753679323,0.5036726092291444,0
3.2307817485296795,7.557567890854569,4.795219984357039,0.5085704990087564,4.853012125005083,22.615527581562528,7.602331787883647,0.16026781176091792,-0.6355650989532905,277.2261468484369,0.10493113675835505,0
2.5187981784856084,10.891308218304708,2.512013967400634,9.196643273242733,5.080157262728493,79.71146781504847,5.068269064885417,0.8090583186236295,-0.4925520096280356,91.18849643784463,0.7581580813272778,1
2.9023120941289937,8.882343438478015,4.584893745092513,6.129908384708034,4.540204280809957,5.345040929441332,6.016790877142505,0.7083196586221101,0.43324988346118554,183.09395933316287,0.5267399454899017,0
1.2127966484013202,11.311418606404521,3.5338264093081557,8.092411577613618,2.948777404535742,52.97286569776219,9.009692218694234,0.47061840214594297,1.8358997133456123,488.00266978846616,0.401170701302751,0
1.7631747425255409,11.483350904902387,3.6121671151120656,3.900362038999348,5.496183657364657,70.22649357956396,2.1413758059057546,0.906604871653951,-0.011356965563729116,489.63979434110644,0.9701219125884372,1
2.085559279615416,5.063687268965432,0.42521810653035563,4.771245450892375,4.928479201642521,55.42052405185525,1.1628157740087366,0.46977107719833966,0.9746539806741468,164.60223599620366,0.9435685930190109,0
2.4174800650195407,5.527885231949518,1.0999556344846533,8.701622442831523,4.967481940387824,32.20503636627082,6.96830740876711,0.7392659243188452,0.7660137679672285,125.25625795771126,0.9551903969848137,0
1.1369462365071512,6.752511106995988,0.044074166472363174,4.206994901117248,5.986226956938997,76.87320220272012,8.263919274119951,0.9182037476865635,-0.5511320904983275,273.05966579776,0.2599217301060647,1
1.420072292659953,9.685207914544511,3.5806382023836876,5.393129710815941,5.210106139453264,72.01405659417807,8.534803848109123,0.8566439128375991,-0.2554992958175101,266.65921317508094,0.7421411159330425,0
1.8304429233739175,11.217905375580543,1.72219144214255,0.2999297385348958,5.316605612620613,37.546619018713834,6.48811607149396,0.5599942987056211,1.7904583179314661,234.5619592710577,0.9481130303423333,0
3.9145980727031517,8.21959365905774,3.933262580381734,1.6701202577966188,5.805622062840634,47.99963694583726,8.365491498073874,0.7125727532020594,-0.44551112904070145,288.2107523722789,0.592326743871302,0
1.9940410213091524,9.248811813919858,1.6946810996851314,6.452696428950517,2.6045359993955755,77.56393908539306,7.066509216088245,0.47229919905463214,1.0850296692653396,154.48792033319037,0.25345232673651263,1
2.4461231743362477,6.319498969568928,4.096668761494305,7.198071320532383,3.9909095059122714,78.69202714448525,1.0562937758865494,0.6824774550647026,1.8940834478009134,101.71820369465922,0.8269218406881491,1
1.5882931382151788,10.634767837171797,0.653491268741565,5.8677492741665445,4.32226809436315,38.73674567884642,7.668026377272884,0.3317971945108563,-0.6414820233931657,306.70765631439576,0.8859223349603762,0
2.8323402132273046,11.771296779474287,0.866865783787541,1.5187693591285458,3.3171029168898305,68.55125211073164,1.9577249575932307,0.491267902392598,0.19754597056194356,469.66909855206876,0.7180736170671883,1
1.842049646547923,6.880192530402182,1.7043826979196823,4.509513742920564,5.357613375578023,27.648517021545224,2.5187715573915335,0.2885911638416552,-0.3282035666717883,111.98717447913405,0.3288752336588164,0
1.6209777353152803,8.463781661203825,2.0424369444113664,3.6154381869955796,5.049678486582893,32.88596546979985,4.067576144586916,0.13436645741159323,-0.33531544778637135,367.1666259041581,0.2311592037217301,0
2.5497178853379374,5.602812773544617,1.743514054214892,5.007047305947374,4.883532298032496,17.361641224266968,3.282757249998102,0.629685865517835,-0.6430424680009575,247.05350932117327,0.6430563111368817,0
1.0165173974812625,8.913956595240778,3.8182351626160993,8.716257442085533,5.988597759032667,20.68884445825477,3.3521870353685386,0.8779864108157178,0.9486535519743975,182.28946537796182,0.5086604985623255,0
1.022992097947676,8.519484092926763,0.4847569631335735,7.781028242720653,3.037525493633562,54.26549766945192,1.8587433371996487,0.12302044716087236,1.2390305297321351,433.89914827659163,0.6853435881926085,0
1.6572064273055733,6.011055389085543,1.7560850981924403,0.9314960637526736,4.941829006701685,43.30862135053107,3.0799362616735353,0.27642676665636634,1.0303817300691689,255.4212625417319,0.15611468218924768,0
1.1101640875024634,8.094463491826525,4.1861999975772965,8.914061057968187,4.205617899623602,22.334889546920216,0.39269338176364144,0.514166553343378,1.7739693728574584,312.4904063305956,0.1791178734956606,0
1.3240772623920742,7.338732564605943,0.33398538631085994,4.770494796383254,3.2519567299755043,35.21822122712394,4.834527277545595,0.699307135158028,-0.5629635738458375,249.37532912296822,0.39474507817802795,0
2.016581948016255,8.652816127136326,4.711717538356787,7.464235234371385,2.6423474828925033,32.98875948977613,7.732191395944107,0.2541062743028978,-0.040463879844981454,86.5623117512988,0.29582227324743127,0
3.4077570387394385,9.099580348001595,4.9315842113600645,1.4863883895170864,5.583535348270189,79.05201534015006,8.650024218403429,0.15102534607356186,0.033718429107367776,317.70710910508365,0.6383716995380373,1
2.7161459301079027,5.059469050250467,0.44284086912540044,6.740123304499776,4.381821930831381,69.01743779085345,8.240199877802496,0.5671438459542003,-0.3037536884592861,238.47843876715456,0.39916350289407865,0
2.5380031778692493,10.327041880646888,1.456362611278685,2.4396275743336338,5.299735350563179,34.09747500378682,4.28128564615211,0.8368387417515779,-0.5733851675291002,89.04047273043336,0.6997722468404897,0
1.880466469624365,9.991100043032185,1.8620033301767807,4.439970881695222,4.181379936006179,73.54374341720248,7.358179515405792,0.13171141838149417,0.4601104277787913,318.1152804885387,0.7803584820004053,0
3.795261158298449,7.564004703445655,3.88195684326363,0.2669424138128337,2.879908322616078,30.697654372112837,3.0213295861330827,0.41443250532312337,1.5033188841422853,54.44191941765238,0.22780919170822267,0
2.191045123711575,5.3705515489817275,2.979634060583669,1.6009453155117128,3.350195252401301,55.09261345511446,0.7445122326326559,0.6971632685140017,1.8636191768099541,143.83417471456653,0.923832643644308,0
1.2612783003873145,10.284527778495352,3.221828502462837,1.0115968819238357,3.526155369894186,77.49874975115844,6.824520948834413,0.2176678054922203,-0.611978103344507,401.4812916073456,0.7978018482722417,1
2.851199548353404,11.686226123346927,3.78754911409253,2.4734673120887587,5.891739250014809,34.27091479914142,6.55820241441678,0.3123520992034811,1.4694716842182078,67.06734118643051,0.6454417620465616,0
1.3415151804298042,6.6810611721541,0.5898949971851286,1.0901790912407905,2.02253311352553,55.99137238287003,8.055968075536182,0.5819433794076394,1.4737433688958248,341.00694412481243,0.9134824120107305,0
2.0356694284050763,7.264672296159265,4.166047284551312,6.949909263533663,5.942664092098028,27.194285829697492,6.237840825688223,0.9579085267277963,0.16693436465770084,477.3681257932958,0.30257531213823957,0
2.522235816153427,6.286690226372705,3.5280990209007204,0.38749503187127177,5.921846540439322,24.9734236698481,1.7375379247443807,0.3586083564193805,-0.6699111275636376,127.03660617785305,0.4506275418734171,0
3.6226675740555274,9.038552863413877,2.8867086259818513,6.215630956187479,5.984603162120546,48.06174998236639,8.560991442091941,0.5387746790986393,1.970024020270694,237.70033709430857,0.13149763138057152,0
2.4806397410203562,6.083889762532184,4.448676673915283,1.4930075251731854,3.9063527156785387,78.44484485249137,6.347077322583268,0.4599377767579764,0.966779091586456,308.9739638169492,0.4833727300992524,1
3.1067762980949927,7.493357604229656,3.5015317694190355,9.45709842606118,5.855235878483999,38.98503865401275,8.11457505054304,0.907657004827072,1.946587085124741,252.68712743022994,0.5310806931178348,0
3.978450516997211,9.879091097539842,1.008499813155127,9.337631323787557,3.5823967273993094,75.32277277374355,7.786249779685201,0.16470087762800406,0.45096654705397543,329.1699587817953,0.6352635774770586,1
1.394467359693945,8.92081188106544,2.1487269053783336,2.33248071495753,2.105177762673547,73.57726401835713,3.1190719748058666,0.6095328322066879,0.18557899981018622,231.84388632514916,0.11083725243014897,0
1.8241945765585585,7.705237950295547,2.4702143346786665,6.182770852407992,2.897388745487058,24.032195925874607,0.9306191535501132,0.8615077292709497,-0.25844357208863855,116.82685805986421,0.08084271827201728,0
2.1837282267929394,7.9417472126527935,0.27608813375202823,0.3772526627773385,5.781184979749538,35.13645553132456,1.9297432090779318,0.9893058193563325,1.9507160053160586,90.06996192100506,0.44889565701704204,0
2.265484535616494,8.934776178362608,4.773187566800279,9.324706576206623,2.0550587733416,53.24768588706373,1.1100508762698573,0.7288529477696266,-0.240228191613179,384.99942027971497,0.22967664666212895,0
2.2330632257966374,5.041053095210129,0.6428863039843924,5.277574351097925,4.1839765416919,43.85344133085437,2.585441834385337,0.4419419280998721,-0.928711731345849,157.38077728485717,0.7708489250448397,0
3.7228330076696645,5.549569079175269,3.487306336133634,0.5279091990360121,2.302406355578716,12.196889739738074,4.703416275654732,0.4706419172805495,0.5374052407654335,431.35264074502555,0.6852994699284687,0
3.1420979334005694,11.168806474341082,2.531155180454401,3.4907499307805603,3.145586313710314,79.52735225953687,9.086743928816572,0.4165139977684875,0.1311514791527464,384.36225971982816,0.35953562566389924,0
2.823715642272111,5.545152923639035,0.12816124942211293,0.8608096724262186,2.3523714028475466,61.449050090846,8.74578380802222,0.6432517898262581,-0.2158524897122065,72.25393295406275,0.09349410190516612,0
1.9281181535883463,9.947625173473536,4.623737379321808,3.990149949796263,5.438114484452226,37.82705286685338,7.242278187938135,0.7654651936464258,0.9038243494435203,140.54500267868082,0.22332144265134174,0
3.471371152663884,11.440267148763368,4.259184044094666,6.732270787397098,4.364282838590823,51.362641224971846,0.43630112356869466,0.8375208072300379,0.09280584469346675,181.3966954517922,0.7070953754824555,0
3.8651815344549667,6.8947852301121175,2.6212896395191776,4.751910089610252,5.6084258628732515,11.567961294967258,3.545614172941425,0.47493379871485475,0.2067526649506184,317.5170119717181,0.9906566486701279,0
3.4635948476506795,7.5934400594166,1.1447116806972262,3.8988495297225993,4.753412798160913,42.14762402672075,6.887014579548294,0.7450376520331353,-0.9308631883178671,414.42215014181255,0.36013738484460317,0
1.0046953155744187,8.982449840913013,0.6081144534004712,1.2796547508506018,5.884116524980399,74.81243118631158,1.4644831890228702,0.9246003328267988,0.7672127856591726,77.14996482129041,0.8118964726171238,1
2.9092041105502213,11.171962787470093,1.816962397160633,2.524896552367198,4.039510619041627,72.24507185412337,8.050660930155905,0.9287423150056348,-0.6337869104588717,162.3240283459149,0.8737416670188193,1
1.1534061443263022,11.593339110822942,1.2771414052304526,1.0914185486096761,4.554842327051498,30.30356341123592,9.162822063878417,0.7336261024431783,-0.35858542331373466,219.2943930708744,0.09577182855055325,0
1.7728216610011656,10.176942736778877,2.5334560050314936,8.094237443400942,4.305235279556227,44.85258978660041,3.67022357705069,0.6732119735312825,1.1513534618379144,132.51971956467483,0.9204105180261039,0
1.178574101043315,5.6063383259828585,4.832046480617144,1.4388742970487536,3.937041717786451,57.30376430657351,7.117262006265568,0.5783734679725061,-0.06027182144826693,295.3814438778571,0.49289256915145674,0
2.8113863588481633,9.684079088743957,2.874767466148207,5.994196328834046,5.383837461692051,30.5006950180929,1.6524005001533908,0.26487790136391576,-0.5103694076848572,265.10111571123963,0.9660300962103093,0
3.0597697404778206,7.872126053108635,4.449655279450489,3.4931300945295742,4.57810054268144,9.865941357045386,6.970001201307665,0.21126668734487664,0.7322724411874424,192.42303892302195,0.5616280360804602,0
1.3434629141977155,8.294906996437431,3.254394187478886,2.337186008086317,5.205249059421892,42.908124253835354,0.4102630404130242,0.5371399061104423,-0.35528651518617815,282.59909911416054,0.27338633440371546,0
2.1515166491349387,5.344038732416239,2.376232632936002,6.430737550971827,5.145455746409652,50.12268018675023,1.6775607667487895,0.24349974058671342,-0.18706535812388492,210.11970395800125,0.9759348920372464,0
2.368709526866626,6.337434975424507,4.273037813666856,4.624322862831712,2.7641806426211812,5.438120009113269,7.156838176764967,0.6192999331024024,0.8640179299336213,204.43733036028084,0.2811396684101685,0
2.1071590652827497,10.533595252735534,2.3568405508649874,4.061440126117136,4.600654130070575,12.168153015389798,7.176132184187801,0.6811324572710964,1.2195853440917448,169.4279864106466,0.8883543162176285,0
1.363075001455579,8.177711831335019,4.343140852551805,5.969234848432993,2.7985920767253365,20.54679826956142,6.483394517282736,0.5730540377680367,1.2189790555867313,293.1970704414747,0.21447206998262258,0
2.256843370562426,7.1116356914180425,1.4578838478788265,4.963549522051007,4.3332819129750835,31.10392152432006,4.878167438965192,0.1327840412613523,0.44673023561249137,249.85192750354707,0.6910291941187966,0
3.2535341434252545,7.688133517754707,0.6440653688149406,3.1044936646604517,4.709738737785202,45.57884171229353,6.814099293485063,0.15195516292209896,0.36289073302830643,138.34615285725067,0.44072702844188427,0
1.2130229935997665,10.980796593279761,4.276572321814692,5.634706748875991,5.988940286350347,27.038218906974897,7.783247823230125,0.20200706621333692,1.3629355526937723,55.834817404189636,0.9734172644938728,0
1.2405400422457102,10.242993121834697,2.9370758189633337,6.728035907851876,2.1221679125989534,25.713786080487782,9.671520258560088,0.23828122448950512,-0.4208958246624488,117.91829327581374,0.22553399958229187,0
2.0643138755079526,6.90620778026758,4.445461991244801,0.36426227000985745,2.3649695764548837,70.20120078598114,8.908682109176329,0.9908943523923999,-0.5433926574146223,69.27557067434266,0.43835493935767694,0
3.825177134856775,5.822512881486613,4.6891360349619156,4.712130116185986,2.308106785484926,15.87879806010697,7.9864351851480215,0.4100455151768102,0.9940851980885292,244.21947513729444,0.6577875078415542,0
3.005717940168742,6.763987551508502,0.2681419518572459,0.6710645173770833,3.5934451450669602,42.15950998792702,7.008623663800855,0.3627760362771576,0.22852080316776613,151.29358426056126,0.9787394021116682,0
3.0360098700176943,11.445295157383136,2.5048465092943415,1.9454135992742996,5.286353445943255,76.4618537702102,5.826724345237199,0.14703997209780617,1.1299953817105428,239.20489963612604,0.3386699227997734,1
2.085759972513595,9.071121864948287,1.8748227453726463,5.649036467371934,5.376225331148543,51.875993683703435,1.3819664688487794,0.6717883516170369,-0.2301993296102921,198.25244301650397,0.42702749849253857,0
2.780982373625615,8.73436146121348,3.129291985350586,8.67527026112925,4.947918382884607,58.79041099208289,1.822457052564251,0.6869717066181527,-0.025384356799699304,292.10666480895503,0.4887023879562416,0
1.0303935520832301,9.17475519784723,3.9679559860116176,8.839776223966,5.587512967319791,37.342774354295535,8.238739694574814,0.2579038206207982,1.6900329475561717,375.7400729548704,0.2900654667313673,0
2.9082881392286266,7.562197860225607,1.4029510798718448,0.7924457003724497,3.29143977667781,6.494912533978967,8.072466539630762,0.9273173868321518,0.2649695804647645,265.69127216023537,0.8264869653834601,0
3.73986084272871,10.64974914223659,2.783991921865858,4.249140354238396,2.3526185770091965,53.459777627540404,6.221697474538957,0.8204441919356146,0.7728604091611533,77.88562742260889,0.13739582546468757,0
2.8377204050344575,8.663003745101749,3.5436428995244977,5.871764181745057,2.2326121119594005,52.394321107109306,4.500633300618304,0.30728738512675724,-0.6799534176450716,57.87971663670859,0.7195504351209875,0
3.621095780399035,5.8172353193815685,0.6721554141786701,1.5559920550483999,5.408530878477546,13.282072734749981,0.4551199682713354,0.5372647578248837,-0.4635124834217238,145.9540248248926,0.5572325214596587,0
3.1719191663982813,5.90345587380344,4.070334529756334,7.677778945773239,4.921745177414765,39.66197852184736,3.4063340367797306,0.512551770578965,-0.8923368135320673,241.2353800493842,0.2798306081864268,0
1.3616752492110709,8.758014025518328,3.0305479992648654,7.467929058528664,4.7944612240444835,73.64967084992378,4.322268644140116,0.4136683999080887,0.27311243528499984,70.20726288227029,0.5181889498573463,0
3.7073599218575253,11.555991526495873,4.7476871855682585,9.043076035697267,3.3587053541826752,20.381362397898137,4.960999604499522,0.8358712415430518,1.9667600134850716,197.48021217795005,0.8384516375844948,0
1.1993315330673247,7.158464851733392,1.6976445956534665,0.18401151962608586,3.519620754472905,39.582406597558276,9.30738106589985,0.1983380370590359,1.6216194579543979,449.16156855281855,0.47316952372602006,0
2.6019024176432914,11.086788182014528,0.5407297116859933,2.2451740154911266,5.832454115597277,39.58273889003903,1.2653521180413998,0.47378281584501347,0.8987267448215208,90.50855983347621,0.16580287666922833,0
1.426411371380373,10.348669106052157,2.5325060051846267,8.289148471028685,2.25521897639174,65.80711011107289,5.28489581384175,0.48522801749429534,1.583289475872398,476.8324293963081,0.08876186402494378,0
1.0351198321927122,6.7346871003483475,0.42905385854719424,6.738742503186661,5.094926947751171,66.84319027470835,3.805638510191142,0.5218530441527617,0.7825080690572692,435.50229897910384,0.7889064794078791,0
2.266102780382917,5.254385238213697,4.847632616620034,8.95445955161506,3.2385332948335726,61.94520647475439,9.902961568317306,0.8752149919887657,0.10630664100241294,424.30152020609245,0.36391148854233857,0
1.8851221229624686,5.712930855996679,0.1934247912859577,0.6660785798496386,2.1562184736502243,32.409061939120534,8.646267359572471,0.29635018318135115,-0.4793607966966541,438.64632989433096,0.9346824617454291,0
2.458001481392809,10.099457536932082,3.7675195055365402,6.009943260592784,4.970280442969824,10.402769376389008,4.500101371541425,0.19263085616104547,0.9591462252806726,86.02261936384238,0.6362898219504963,0
2.7315996602036523,6.397688166284527,2.62551199071122,5.733561091447374,3.3236475427134984,31.21122329180106,9.997016971676652,0.6560276165389972,-0.4208461708277639,118.02564229041356,0.46446969660975473,0
1.1312172169268422,7.598896443537757,1.8431032624914434,0.4531767219692705,4.888590074971186,55.984340095350476,5.237819815420665,0.25645102748024245,0.25228525160018056,110.46759195248697,0.586241674143177,0
1.369009885371237,8.511894162044975,0.3292108225432733,5.183868561433587,4.8306175324724805,57.70599308668073,1.8377544065957268,0.1674388772691578,1.4774055264657893,100.05881483811919,0.48427601266700093,0
2.675927189351276,10.07827717915114,3.110834620868039,6.13425108196825,4.13914750173246,77.37501571075393,5.647571979901803,0.4839842985139482,-0.6123120923148145,197.47004878950315,0.9105205282641221,1
2.0295020595179745,5.792618562813877,2.926101646954776,1.9938024246008617,5.109492516842195,39.023092358278134,2.416816504875737,0.2976817877723269,-0.6129357428296147,423.5975973277373,0.48512077589892627,0
3.1875204626483438,7.84456483694223,1.4044163653379989,2.8059628729341632,4.324153296684974,52.432668720521775,6.43586583274727,0.42509495698118527,-0.32679275322520795,163.38296463405317,0.14886128315931002,0
2.956874945775819,8.395510363998868,4.551108507051561,6.4394387283475965,3.1465474113930427,45.439315304189876,9.386913713862471,0.33373997209221173,0.655751921366897,159.89975554651699,0.6172336372005357,0
3.5368130889697205,8.785789447800777,1.5205500367141844,4.736179381239587,4.936461204257676,16.296392008492802,7.904746052983278,0.18337281645107417,-0.2448295652202609,354.149940839276,0.6418319938428031,0
3.077478480007676,10.728524489766517,2.2486270529605306,8.594335209926436,4.356559263510894,39.590185409910205,2.877004166106741,0.6043124826317814,0.5095938117650021,93.6162959615227,0.7770635691533829,0
2.289793232170444,6.201747365302518,2.7188122795932785,3.489579483490965,2.050909126759682,45.862636601674566,3.10921452466687,0.12431657623553712,-0.09405216682093853,212.1259965628658,0.9366199344734584,0
3.018899867183297,10.654820162786356,0.5011593908814305,2.7399306180431915,5.606576711081237,76.30622045316939,0.8790243902850579,0.9697378131949596,0.5187266147252165,182.94183807989944,0.4709275980172779,1
1.8261435227662557,9.850148993876566,4.660808596068161,9.850172809413943,4.182574473297254,32.4904290806717,3.0015047893335187,0.4071974695614696,-0.1671056529948094,431.28538885823957,0.3844727762769405,0
1.918940496334638,8.891095699392714,1.8726807622552055,9.120244124287826,5.474509061918127,78.50743273309833,1.107723036842609,0.7256417594408234,1.940037126825696,281.52557493145696,0.5162324649601243,1
3.36695547976238,9.896695092818003,0.40389606937171807,0.38702817548990065,5.530947355928978,45.67250555180633,5.0945974493913,0.8293265852927049,0.47815370342590335,340.91310385487344,0.9051889568157323,0
2.3392585492047466,7.884124172661595,1.9364558683766497,7.730213291535002,3.779866626940354,23.185193247729316,7.141801379082925,0.3511943159855997,1.2309303023247202,108.06545219280585,0.980983262744694,0
3.3951410215550575,5.9687831017768715,3.0010127354629033,1.1923142608695094,4.030639985804924,19.374829026185584,7.561575382691754,0.7738648381990614,1.101639676694615,468.0132172501596,0.972673256283055,0
3.467267121004835,9.660356681857571,2.568263359106648,0.3721034288107724,3.6630175507024076,15.627118794517381,0.7833864760321549,0.8491787698822386,0.47167812444308366,195.1034693562971,0.26821073716496663,0
3.5726870129838515,8.672706146799356,3.47270987018637,2.809585608066854,3.797747101232182,38.969965293008975,3.5315678027343806,0.3171855104304522,-0.2834138149962243,368.07747702942265,0.5220505934837825,0
3.749905707523622,9.475623603799429,0.27741971033955315,2.766524202704933,5.580588635886912,6.644482234169242,3.0240833121648505,0.9932452092064654,0.5321548337385944,479.5817809619946,0.2965003245622609,0
2.2929556615398887,7.36599146719943,1.4227030513602807,8.21125574723495,5.152576055871644,38.378396248614905,1.2221431652758792,0.11861981455788043,1.0429148711613037,278.8919877272011,0.39958364324869466,0
1.9566004549634166,11.348066041378852,4.096152884200511,7.135605734834068,2.506102705262312,79.13035191169597,3.752218847133656,0.295300432211987,0.3797578116896354,278.39086643023495,0.08009990026446975,1
2.746596239782342,9.111589080029038,0.3994684389568043,9.817933330586941,4.441231126160384,55.258009679169994,3.133337069564514,0.8020186806492936,-0.7542246779117752,102.76224060130336,0.20257112030800428,0
2.1135172703128826,5.597817390036116,4.2774297734797875,7.143977713087002,5.983626561545369,61.98395909003035,6.418092447524913,0.2747179225501776,-0.9460503113257481,225.62400039040813,0.4272221569526758,0
2.803222500400699,8.148627934931,0.45948046038553125,4.240729977234874,4.382202804929943,13.92540430386969,8.856366104590386,0.7284338769755858,-0.01636957459648447,433.60922249669096,0.3964694006119111,0
3.116757587931474,10.29449238320544,4.172271074458481,7.019383843357647,5.143486502372422,40.48256461175681,4.657448864557516,0.8699773644846133,-0.5493282217200642,110.79792819452675,0.31489092357477116,0
3.0652150554764104,10.558941932125906,1.8039420053936333,9.994644765145381,5.076245893524684,26.466732576928543,7.517318693114823,0.9632928453708341,1.7185707377779869,462.87685875229585,0.26879409823198824,0
2.123658661060364,8.46217936934631,3.061045316286079,7.130404637369028,3.4012701034893142,72.0573145991772,1.630901597684608,0.5268227638602426,-0.4725019897452254,350.2892364739955,0.7615079287250207,0
1.5005806050962585,11.263232995819108,0.7644355782399909,7.640645424205151,3.4873972108158355,18.59693540104344,8.970670510709873,0.9739982106839057,0.18284814203469835,239.4319257765673,0.3298222148208215,0
2.2915880153866226,6.873679060360082,0.33084360862590423,9.389813650383568,4.896305687161613,39.40499953525565,1.6954284345079045,0.47046006701351073,1.136232536214444,295.92428833654577,0.7212164498896062,0
1.4277824322457262,7.874190880667866,1.0796910201006753,1.2251474869856653,3.9999341264193404,49.10357887592283,2.0825915698740154,0.2963152357069472,1.4462649800481828,117.72347348151541,0.4001938536275806,0
3.670291105551425,11.29017837398279,0.6392690895434777,7.077364505132496,4.282282836521552,43.553081868389945,1.2433452751592295,0.5625296677762528,0.4331394595343927,147.86748191197893,0.8118802771217798,0
2.0376323822135722,11.273797015301053,1.562029488398159,8.522978983877744,4.851623161459351,67.26826459778056,3.234859114901258,0.6848409198803433,-0.4565949711748236,178.88379218000276,0.20887168129857503,1
1.4633792416699714,9.799989381772766,2.571916232555101,9.54834814218684,5.110300108156201,22.35898784897303,5.613622377812156,0.5121669844449495,-0.18731432927244085,223.18075317848653,0.19972368635109927,0
1.0763432797172525,11.01286382985554,2.9437973178250476,2.188595968145824,3.0860663109322855,33.30433328177684,9.882342291782003,0.6102751995701124,0.25690534292344136,461.9848977468431,0.6956886536889542,0
2.9374671588594525,5.621412868693628,3.9493405368987142,5.0888971764700175,2.5871750377478517,64.40632224304645,7.9750067396439315,0.4747682689544698,0.09378376797674903,215.40606123432065,0.9191694797184125,0
2.9107069523642295,11.054964833454434,3.281199466241793,6.83749299168037,3.167178586894901,44.60535588026036,3.928270868341424,0.5722857586191249,0.046018271508969644,285.72585817379945,0.18583736959122776,0
2.021812499743875,7.2443393458515875,3.043791625647765,2.549930522063241,4.030153300368302,35.15880392359679,5.843291367454992,0.9573361047519054,-0.6044385947300072,122.91177263802899,0.12001938695162614,0
1.215135666542953,6.248320586997514,2.058910137428873,6.044681346177713,3.3685652691881565,7.208188605862363,6.308418703204237,0.5498480372826988,1.739930756512849,381.1879404734318,0.9379053464807325,0
2.228886684685696,6.6755888543943245,2.3690421748006933,2.6500299467301938,4.273451035390375,61.5039068011707,8.262726768224,0.32786166952833423,-0.9107301807468549,302.1263820800157,0.16146059667252846,0
1.9336524851901808,7.9257795560972095,2.0726041469509053,3.4012245032633084,2.2138628965025138,77.91365584750702,7.4172274971140455,0.7828719593613136,0.32000638362725375,247.95835609251736,0.2878485737773986,0
3.031361919205028,6.758344032231271,4.210830150306916,4.471035095457564,4.039001646455069,51.52152571163825,5.779053044317176,0.4038260120033944,1.9409644775092598,476.2339095011871,0.9330194590490767,0
2.817337748358071,7.243973102115493,1.1500022627419992,5.338981977591013,3.4719396277508316,69.24059155165959,6.7579936649886365,0.8345864537392517,0.9791718164723062,450.7928798638265,0.8127719983122106,0
2.09378118459262,5.944849402501495,0.028604657709823123,4.548722129088991,4.13866701957153,43.76568073961946,7.509992587436417,0.15115779008549665,0.06623199119924994,346.78007255502376,0.37561992297442914,0
1.6536776627649703,7.07323735891299,3.256599486131196,4.982635645900499,3.690133419539907,22.376072406752343,1.5048117795073623,0.39896017939782225,-0.5617072466404903,464.8155827704372,0.9568013336737637,0
3.9641078984667755,9.005986701794008,1.012310918194157,3.056028687254097,3.13690340255017,6.08315781763591,2.1644635207927236,0.1849239174345755,1.8916178169372828,304.15180771988264,0.5896460875388007,0
2.3620048635883446,8.092975956637448,4.450575681549046,1.673754430824043,5.616431621830543,54.00487006924919,6.948126031293665,0.1767860418212483,-0.9580409143805508,422.12171827187007,0.11863584949630858,0
3.0648227073407113,7.427031328651378,4.295231648533281,0.5687647755357104,2.7390599536854277,41.98316361861835,8.534170507478795,0.6925506032551935,1.0441627118394305,234.25707388333382,0.7179135334044239,0
1.4216589027350823,10.225164901999797,0.38363685964102945,2.04018935266751,4.725462302322239,63.65736103157011,4.210770370457725,0.44680132121824667,1.640412414335982,89.03488610657644,0.5604134899321368,1
2.456769098978193,11.254569799753225,0.5319420270703867,5.861242050907252,5.698578850329657,57.10118130764784,9.80292516021782,0.8843310477866013,-0.9245185303412734,497.3668652880993,0.5939586479931978,0
1.0826101596083966,10.297524560316779,2.4758579612333316,7.882542933251011,4.154679838741732,79.09642761549236,2.3175029801990545,0.5647646240861762,1.1755245922715032,124.53418437195764,0.9943990321091917,1
2.51636535373135,7.324004914823754,3.0461133138467735,1.775551214684656,5.505633954317928,43.27344375590298,4.283652964025701,0.3658088990550544,1.9965132837642048,163.17951766654517,0.19488856913456443,0
3.892052221353107,10.211095174862876,1.3745416874112037,1.17469804194922,2.4994059137331375,37.0381092254757,3.9095258259398813,0.7487999991659753,0.9189274057200483,123.39652524117777,0.6739561052734977,0
2.152620138957401,6.063861277318359,3.5839885834968532,7.517974569437578,3.9751550810256324,26.50547670794712,9.316900219119004,0.6616151124271297,0.24403684353019628,201.8657830904353,0.48580404236820707,0
1.1169880377247348,5.912225916639036,2.9745801045943576,3.1210674723191683,3.8281011219237575,40.764596884345586,2.996709472210888,0.819635158746283,1.623202158068846,180.17606017685245,0.30829846864359584,0
1.0928673727580307,7.419389259253112,1.6241205487427735,9.51984444835079,2.0324752281479794,70.46536085921916,4.813749624813713,0.6792294487076965,0.6625377392678848,320.49601184715567,0.7088675520798147,1
2.1639602798406083,10.6539165833084,0.12685744021157797,7.171747909042693,3.773029365437338,8.182979434380595,2.034891628230229,0.2503120753890282,1.24832254036982,498.407006488678,0.6848021668874998,0
1.4800748093895821,6.724437730696113,3.750751406492588,3.334884867706006,3.4761190255303913,78.34250354646416,5.30840913791195,0.7032790339003594,0.7633369754555148,73.62907496850582,0.8636703527173536,1
1.0700562889845577,5.442773862290757,1.0737683291254134,2.966473203157679,4.679194911098461,79.49803957308485,8.602560860743193,0.45239427785422925,-0.8851267225361522,400.29940098199495,0.8849257734271787,1
3.2686408418505306,5.921966746444486,4.172368717313142,5.284614024085959,5.753319114306074,49.83660339409263,3.1795867265275293,0.5168287272318113,-0.36056503538395734,107.59636598291894,0.5837284803967762,0
2.375569026645672,11.01121477970706,2.101451300271276,0.8835322159542733,2.343164353048146,29.865815277155104,8.145762307195717,0.9294081181636102,-0.7637092780397512,58.92576108449704,0.35929393776433155,0
1.8677343159179636,9.436482993231014,2.885387213158827,1.26499747518846,3.3099055468584924,21.728672624151784,9.130853505321134,0.4239676416679723,-0.6799367128503311,337.3595690520627,0.5531014279162378,0
3.7002495490494423,6.7724081435898364,4.36474365204501,1.840993025030306,3.7762589495770076,25.736779676365906,0.9149873192027236,0.6507632286917548,-0.9537835192357841,442.9918529912153,0.3912923703677197,0
1.3484168806015768,8.88707077729727,4.3181150045997665,7.769763573715146,3.820741512137533,8.75790698787289,7.61296045592866,0.42713356007101566,0.26349493704245885,129.33432799177788,0.3134882798281308,0
3.8677564868659577,8.693057356977452,1.8575978762178664,5.187187856764313,5.099238883369015,40.63332188625191,2.7023656742748106,0.18525473682201257,-0.4640451047375047,203.7262030888763,0.5739966088883084,0
1.9419001521320585,9.588051849084628,1.0444444635742156,0.20461451546698511,3.7735826633337632,9.299320314830439,1.9182110928589655,0.5081728078434705,1.5670895614819154,125.93759190038473,0.6750374654549158,0
3.665211016926044,6.632312880951314,3.8757303886429733,6.767813621973879,2.1086452058146135,58.88556610819439,6.090999441845354,0.6373553540136867,1.2501126126219813,457.9284061863127,0.6110427225648745,0
2.8088286294383846,11.050820910360784,2.1654010180106558,4.294532768738921,4.840416378371325,32.894709164964056,7.1149056390412575,0.4667529628338388,0.7195309844464881,171.66219458815516,0.9566985452951535,0
3.4801220792244623,7.16557993456009,0.9602099677950204,5.157438413141599,5.539318780582686,19.952354881037238,4.068657660205095,0.4515995662103659,0.4670640360511862,250.12080113274612,0.3337043126262666,0
3.952039489631393,9.858921577833659,4.522126711585751,2.2197508097880623,4.055618850198691,45.86401683770288,0.5839023294054678,0.8383406625049573,-0.2323940782720726,452.63357432738525,0.4037246008019404,0
1.8652163134562372,5.112872524605504,0.9905209712054369,5.562644061101626,4.324434086794021,78.03194804322602,9.105304337128572,0.12671665506052318,0.42485439762495636,298.7911416932023,0.684260682062376,1
3.883406456222779,7.608599909259031,0.1290358409561554,9.793617073539737,2.6517457558761843,57.13482867638137,7.361319785105452,0.36602685706610794,0.9236878275932323,469.78241034591764,0.6203406961284266,0
2.168445684707261,7.4619687257116585,0.10139986883709984,0.8271024409570384,2.882583778715828,41.88101375781201,2.862334705493544,0.8305815388394905,1.3466865805783264,466.90268659116754,0.051770216070495347,0
2.156535714210767,8.8043910000811,3.1115767822713214,2.9107822566778636,2.940680956498447,63.26857244408797,5.069265786298452,0.9284771337500474,-0.7549538012212198,257.72045895217445,0.3466711951004041,0
2.021161312763517,5.509153832440376,3.3083753035876518,2.505676169322215,3.722967899525181,60.31073539242415,0.47236934167736455,0.4710696272567455,1.12539406623665,312.07217573001674,0.2910737598452056,0
2.6242228220427557,10.530919616082759,1.5552085252849195,2.560638176436678,5.712580883582568,71.88015957933453,3.5249712616982305,0.8999148188764687,1.2281896302838557,153.6414231708216,0.8479191423137149,1
1.4624351295354612,6.52446561237298,1.6000549462353169,3.8491929398972355,4.087139066859544,20.350171069546064,5.320845308734159,0.27903710991252945,0.6769166027745692,495.74111846052347,0.8729362943406827,0
2.6611344560740333,9.739264704174072,1.6974695752997138,8.199286868967258,2.7683905808054106,69.4158182194049,5.268791428139252,0.29928436107415535,-0.3570424128903963,175.2424971853077,0.3196984839796003,0
2.625114437230012,10.622484862708653,3.4007927337943933,9.137301030647436,3.0643509434757985,27.576956528127415,2.2402118044837036,0.8615722389263232,0.6175537625035252,402.48814459142807,0.14696759594615955,0
3.28570543781461,8.93313869369059,0.2906689551341429,2.101929365843836,3.536060118908737,75.57491958688229,7.81212418860213,0.9129319672065563,0.5081146454459311,190.83607706985168,0.24494184970576444,0
3.500949885812757,10.186182447053898,4.6455817634566285,5.475204385686316,4.493035902771197,26.07988617100514,3.1288491535611063,0.30052519116640075,0.42713028916038853,190.86901794040327,0.21773997897310599,0
2.321324050937272,9.633022185505038,1.1126052208872323,6.405299824438255,3.7601326120160214,74.51364073720072,5.888018227144133,0.15339177097175,0.38191974640155224,96.73831701542574,0.27556359132083513,0
1.9069997480544814,7.488708580064053,4.998366026210461,5.266091996202064,3.5697793767076997,77.284303584806,2.860917810272153,0.18129172334975896,-0.6675233011254408,301.95311485846094,0.27291265718254454,1
1.7780046919512835,10.662009773234956,0.8576134689359349,4.397356302549504,4.258914401595979,15.911851809276069,4.366645155270348,0.3352427518387269,-0.45132254542790573,160.17455215769417,0.5058467164559247,0
1.5838715101146157,7.062909589198696,3.8577322865618875,2.000557508006455,2.967339979817862,78.08749124470873,2.2336433274522567,0.7853041694321153,-0.708003734645973,116.77764099092846,0.35365931170068626,1
1.1729427465970748,8.99849042426062,1.1170627246481253,4.933371656072461,2.3156130903383287,11.429222632196172,6.403476366813976,0.5589926450166546,-0.2725665169960467,152.00001253253006,0.5818306633126716,0
2.02734393650414,10.217784173990776,0.40423400821626987,4.072026794342156,2.0976572592888885,21.392583995939148,4.370726729385237,0.5100299580184927,-0.20956965180798104,162.99192067881347,0.37692789312379943,0
1.8107430763923498,7.652691368687553,4.374666621753244,7.97607728877247,3.0050366538685083,38.31265856546034,0.3579495839800899,0.6257259380494008,-0.26477241552086384,276.8375552537687,0.823943083467007,0
3.8992521575992223,7.119373253321975,4.293756295954459,7.659683155713652,2.366368136577875,79.51980242837826,0.47601694136430767,0.9012008021159675,-0.36721279544318974,223.665366450003,0.9532528538945507,1
2.673126478750132,8.215422071209758,2.017851962248007,1.4265869439361403,3.345362554083067,41.64222883740345,4.817116321019938,0.1813873416090918,1.2062661364543668,83.97062645988204,0.43372253068727346,0
2.0418311170915224,10.725744460444076,3.511980712702134,0.976338620374369,5.091734161439023,46.28070823838644,1.995613495672473,0.7252517148729232,1.455696198794354,291.2128623031375,0.09699510804722714,0
2.7414028029810877,11.509452342019653,2.785329663419586,9.09072403795228,4.865177321947353,57.08187121427364,5.933412071818476,0.9341117610898646,-0.018672350282290417,404.48635321494413,0.2775993349994474,0
1.4175901040370866,8.81558389001923,4.264780568368744,5.401533050748527,4.443710491152116,77.62201687047136,4.20027946136581,0.29201503758256,-0.0846133249466533,308.4058224022979,0.14676525599288964,0
2.3321312476066085,9.630263437265562,1.575279846593272,8.592229279097648,5.4100009755179155,63.75135500931833,6.613314388289283,0.853995084365651,1.5320970492575237,488.5431135132968,0.37752571432226134,0
2.8787029642631916,11.3229153556724,2.618361999994926,0.6756960936073714,3.128270498177107,21.811550331777394,9.533472705826725,0.728222239683552,0.8717717049973732,94.61759366501212,0.6628585224711611,0
2.466693495377354,5.6898279598905965,2.4268618560227524,5.31250460356414,5.540215012119862,27.7243197998266,5.381614120993486,0.11302168246583022,-0.11968502563282746,419.51855154114924,0.5429625134972851,0
2.2053364019629726,6.624550045063155,1.7695291312842936,5.4403224943047395,3.5969566786767166,12.32211797063933,7.916310315182977,0.30845051232591536,1.1408368777597468,277.56170145379986,0.2807318941262565,0
3.9815451666990946,9.962300043761077,4.457275322781861,8.620950122167285,3.603573273066506,53.333927312355485,7.579801763896184,0.6452602848062927,0.03377843069950215,284.7178298953527,0.7788961000105239,0
3.640944286446781,10.766211233386098,0.8293896233126774,1.0663389824741043,3.621406454502086,18.555522990441617,9.233552822373879,0.5521603055420905,0.7596668430265192,283.5949705922968,0.17490669291074262,0
2.87021787447832,10.999203198314046,0.7475431976034808,2.480411080391502,2.392377464963926,24.305366635952428,2.297375098932461,0.5751426272741793,1.9779020899634046,196.3934725584373,0.2667861763684661,0
2.7081320835468485,7.905750237984528,2.8845476766137566,4.12472930748143,5.901961993324223,71.60852413852828,8.30780431369242,0.30873738214614044,-0.09521687435190018,196.0497564081136,0.6922447930630411,1
2.861981439473752,5.625379316043068,3.28747114992471,8.671830606657428,2.5540271113006368,29.50667564990114,9.07409970934593,0.707503123637764,1.7915780021249992,334.3300279891141,0.23737266735442347,0
1.6039363234672996,8.064470341097339,0.9730962716228259,9.394944819198614,3.363542897876738,47.49850387656252,4.049077213286261,0.33977653384309925,-0.03804275714590555,70.14428842240238,0.6948245800846599,0
2.185413229792956,6.615142131449376,1.9535872112731205,9.927973733976916,3.2772012813070286,34.81745065918828,3.2753987070698884,0.4504914698306085,0.6208601131244702,314.95372038581155,0.9780942827813425,0
1.118378598672698,7.038375184976369,4.732819214893719,9.596015515939364,2.2987177312668385,10.552346555443519,9.52995191484722,0.4320243242920686,0.3799513687971199,376.06582319491196,0.8397856228363455,0
2.42663811246048,10.40587289786254,1.23308711345337,0.15882338285910869,2.6090405204475067,32.21478724225288,6.350801656960907,0.7048225199079087,1.3494786870318083,210.3468320639381,0.20201001334477764,0
2.6290737518729896,5.528689602181208,3.3418035105869706,0.5723125803933332,2.1794333447415433,35.60511522769481,3.9306295553663904,0.18122748551489565,-0.8167219015540156,147.810622756835,0.5444735004280908,0
1.6832492083096287,10.793068522364916,3.700746968487954,1.5613075096601279,3.169617974242054,72.17758264336386,7.959911665129977,0.2849877109361667,0.8813669122059915,146.024110725307,0.45120548526086035,1
3.8920865414965413,7.993683600769184,2.240643497325798,3.5537347580257044,5.466627696115626,29.333799023475464,3.183844235834008,0.2804473636165611,1.2820008330464687,86.8278440050547,0.9920859425717272,0
3.728363832811726,9.172447517704166,4.687629933797915,8.31618850677089,3.357768822949538,33.44308398215509,1.9287943434846484,0.19758220670413912,0.4164345541463579,90.37369364288374,0.9661806666535536,0
3.1664297063677176,5.627565618649753,3.6832836760939527,8.937296333821257,2.494767328269517,63.71725765042509,5.530902430817514,0.2868354809528132,-0.6841221803865839,125.00954068756671,0.17075645013235963,0
2.6001598862960877,7.361513548500957,2.289622899304489,1.9496606223163722,4.582775473535672,61.921748840869846,5.7488780401239135,0.6463542411310189,-0.2655849595455607,58.627807273889196,0.9132943284155167,0
3.6099074789430547,5.62790643310392,2.84667600888047,6.234675101035116,5.9864036482196425,64.87139574863681,8.292315526219912,0.7589513537867694,1.039017110302591,169.80593338588292,0.2337474211365358,0
1.3919570314703886,11.730806060167767,3.4630672171255035,9.181883652146238,2.9292951581277102,76.53280550570031,4.678868079200215,0.6942731022722104,1.6863121565009456,187.88082316158204,0.3534789266271118,1
3.371529382824655,10.650831545283754,2.960950902146091,4.690944185720076,3.118284021482278,64.66681237960881,8.182948087152347,0.5276693241827941,0.264825821001466,497.8495640102589,0.3857375807443962,0
1.374462441900545,8.217429280495221,4.393487919130379,1.1250813623325613,5.887388217123155,35.57061524134182,3.2509622576137174,0.1471911139864573,0.6812361052347775,496.2594819452564,0.3224809428657304,0
3.3826319876482165,6.565217838265697,1.784443311402006,4.632355135837787,2.7151051502019485,66.6131387673569,5.838608381342362,0.9631063096180975,-0.31484488981941383,134.17198107668816,0.8605816035085829,0
1.8273027047540709,11.534185736748967,1.4994287002790245,3.8203695326517666,4.0448562698366555,43.150597406745376,2.243033233227015,0.25126881475374274,0.23663994211061423,145.86447114361602,0.3634357855825562,0
3.6312717430545667,7.412176170088802,1.0691944474763215,5.818814161053469,2.9586085320643796,25.828552438892398,3.9773703189826453,0.7015792333651037,0.010369423311474613,271.35786675219464,0.8259014981309316,0
3.8321262814761936,6.126891021811623,0.18891484032297567,4.442720975630326,5.729407591604975,27.71878010982593,8.60388903876194,0.9216015539339,0.9665766439145709,116.95295018196957,0.9946579756797094,0
1.446387908215347,8.942150719177684,0.21506982190027668,0.2717246758518076,5.926084058305176,21.788179142254876,2.3166842956703997,0.7279993863828897,1.954096855025333,276.81773367118626,0.8487234609356934,0
2.3880268151961808,11.606418842413714,4.350275965546414,9.940577560795344,5.258791384480062,15.874471836481506,8.140346736412823,0.29624467617005523,1.4399103559570587,229.72536716228345,0.37883578011257757,0
3.9429621344880554,5.026812033502258,3.3919657320295364,5.4810483535326515,3.2591352632512423,18.836780889023775,2.972142246904581,0.38421666888762074,-0.42350624522144453,196.0803009724426,0.7256897737422193,0
2.45022230791944,6.666873902777992,3.3026620771824304,4.788944479297634,3.61394990112202,9.738353746536454,0.5379992528586461,0.12718528030998566,0.7330357799203004,420.1723268643989,0.5572272746415197,0
3.5906425675436355,11.569133482872854,3.07321409467443,9.550711977890135,2.9692227346656854,71.63381486992897,1.2773587865570935,0.6514824167579022,-0.8007648551547952,422.65296499687594,0.7971918946892381,1
2.7661945663939598,6.197601768000134,4.246095723470525,1.6430176391120634,5.563031868035965,74.82558572368424,7.509619544143725,0.65169368279341,-0.2592535394720934,494.55026014267696,0.19544252491392966,1
2.1259897237588055,5.792704161478739,2.4013346283281374,1.9734522651979578,5.658233110752633,49.00777943704216,2.768295079721053,0.7529505232387413,-0.4833469718188288,150.389651336712,0.6562278630136087,0
1.8573506665776107,8.99131051059863,4.352054142791502,8.099346015721556,3.6754826489841887,68.03671674565138,6.610626803964468,0.10989666034805923,0.006636612918388796,449.72487371468577,0.7849834346746479,0
1.6096692732582618,11.03290676306381,1.7972251309111957,2.682227692247587,4.6261322796120075,18.767832698986034,7.052149247020885,0.8360571599420199,1.0364419071326405,292.03066835326894,0.7731697686363082,0
3.2853945741330914,8.339768723857482,4.633537521695453,8.012348352286118,2.6622127190987754,72.62553689202389,3.582160951459912,0.7648398616602773,0.49817995075048027,316.1567440995584,0.9654133553235925,1
2.1596215204690834,11.961949796791673,3.4932849004062003,2.7881814807941754,3.739743601453636,42.97711697228812,4.854206074669174,0.22679794857167995,1.798727779487653,453.3319464496368,0.10549081174510407,0
2.5338263866022537,9.754201896765949,1.2858856801221363,0.4285575392275147,4.5259964266939905,10.037374445416631,4.156917486466944,0.41286394834208073,-0.361753480454474,474.183858370244,0.378490400637676,0
2.4769764400035457,5.518524350473134,2.8204246084431257,5.218445766478488,3.5416124740720782,15.598455837062016,9.484020164274433,0.6746724036137951,0.09262743876182045,377.06506596528675,0.5027259027018669,0
2.7318370876993936,11.949824921773828,2.665152807441278,2.0471956978559276,3.4303981027458397,28.173234559011288,3.3354988510455565,0.5462171874462951,-0.010442269622591538,206.52909437080575,0.3442753519724771,0
3.5967314368736565,7.855259657461334,0.6894941086516698,7.602678300031464,2.0039959690677707,8.266818526606357,1.9965658138046156,0.2035848375111362,-0.29210912212021023,270.3505953508274,0.3443000379888473,0
3.942218030750288,7.011817736918378,2.956214528753071,6.4478763689982665,5.217173855108456,28.197003351308272,3.7828098601806674,0.17861083762293092,1.9795123073787337,326.7742388243494,0.21732217635543005,0
2.222752625721451,8.9051542850452,1.5739281185847898,9.243666412981385,5.557350448085793,9.494782483916884,6.76125393449972,0.8033106691972824,0.1616766363291633,422.8880175437436,0.8223038328739474,0
3.4825567663189094,7.13015314274605,0.26174383404801216,7.851584736930786,5.877854118183329,22.702070389461888,7.03415436554236,0.24037040621602884,1.8215269414987953,346.0764674198999,0.9126655921653153,0
3.293583383964153,5.605202549841066,4.743280788532824,1.8896819529231959,4.8770855402768625,24.92523168923312,9.255761690528068,0.25488340653739927,0.17142042155896853,214.45142750943037,0.12821099159316302,0
2.7205868543667195,5.009998401554237,3.207451845321439,8.021566542981484,4.195169249479538,79.57767322750954,8.84119395178293,0.8478308128210819,-0.38772496377801724,238.04620311213247,0.19715396617038367,1
3.8681414308357995,8.147083470441835,4.384594659354235,6.453196743658831,3.0771380792348375,22.666000532274833,3.0255411000893004,0.6509256711068954,-0.6423810079518666,72.69696591767365,0.2670303498782605,0
1.6014235465852082,10.858043955586146,3.3802800250662655,6.722621253430186,5.997197903853994,22.938983670393522,4.660599839882446,0.6442440473385752,1.5666895795265154,465.92053719671117,0.5335381096614606,0
1.3277926309288643,9.006206299410536,1.7849184607005646,8.339402571104472,4.359011418128422,56.50917262687887,7.523236084197654,0.531411194227006,-0.9037070785447653,89.65355599827195,0.8016134316359187,0
3.561885900866266,11.994451092604086,2.563440361644057,5.780858284970508,4.724616289321785,69.4518108887339,9.182065349899846,0.6120955129620619,1.8931837650178442,310.96885580849516,0.11788274852670269,1
2.317449449901245,7.0079265195304,3.3787338017358852,4.713434792094827,4.729624647821271,34.02915594515649,3.50421712599754,0.64159272133463,0.25457363535664523,442.2433465574698,0.6549723363755072,0
3.5409065626211813,6.963185453320387,4.801261626007188,6.402746250051407,5.381007183028726,70.67135149555193,4.55552605493456,0.9710436113592222,-0.2578769467469286,239.38936228175322,0.19186868345689878,1
3.679270615586245,6.11824622163761,1.2683472956084825,3.049778546687755,2.038690155387677,30.510651556081783,9.014887050445367,0.30067597672082136,0.8523383966460876,410.05646938011716,0.972884214482452,0
1.1873727808572143,6.148445117857346,4.374885293120588,1.9077115977622832,2.8809877617254873,19.776190971126447,3.713141956952543,0.2931061777304132,-0.601261024491441,411.7172358363328,0.9038347593091547,0
3.650394288958182,6.996306172070335,4.620389026471347,6.2042195969053395,4.662136000680055,29.722911824579263,4.909027264679011,0.15149663893478413,-0.7835632793009327,76.93071736381111,0.9521037064984643,0
2.3449571661082667,10.54988031691469,3.3520775732947827,2.4150988539462293,5.5805829472982715,50.70172804459943,9.064140583937172,0.6923789189283901,1.483350055728701,235.46467657882474,0.15085568370357266,0
2.5312974670126964,11.340297534455136,4.656333137006689,0.8911595825314066,4.741355127685425,32.53573694840553,8.061983536300513,0.5941379627400357,0.2740123238759802,360.9614690091696,0.5136345637114823,0
2.879777533279631,11.82561018795377,1.9893929373868424,0.10548642739401376,3.6539651659747205,55.46703529919666,2.5856230650960677,0.2001152834619758,0.5547647363135959,240.05907908099732,0.2069842386484565,0
3.77914782019026,6.626027578675169,4.7650808802022135,6.122362073860664,3.4462219834810464,22.77019095668618,3.3829916410369476,0.4280850416063685,-0.4699119733748054,295.32526168071024,0.620337773244008,0
1.0573482832892922,11.16908281929864,3.5139143858298745,3.685272956454345,4.951792033133282,57.574467049186154,3.6589955291015235,0.2607968847980835,-0.8157272664191731,317.506057072988,0.2711021570287709,0
2.4305304049534513,7.297785624941359,0.2100288370940595,7.547878609667214,4.964950788548774,31.057877243635,9.144837039624385,0.39833356636077544,0.10332839795554016,118.05321952905912,0.7820994342005222,0
3.063166127291682,5.789883811618191,4.534364159095264,3.8142463432997147,4.428231970022761,39.19012787014509,9.989550623624483,0.9561377524551491,0.518438757140268,235.39154276683843,0.6618024706171843,0
3.1681208730946855,11.09017447864116,2.422364045165963,4.9114341375584445,3.165868096389348,46.83088553321719,7.785242161123312,0.714986954992476,1.2962918656340836,62.808449757604635,0.5930243645729053,0
3.0775972946113237,9.45273944250533,2.3016349238891642,4.130141230872311,5.700619273562174,56.46687523894953,4.946397764436365,0.10681219071562775,0.5031560007063902,117.33173743790499,0.8339658000670633,0
1.4033053882243656,6.153116272567432,2.8323330298981713,6.540690431982527,4.207519768474556,22.903526888655026,0.2997034170612939,0.3272572664057113,1.3475210530577089,280.51432851942434,0.5252593792932014,0
1.8981867651150437,8.008818802591017,0.7469227338561396,3.6257777039481853,5.161969424993322,67.69591530581079,7.035382954659983,0.10932539237000113,-0.6537016609770584,308.1136990724646,0.30635915332840036,0
2.0761465762510403,7.010803864139474,2.345830242836993,9.641299734428857,2.8572330486473265,59.13820623164298,4.0157394120782905,0.7433816488918127,-0.8081116838681451,115.80548296624804,0.6396702219600837,0
3.413311623038515,10.15756198097138,4.155636083588728,9.367855167325448,3.3761631544589115,22.55734392679996,6.403267408240334,0.5224796218499306,-0.5234171075696451,390.02867159558923,0.9592095005879158,0
1.836279617243659,8.173913614369877,0.07741229568757668,8.495476236307086,5.49831806554937,78.12309219521828,6.1456008419318024,0.9946168226329504,1.3160363806661857,217.84454954194672,0.6211013951769955,1
1.6321148916016095,11.924959615744694,1.3645858016218564,9.210972678670206,2.2004281197598736,54.859774327284384,4.912154154428996,0.7602249349203924,1.2779906925161044,464.29246797245236,0.6481384765874592,0
3.8723440571142884,5.383214875817166,0.0122729322192211,4.546482915747971,4.049261245026648,38.93201648500292,9.454996497717964,0.5661216484370938,-0.5758965864680756,224.44822548743292,0.938013147196681,0
1.0265898553404067,7.485106862953726,2.0785565457492416,5.410660928215972,3.926821919376036,16.814549416513728,0.4268341844823483,0.8242348853873217,-0.9070340252479607,117.41493939467205,0.5395113452923577,0
3.9934625670459347,8.373301169769842,3.6415775524686733,7.44671666632662,5.0049207556323285,44.99157517310986,7.178898347831366,0.7343232861106684,1.0558458086364952,391.0867064063409,0.9965395886290528,0
3.030463896572187,8.521934883238238,3.9938591455731425,6.991844656891557,3.1275750823973296,17.358191512033862,4.216430709335551,0.3193985598723884,1.5658453497289324,305.510360197698,0.20167894135642167,0
3.485407898347351,7.211550756699458,4.725948805635033,8.917718096494161,2.876267287438398,37.211875902338285,7.195146414817791,0.5772324473447649,1.2623230865305466,224.0096757098701,0.5601878508617042,0
1.8838581890385795,10.104681743682976,3.0425230648539325,7.191677169841284,5.704531355092935,35.65343920546391,6.817152545888393,0.6003988523506638,-0.3916030581547655,210.18072354451772,0.25225579896366235,0
1.04294583300118,11.123229514422823,1.2731343332644773,9.97905861146176,4.286838607833859,58.99547332605951,0.3003324252447548,0.5061085287470231,0.7513036916760067,117.84603810077196,0.48066004992365796,0
3.21360855568459,11.571035113845042,4.620739745683495,3.5502074183327514,2.418758273134618,19.428738591818735,2.9963172527117785,0.26127336056982575,1.2720971618766237,203.37558235970516,0.2120452140266797,0
3.5024337910020273,10.635653637596683,3.8765787694018803,8.346677648170237,2.7721446488572843,66.64035161531343,2.053096900937048,0.3010321464920983,-0.23251388635888137,63.20486344025077,0.26140233294951576,0
3.221428395860557,10.954061381146197,2.8721424150157224,7.006584746043376,5.995304238056994,29.459924526212433,1.8364662588364247,0.3529426608603654,0.583162404108359,276.080861334097,0.2502600471506503,0
1.4285508619025158,8.853817104339969,3.47820107859468,6.944725807628684,2.7824359850087697,38.29914702265813,7.3390715043871015,0.10922963444034738,-0.05661878807868914,453.5256838161812,0.3540297720728075,0
3.2602837667709075,10.781217584987703,4.6215817750371455,3.3257723889654893,4.4419020454147145,62.925573166538186,2.547603221112621,0.9252495029525584,-0.3232737480189366,407.8988582968972,0.1778747827928946,0
3.306768346322923,7.124527364035666,3.561970142364608,7.877457744987923,3.6805123159824724,51.90442997851361,4.8524286268755485,0.717486392425131,1.9087679803125575,62.83453874189644,0.8188750662262654,0
2.9756215470101646,7.7893513347645005,1.84187253792367,9.013722621241232,5.542396379399341,28.1019013851453,2.6204921537996597,0.7206555842060237,1.7377458811607789,446.56714682070464,0.25964181742760284,0
3.2983477983867586,7.21839109672981,3.5651410114454833,2.2636297690535736,5.020674369181311,33.965219340941076,5.886291469666234,0.6150975524282092,0.337003192854461,253.546172997149,0.4457405453862063,0
3.5377643190331964,8.271711348135478,0.20139081367693934,6.2924186874553705,4.387805585047263,27.93401104922076,7.261622926987687,0.7203797273449533,-0.5896658168080708,135.90115943697248,0.0652542813185231,0
2.8408123427123755,6.999057313670455,1.932077809152906,3.9821348081174746,2.04295592719193,49.607762545786784,3.44453243924213,0.9836762948862727,1.183721909961946,388.58537984692435,0.14963746611769302,0
1.2658141419090372,11.731280095781127,2.031615159227896,9.896526381019283,5.5191808299738385,29.946839990512977,6.109604313213796,0.44664430387104403,-0.2328966096153392,195.29309757967084,0.901458305392589,0
2.4628834290016326,7.189912396039677,0.8341911721041734,4.840444876733647,3.778669883354865,59.42732710873556,8.283576789254642,0.7412730281889074,-0.4944465824857165,163.99329041158376,0.8453021936484232,0
1.232948004014815,5.686311766776579,0.11542740275885088,2.3603697205897327,5.726310612074306,48.484036893779454,1.1233979946120183,0.4235761039397754,0.14458705321455367,122.59328305169643,0.8488763298324349,0
2.2226290930972925,8.687720162352894,0.6669061831887141,3.880390489696142,3.982156051416805,15.927995881063174,7.164571870604458,0.8688599188721433,0.5895494275002173,268.9798581051002,0.4407857463921142,0
2.221319467376883,5.399693549116234,3.2731074789852754,6.5730000591846,4.7768979567309025,28.27014640099118,3.3668204554667267,0.8722257462010315,-0.7076790105387561,92.02729979725038,0.18445425890908096,0
1.1980295324207249,5.773802164160063,4.011444081818437,0.8532847763608051,2.2771705978665686,21.608558143261682,1.4019695739444538,0.9120397828811365,0.7152394191455795,403.5259081012039,0.1524997954196003,0
2.046461601908438,6.535725724373724,4.9410174636348705,6.075659010190252,4.980606614107144,34.2734909413614,5.547411234620618,0.10491699181769051,-0.9539548757121354,261.80355949988495,0.6253225885606797,0
1.3329942963739445,8.250451749174992,1.7318175155424713,9.31912511587109,3.3519841252476916,43.69880646570223,2.4173707288237716,0.3683723004964854,1.67560718177926,251.13938756851408,0.8367835921631981,0
3.4247056300276664,8.032756526163196,2.996896111305509,8.51859159781272,3.4054360573271234,43.00721429630824,8.249345568157745,0.22053191608143646,1.7622250678365998,50.83428041668444,0.9051087580332309,0
3.843064077893412,10.597843034019538,4.68572483407561,0.7699680129140354,2.47462337883756,61.58927574224668,0.6203799134045462,0.5085875781011412,1.1992123205355543,418.0387371388526,0.3242950680322152,0
1.2169494257738158,10.176322577188794,0.8352089066907631,9.934559799516775,2.587428594560809,19.1878897701282,1.1667983834547953,0.545904678411368,0.39964822572253267,271.77667656721417,0.3549752413417809,0
3.8653456218751043,7.984228057934909,3.588227931713713,7.0173965446684035,2.7430362248248406,75.98546219730851,5.305762034661006,0.33031363854668994,-0.23531118831006637,247.95253391060655,0.14583282401835343,1
2.5677297980102356,7.33592945302941,3.774893665745816,1.7065801607088347,3.3128246742856895,30.71338301616265,5.971629483954176,0.7511018428405634,1.2323362721341895,392.6231983779757,0.7856892998046113,0
1.8986970338616218,7.21528148843049,0.44487767934669187,0.22291928277729262,5.567879651102421,27.518663518710387,7.35288931232292,0.34279274547007244,1.795391605856191,78.3043470953424,0.3119057575650819,0
1.2305862258284905,10.417965611058063,4.3062469259153255,1.7956980992922984,3.473040952920322,56.388393363516485,2.7407551368715,0.8685022377550227,-0.5243988853076813,215.00620524284167,0.5068829960852581,0
2.5018728042112537,5.364506843548888,4.065525235554219,8.397941614788811,4.897450826252873,65.41374715122969,8.44925200049026,0.25989343132760817,0.3974659678930941,309.0802808991904,0.9324524393023907,0
3.383546633472246,5.089751546574241,0.16701503288717223,0.31422931695712103,2.3309900155594856,33.38538236102401,9.540794929783075,0.43051176528875523,-0.05421509189221552,257.25990323263443,0.7646049438086902,0
3.1212594318000946,10.568810743486537,0.4554220744002574,2.408158305819057,4.364395197087971,61.01352311704829,5.090585175229664,0.6600139825818746,0.07022536713772976,131.73750044508847,0.10010100147461819,0
1.1506780343919214,8.340024631923345,0.2456344694592616,7.597325393815266,3.927564925081758,71.28019671020411,7.653207376704053,0.644801563416928,0.2172733439687975,184.6744284561403,0.057746864736458195,1
1.2187055061037104,5.916167969875032,1.6737176589968112,5.902494305391538,5.911831787818018,62.510274890521806,5.34351387452917,0.17022620080462916,1.8553890331140153,185.09025094143485,0.7980375295863876,0
2.2086198478979115,6.6489615421615085,2.546444953399631,7.849083532565899,5.384831079515852,7.564736417812474,0.880776888239664,0.8616327509718534,-0.22408849639571904,496.38686124435213,0.5748752251297609,0
1.8858714821438298,11.527527671681678,2.661738639773144,7.486889987885201,3.819319089754599,67.05266835246411,3.395892825857687,0.6382584400867977,0.47802751728051995,196.78870346299198,0.7343176888945658,1
1.6971529691681435,11.016520829374286,1.3383337988472133,0.6009537325058668,5.100571056181355,63.086071884077555,1.057369558344747,0.8828735938364516,1.8544624149853712,142.33192814403452,0.19897455573528283,1
1.8430134967261407,9.968495351567807,4.557984432801371,8.9358630490321,2.77215496517511,55.19676786148895,9.891015368699133,0.8808720204050816,0.42817067065495196,420.1867188968659,0.8784454574720891,0
3.4104482298906538,8.375576612361286,1.841313949359566,2.34761515939446,4.249345309567112,62.00168143159276,2.444453938319097,0.591326821337528,1.5907985657643602,239.5270647516239,0.7846587300637389,1
3.787684160895562,8.6422653833397,0.2277507798267625,5.578585158274661,2.2984762222748327,78.45690468739542,6.431824110274044,0.9197033115802941,-0.8237056770241572,249.73866251917283,0.896296968351883,0
2.2153080835826993,11.82671174698771,1.5011355577069319,6.47845274962501,3.3923561290067323,37.333466586376225,2.986581999060386,0.8635670189321104,1.8590912553897079,297.0000785730818,0.37404127852459723,0
3.7183330063974913,11.76039310719001,2.6555471127207775,1.7694192877624444,2.9034487264886812,10.041742621594835,6.601812910488074,0.9623106501055939,-0.4374065589218473,318.06013876813023,0.311919935519084,0
1.9644871037436458,6.50688332050084,2.04110911294116,9.764689441339646,4.875639261300844,39.56674772207875,2.2619365705307284,0.8654485587034657,1.9398051041938524,315.7500201846528,0.19414486792773056,0
2.429310959031375,10.677731964137227,1.369212595496296,4.9327439652643585,3.9603627648574458,8.482524154328594,7.895646645918731,0.8390834659010346,-0.4732694042243547,65.52487508496976,0.9335840825496472,0
1.6780869934479992,6.380698663169118,0.6566162488215871,0.670662686414195,5.004281915392042,27.068780606634586,1.285953707799028,0.5224244326092203,0.33309784338492254,418.4790948040787,0.2179877433799487,0
2.921428126527532,6.4947623451876595,4.095822500481149,9.37889424330062,4.061181750525782,49.015984384756926,8.972473920884747,0.290827954340135,-0.07415652528236649,137.68376858367708,0.1633513720259298,0
3.9369433455244267,9.732651239152037,4.9807262106209595,5.904051647613354,2.345937768606554,28.221716969461724,8.436132586899786,0.9196378597679373,0.29969426328513227,181.55395750273738,0.23304429853744324,0
2.8104792881301357,7.835007690112839,1.6477106676194104,7.022012660015625,4.941470598930107,56.40464344321539,6.8523119676561794,0.7502942678014681,-0.24842578022342354,128.04328400930396,0.7828126404221076,0
2.0734422523406466,11.520810849745642,1.9081052208830196,5.299240320348819,5.3329170559512225,66.64897457642908,0.8606633459999089,0.3535730777786683,1.8959522372829256,395.184495891145,0.8950527732337369,1
2.943452337971585,5.623068144272062,3.0901876233847854,8.363905752291979,5.61412490365117,36.53293844596527,2.243976477623498,0.4068961504800782,-0.08282504778072497,312.6460966814388,0.8203677836716031,0
1.3687620353961627,8.580679485666451,3.5922073736777067,0.4280212757127879,4.287967781226833,72.51034634697527,8.621743637772544,0.7174706606714986,0.9598247361926688,389.8832687384231,0.5850766252277205,1
3.665977240796196,11.429650713101848,1.9601476740179562,2.756945816243763,5.014341435997981,10.987919851280015,1.3953494561654323,0.5300355775183038,-0.5876575312036345,344.0292824431852,0.994190038238837,0
2.509251852339509,11.328795623356536,4.524647584909076,4.7495187283866525,5.008177347530508,68.00848731503373,1.7281345438185969,0.17333430566173144,1.4731624545496516,96.87138548873085,0.11541136126877634,0
2.3480492261189263,6.095704493910189,2.800019946144592,0.8583758015057295,2.6229990391957774,67.14298590794742,5.531232572804104,0.22730315117109132,0.6275238305285402,185.6748991329524,0.8738320939305443,0
2.7575943653605575,7.5664639006751955,2.251950382029655,7.088476026333916,2.656882749838283,29.149542224507368,2.8869389088085686,0.77108381516108,1.9383383735939477,278.2693218155546,0.45632816862808045,0
2.8743515883682074,9.333849800326874,3.233363765799526,3.9972677991508436,2.2835420232365045,27.403639034346124,2.3763418594505095,0.3957125756336478,0.27020665050030557,187.22526414411365,0.48236623127019307,0
1.215327418679539,6.115764193399816,4.764019241245866,2.799413103654626,3.279654540561206,27.882123586513448,5.84297163211217,0.5568844855618353,-0.41365637507001884,143.28675698275242,0.17121514896871648,0
3.0478516636702073,11.77615520432017,3.9727614721085276,0.1334505834032815,3.894034350964258,65.85452842583082,3.851251429288685,0.7899593304281732,0.03805699832295062,441.4153860799699,0.081761325636137,0
1.7257950409465888,11.403245301093623,0.2000656526756217,7.226320086324542,5.991591411016868,67.37401157076462,1.5774869883427536,0.7760580343354472,1.210896818280483,386.50265384691915,0.35079690976596156,1
3.1418578975197695,6.1686512532412845,1.6615495536997982,8.354712157841332,3.723973368272678,29.72918441207507,5.441566921945552,0.25031352419854647,0.9773195629876279,205.3490272493795,0.2161108564582328,0
3.4676043831525902,5.848088228826898,2.3527234247561135,4.010901303246834,4.904970354029484,49.44427605833464,3.9927215521305035,0.18855447795913177,1.3350422228531755,394.2555631830043,0.509171818267746,0
3.411875522657561,5.597859379657857,1.5725878610455264,5.685757972630318,4.7735881050901385,15.419992208034087,7.398264387882941,0.6320370636685809,-0.7795891233873727,332.39237830035256,0.18996399975108336,0
2.6575029022236674,11.366105648256418,3.5009378041522825,2.3540975967030247,2.8179278010023183,40.15840537107666,1.2070033347417741,0.7674695865381156,0.7411063260343593,51.703580134578544,0.18103134967716195,0
2.5605096769322535,6.355366668568226,4.1313457493129055,6.259756698173318,2.2340286057977456,79.90946381416536,6.2820097906705445,0.23413592979586936,1.796506031108914,221.1179117052357,0.8831300348986569,1
1.4286278840182352,7.913994499810483,3.6567254759263577,0.2201608373204852,4.18402700613435,16.912936077968514,4.477634604043828,0.4347597585945473,-0.676294241555268,180.7193746374487,0.9252299662600886,0
3.3260384512094068,8.141959559564022,4.946666434141377,4.937574581277708,4.801222369257904,76.06719799700443,4.17940637551356,0.8832501963708765,-0.7169942232610633,148.0588797676536,0.9660053981585144,1
1.814228141340143,9.193077309494972,1.3627382394651455,6.477634270222853,5.993007160745024,66.81910414737558,2.4764193424817442,0.949800827404289,1.1498130935585418,163.21522733188021,0.6964773207302164,1
2.4900862684538394,5.502147406231975,4.374947475122108,9.190098554974366,3.434444209124683,77.91609882097025,0.498175076386569,0.5086627848547159,-0.05445263246739429,474.06418095898516,0.7824656795560759,1
1.8528222787825501,6.587310321803612,3.833113325872431,3.8752245895106143,5.585458248324387,18.468407045789977,8.507354104773526,0.17156434062774972,0.9757376310827208,268.84268059619177,0.8439955174804977,0
1.4014850889990793,11.520432708432482,1.8108937877907305,7.675383009512195,3.527729823476746,21.013886783252318,3.398818843137374,0.33192681058213963,0.63615353915108,431.4689232008538,0.6759759561646312,0
2.88867309067521,11.358870750879987,3.6706227182848434,6.017101596440657,4.757646833722051,6.265038630114401,6.874692189352502,0.3096729282839797,1.958199975019717,146.39771846884213,0.3637309494674027,0
1.1629961044687116,10.469034531839846,0.5203797820912348,9.277419917958298,4.3930117220682074,59.35263596867041,9.486356517811732,0.3150673484869513,1.6671692508646219,128.48170984067673,0.19856764851184788,0
3.2459357023786,5.135808719327508,3.946667411702762,4.043938989028363,2.2119151732103877,53.30710200771392,5.736904921204891,0.544493534841325,1.0342183446851352,449.9553147412594,0.2754096418002426,0
1.95276038578335,7.289047379472715,2.6616530129355134,3.2590438647425812,2.313553707881034,18.354907874354907,4.092039644694689,0.624903086522414,-0.21497612169054847,273.0671086021105,0.8483933488347145,0
1.0004040790134558,9.395711147400355,1.4614508635462657,8.882705787072023,2.083056358897844,64.33587241565539,2.8290809502172967,0.21025862981194182,-0.21427551354859142,452.8184563905858,0.7112923763724992,0
2.5333874177116895,6.92633148241433,3.278886508920901,0.5875195739420623,3.483336338375958,27.439662959879406,9.353629167945435,0.9004204058755009,1.6467314017068375,78.3629837920737,0.48300597534984396,0
1.1405557255828094,11.367106865376442,3.208099993572045,1.4502153900434005,4.983204195064043,15.124667699797637,6.884352816901201,0.6579764409530033,0.7560231958261789,462.3959849793385,0.07793482332143008,0
1.8285086734626983,9.437226232827093,1.0474311135979986,0.91580390238204,2.691021575962891,36.69219987645111,6.719757653914284,0.6375265572412049,1.3678453461563072,236.95039235400037,0.30289415191218894,0
3.1209294623671484,5.503347021215119,0.15198707405763068,8.446788570106387,4.423411873535583,11.822738632014206,4.376351586423715,0.9885510985458557,0.3495926196104904,119.9167193398315,0.7424526184694756,0
1.1880688648655977,11.363039121849921,2.168112934508369,0.20501349136616198,3.1553111201243116,24.743274220493497,8.48147738610082,0.6653295797438128,-0.6907790900454203,357.52221024583736,0.5367678733402718,0
3.518015477068007,11.704366607233558,2.847559346722106,8.630405839420776,5.1879704959162884,32.85000188205096,7.193987432692974,0.9360632343710664,-0.0019406252811218216,408.60620748241564,0.4637558697583275,0
1.0114597679757493,5.543986928742078,4.383026391852992,4.5675511741755415,5.193584596011964,68.88981308856124,2.975196063453958,0.35763127512381254,-0.5165524171349105,71.31862741163017,0.3479954307409123,1
1.7404716076057067,8.726521644029205,4.6410839782379725,0.13985026065431042,5.101658059865694,64.4411555969916,6.075870868245471,0.3161165413118478,1.3454984492765067,494.23818848840875,0.6265852390481728,1
3.2227121684562143,7.123549975499193,2.644026090783832,4.076287254399214,4.099334055205507,38.20657143129637,4.415900755092403,0.5648668181420078,1.1015359689712705,363.66209929228114,0.9680661161031047,0
1.9488104491879203,7.749873535369817,3.7690174188427243,1.9493283263458525,3.1382668403194067,59.34312933142906,0.2645835957311877,0.5577480528729994,-0.734761232835878,194.63089624602995,0.9060674611326307,0
1.3056771641980407,6.257558525687394,2.1965163616399845,6.281564825974414,5.237776175514538,47.64872271342537,8.114709628717614,0.30383528453550723,0.8641561962856312,118.08220806292576,0.07897304118006793,0
2.0807017564012837,9.046504714086888,3.730410782864465,6.825652020224301,2.744402247756966,30.563139130855106,1.4037374194130678,0.7296900912099529,1.6224065209843865,226.63913660519663,0.5069061314542734,0
1.8111798591535766,11.705855472742234,1.0240076246958347,4.926522947009498,3.159038408114624,59.44057576214636,5.1975541588256196,0.12667043731302396,1.0920928861998997,149.2545472513816,0.36299583314460027,0
3.528135706481665,8.521508201901263,1.855323674017657,0.5011433018527327,2.7357908246424865,56.262436584978346,3.4950166922311934,0.7215674252945073,0.533335738953264,272.3689506191431,0.5350744292228109,0
1.9400437527554293,5.580402069761368,3.1711399940680742,6.595675163235299,4.69684064155059,51.43208316452015,3.55247260376664,0.5114600975109701,-0.06441014518333821,401.8517188206474,0.625903005378129,0
3.366797415328022,9.340009334341858,0.09078982803539415,8.43618395769466,4.744944112463273,51.34666407824379,4.878175857455319,0.7201067597605711,1.6612902487576866,347.058675027749,0.24002666459766947,0
3.675616434432204,7.381560961158799,3.61230655169477,7.231210345531374,4.610039971147012,56.22364942452326,9.970826419393502,0.5293725675773671,0.26841464642305946,246.170707151778,0.7924896660708435,0
2.3014522587295887,10.991476327139084,4.177677506340834,8.316583397657654,3.6624058674586712,33.84091344819036,4.202120870188463,0.9796004045962254,1.5661807407013564,103.52476606102229,0.501314647581668,0
3.729829431563176,8.042747038215293,1.995708305469757,2.085044283153786,2.400684028805733,70.18068613007767,1.9868264522024097,0.4012164559928061,1.348999514654591,480.7206150656031,0.9924057521533338,0
2.1319541618895785,6.349877262595719,2.2397120858858215,8.899990602599178,5.644678338060085,17.173088412234563,6.213342112883816,0.9843156433021494,1.4486808958425792,171.66673645271902,0.07387101645638315,0
3.8922352494703247,6.337739358838014,4.256411061082655,3.289715161414832,4.030923856048952,71.29140974293655,2.5156195387873086,0.15847654823107785,1.9693925604849385,175.0255456437578,0.2302332173771356,1
1.2678685735767188,10.381349265048122,3.878273176630167,0.23270766109471117,3.627888779644366,30.671138227399577,1.234381539786914,0.7153846972818009,1.2462755476188936,340.4759998273396,0.7051483105323783,0
3.061057799509728,6.859113188151519,1.440747445166875,8.4495772986578,4.355299572993173,14.37737117064669,0.6917068862461053,0.5087972861064209,-0.8978771928440548,396.72932996619625,0.7104207591992808,0
2.481442121370786,10.370633759114561,1.6198805328076948,9.424030562750795,2.7711617432764233,50.00205520093474,0.424236485392902,0.8399238629767303,-0.38369819505776526,492.8687443928073,0.6030788131960977,0
2.162946416366941,6.441211175366195,3.394391161952983,6.590026154431753,2.5301951164194976,33.19900018028039,4.425413553448425,0.8106544627452983,-0.8944145490245065,486.1239172825128,0.9733620272560972,0
2.8981356362458026,7.251804580909166,2.815990462240806,2.3912226415879045,3.6221008858317743,66.16247953276394,4.381912642759258,0.8201891645883437,-0.43025929017492814,461.1922359044363,0.4445492582839367,0
3.1115712749029933,8.258408807077895,0.8111478554824847,2.592270196397051,2.908882776399642,37.30891013965755,2.0183449207639392,0.18526473937226773,-0.8156814679416601,245.8911053225074,0.44618497146414343,0
1.0130898089509273,11.602370947854155,1.5496495461458322,4.719269447012633,2.977161178148658,55.142189417158235,7.883386726957852,0.8401291298751652,0.5048511235587587,125.00134689040165,0.9149525450629646,0
1.500859266241596,11.522119973276773,4.499916384393271,8.988527688054052,5.570045951114118,28.119349212861913,1.4668521536148118,0.29263614169938484,-0.9153813606007666,313.0120414789825,0.5615196928969702,0
3.139138151902956,6.448103127956014,3.440872183611317,1.581016795860828,4.1230367087432995,20.708928126900506,9.170108487865164,0.1231122374731313,0.41773729884577837,57.765427496045625,0.38604127850632036,0
2.9991562407346195,7.507533288701509,4.929871588427598,8.27713932887652,3.9338762572934045,34.10367732116178,5.95824458090407,0.29596484771597026,1.696522721360036,138.31197754792706,0.732991086542166,0
3.8981425153860316,6.0457957191764065,3.835062649903847,2.983897806180989,4.757918374914389,50.510587595182514,0.4706404858283103,0.5313565942298495,1.2457280377244282,51.13822855764407,0.638687087278151,0
3.283113370752349,8.56989555519448,4.709872160717951,8.10500307734807,5.8061924547069586,54.27100544085139,9.637131732278622,0.7679002239202889,1.8318677709552684,131.24116065719244,0.3410895477722619,0
3.852318123194014,8.224077854862667,1.080942869352377,9.210684856255233,2.4487942578822564,48.36549989735138,3.2178243435493656,0.29676923274956835,-0.3200596787304387,263.64070552831527,0.3330323581771548,0
3.107621504604421,11.305321137155127,3.8574243740846286,4.33218933274377,5.334138268437028,79.10417889680816,4.609754603862964,0.20170679328124425,0.5932574492158813,226.99593999203717,0.425832157650892,1
1.8941566259183293,11.510037644537508,0.10108760073898715,3.7140014756447557,4.336076719471384,56.8317639871374,2.9858331913466114,0.681370529521548,-0.0442616405024836,216.18345421698766,0.11803906237718395,0
1.3160947667525695,7.684971737051045,3.3538001085576696,8.041991057815888,2.584661415247349,74.86397206976883,7.338528720731021,0.9855082327240159,0.48145938707610214,423.9287887702381,0.9454860573632571,0
3.3454715900348067,8.442165601132926,2.3464113906012067,5.341880535556,3.1885972747559665,13.844989617138088,4.959666163051479,0.6407832718770563,0.6712274887528653,353.7483370905551,0.2238690381868318,0
2.9324476644277477,11.273653744022932,1.7338003596003433,6.876045579785651,3.929445665858958,9.602969736010914,1.4972550021445254,0.7219516277110796,-0.8914416085724045,471.3942932919977,0.23413308721133447,0
1.1445580371798887,10.646954654215431,4.312021761465445,6.266009445915677,4.764708578309692,28.324602650896527,1.2211987331226473,0.605050699371778,-0.30023159435505065,250.4034908049526,0.6646864847662238,0
2.080151397702935,5.025594179412545,4.271338463287654,1.6135995718834837,2.970428067813809,15.244170378231795,7.3086790505808334,0.8041135998056536,1.114318337731992,172.5033539641783,0.7380346949348208,0
3.8703994464528586,7.240416949285077,0.11150852449321791,8.46342456686666,4.1395152618703595,44.440139617120074,2.5233977683264612,0.9782239781885003,1.3187840736208987,105.20804211500999,0.7499936866198788,0
2.5012034371306036,7.952419693552882,3.047525612247155,2.0381736029900486,4.738686509663447,43.92359401424591,1.5503750714570308,0.5897163064637664,0.7083541024625097,352.4123280583157,0.4063212723290195,0
2.298187408059114,6.6080139857826214,1.839161121604782,9.32959322630073,3.794963003390025,48.12853748329626,5.09439045057886,0.4751114605684533,-0.18751291615396992,428.78348981224565,0.8796625052644292,0
2.373098815477882,6.397001311271572,2.078305007502246,2.580655785079264,5.452103844480703,60.89209106233045,8.06709981785578,0.8743087550441139,0.2152523501682202,132.68271391779035,0.5667991086606422,0
1.626648172015491,5.264491546169758,4.1602036960938795,7.365421635410045,5.477836411361618,77.84972751592399,2.932070909556679,0.972755509383991,-0.7118895643558463,445.4387350306413,0.4666581745544277,0
2.1061215125943855,9.503588075488324,1.5491988576383915,2.9180883955865613,3.882764870561783,70.86940185793598,2.9090297946679167,0.21626347678261115,1.859538850377775,286.82429076289986,0.819867137822384,1
2.10943976796153,6.837572033382159,4.7152440531881,3.2460755450099525,5.891702841635599,13.877542968168619,8.372036350551694,0.6203538689264901,1.6060324136308646,114.83628446342836,0.2813831867626458,0
1.157065060562417,5.366430249019191,0.8981691318607038,3.1690183425448226,2.3023403696217892,30.388526657799293,1.64877118677407,0.8132139932913977,-0.8031929592776099,339.2884962057897,0.8671761712637432,0
3.302702885553755,6.616855173696445,3.313612116840889,7.504133314858224,2.0134495132917465,24.186726878603142,6.243930399508163,0.5800054646407518,-0.5005280030250085,284.0237336917461,0.5618879248366812,0
2.249513295711637,10.613397669852887,3.3605253350688233,5.612469667896992,3.522673055215676,18.26130183348446,9.559132133229337,0.4682772713736538,0.7432833235662606,62.68259629072954,0.9050552497894796,0
3.46653966044927,10.960424271525827,1.260975807139591,8.841229312890222,4.404388245490037,45.854365749183835,8.444770865857613,0.6897068390218786,-0.3027097776123523,229.6594421269809,0.24153190450297118,0
3.551044003359686,8.38146371635312,1.6237530448360098,3.142989920120044,4.516800629798643,46.49483015245479,0.8057892910413462,0.3431152850620135,1.8032020940423847,403.15459682431,0.9392599222023046,0
1.6359821640959742,7.912494692860803,4.173992462899702,6.950725968361769,3.9057829451753143,22.0433620916046,3.3351265903039296,0.4142203686445325,1.2667717426132237,299.9406890399482,0.7034829048737706,0
2.972060446510386,11.844975854512473,3.8090262747747623,7.554191136664795,2.4995332529625847,58.39229377300141,1.5952697628076402,0.9930489929932101,-0.18012546126675166,176.91850681813872,0.6374121004622664,0
2.416845412488945,6.40395261711649,1.6454794015737977,1.5996729189965861,2.681990087151577,59.96857243771289,9.502558249333969,0.6728188009370458,-0.9816957664285716,467.88879352214735,0.45096414350885694,0
3.640470213764455,6.507514979982259,2.669782734674669,4.06583463746613,5.408591935408037,6.573499612544999,9.862227348976395,0.8856345684799671,1.398342173608924,157.00056711973696,0.958499249967438,0
1.6472220375293625,7.043070239254798,0.3084014812654773,4.879893194069069,5.471644526957045,34.681827779173744,2.5029316012923717,0.8269916617334291,0.27226912880319687,163.73120311967725,0.4717236468959371,0
3.0334396009301328,6.209301227967611,1.0437294119931462,3.621305159954306,4.695594151442881,71.76054809012157,6.763050639321776,0.6870452989546216,0.9271331355733312,209.58770582611837,0.5236158048251971,0
2.8232563667581676,7.655559187429306,2.4291027943019956,3.2889147000944674,4.656871889115529,44.02389561828787,8.44799097406176,0.8566561742128959,-0.13907552373610754,452.5420375652578,0.792423203156047,0
1.8859044327154983,11.375839588928276,0.42986867639605797,6.895556950576655,4.39072851211123,31.072085107924572,2.4900667872618705,0.3584426458902139,-0.5713802219254871,278.43142794148235,0.3206003081320708,0
1.4098027109535178,9.30743488440002,4.216661774459688,2.237077336828937,2.811703542807953,24.02571136963476,2.0392702163455794,0.6734048039310685,1.0259347753572374,356.980576651623,0.3269205471731022,0
2.9549192814318297,7.883625840285846,3.590031050538239,7.122968377986175,3.7130028010396128,23.25158899387117,0.3098680278233469,0.6315431405715828,0.3509737644399773,489.31887762962623,0.786532803240159,0
3.215792374396992,11.540875561998504,4.718168353242474,9.356937544268233,4.783578605853515,12.482602538810475,4.237232078026954,0.6601776407140103,-0.29449089679005724,402.483333601564,0.17215079973060254,0
1.94688203129005,5.339249627330756,3.467334529820136,5.695455459659736,4.149009088013354,66.29198143198191,9.01448713146822,0.2517687344320977,-0.5871160013013904,127.67005339299196,0.8318162942783722,0
2.934497812066941,6.471933245313029,4.702006861310927,6.153198943720793,2.0743213362203967,11.499305404562842,9.049200560752219,0.3495187359982616,0.7414387833249003,404.75926806798947,0.6439162578943559,0
2.18539272283451,8.961220235712313,2.7725627784548252,0.7824337510284819,5.814227226880393,26.922107439636186,1.4518826495883597,0.3579924869132852,1.176649820622723,386.75171715170853,0.5621295780831075,0
3.139620649847853,9.308868362352253,3.001093055309847,8.6583213458165,5.379264210288573,8.42568039247649,2.202654309178271,0.6417515463154869,-0.14833911363065422,154.67764751475153,0.26765391307088743,0
1.5976458246821594,5.276902545938292,4.884855273131304,2.925933093278669,3.0421800564389514,63.603992729277536,4.1988638431584295,0.9752921923958074,1.205427606041372,196.40742389942716,0.7970497608771884,0
3.670645007908523,7.821271305349925,3.210645734321302,6.189006538732792,4.4658357406651845,7.946276167009285,7.85012054260428,0.9586607960639333,-0.45063340380168426,369.55770793838457,0.8147054350333117,0
1.862228789396739,9.544077753816108,0.153932844303733,9.793210480473542,5.69295753491275,28.12258279011563,6.196144538610941,0.30447059769072693,0.015247073285327817,157.27689233053636,0.508794774482692,0
2.1033579632684587,9.88649382482381,3.6190138831526166,5.995475745670797,2.3840440484546055,47.997302756499806,5.235727486498122,0.37436071876009525,1.2346468603998666,143.68409105117868,0.41971052611434834,0
1.1742758562410494,9.466979317613884,4.527343460687078,7.2746239258973375,4.0121179231868025,35.71710202200829,6.000932465381511,0.13245570305125043,0.9804305589412379,366.56274745864897,0.28385374564774285,0
1.3345366369638292,7.243942570526472,3.977901248971633,4.5086642204151435,3.824972103385178,26.170330043682533,1.1427569992625073,0.45893403087345475,-0.18842911928826245,446.26797176889363,0.7665223162347162,0
2.5475857081369844,5.654640865185367,2.919166363127113,0.6976218507990679,3.6408200211341293,25.639180432065622,4.881103694098089,0.8512067095123272,-0.6335949953592006,83.75750717995402,0.6574793269703709,0
1.8027780301839145,7.989787124935338,3.3565175654675814,7.996233559948906,5.3423544355717,64.8342729504687,9.922220237483458,0.924176565087526,-0.8725797251582742,250.65848086615074,0.24629947789851486,0
3.5064406772265833,5.901281061576388,4.950958946258359,0.4464885285134581,3.5225845867898293,78.04835713154338,1.0667722400030606,0.31284683161114923,1.5137455397578572,323.22884914805354,0.8047446757006557,1
1.0440801659648615,11.63336560964467,0.4533104425466916,7.036512505989756,2.2546533329640304,31.103080283659505,5.288617440821888,0.3392150261399553,-0.7745741512964199,354.32455362443056,0.8880950476905366,0
2.1372821460158087,8.326196062158399,3.3362241431661976,0.3269235741814057,2.26335096865721,7.935913520676239,3.0973627642422716,0.2987648348578783,-0.6554645433808366,498.28816056867305,0.10628489961083358,0
2.012036640307278,7.220814220498073,1.4169884728529691,8.636821842109038,2.170978426098436,7.742433343183132,5.491150309247199,0.4150932108171209,-0.28686810917399896,357.2113821425243,0.7837996061228392,0
1.0579828927528032,10.3641284978323,3.20045198293085,1.660596754746508,3.636581687496149,61.94100614080386,5.823423848330718,0.8242834587314902,0.3370091127195436,329.06935084871935,0.8601618367562699,0
1.3731051970015307,8.485640148075847,3.038117879419694,5.191287804881256,4.87362511079344,46.42773662068452,5.859234401570864,0.6821717228960141,1.369361240709488,495.38036853905083,0.9919325045008196,0
2.240928024755906,7.170238168087151,0.7672841605408104,6.011791974383159,2.814889847722062,63.769449306299784,8.551646096046689,0.80734682607733,-0.2575590221766819,77.3006631701827,0.2757214239904986,0
2.4785937533423397,10.683774196735612,1.0337332287011958,4.62969953299678,4.585874081726198,57.31227577164311,4.019524663801877,0.6247279957017756,0.6305247450792555,83.4966032688942,0.4024530449535401,0
2.2128692417646074,11.070065057007854,3.1081478902160677,3.473558544553984,4.748353888414817,73.06297619490473,5.26027079413166,0.33195977025323214,-0.7288824338498707,302.3071368908379,0.9678815375908351,1
2.5928130352362815,9.711057164020739,0.6411497365188706,4.731361532191619,3.0208084960623918,71.43682182849676,0.3070983098839358,0.3051947621912897,0.3935330154095742,211.39907645731589,0.1393147727789052,0
2.7853950247170447,5.328750956853671,1.3259043756516142,3.1830159634234714,4.402230624242517,64.1245546715883,7.9375958954817145,0.10810063527737482,-0.4670830198680752,93.51388118617517,0.5475224517190164,0
1.029771463383507,8.964260161165726,4.176227738690012,4.437411236100545,4.7394733601073895,40.63918700316078,2.742979532283359,0.8028839231866652,-0.3664253233283048,187.90200324175575,0.5314073508459933,0
2.3922854783605114,10.343064383980971,1.635457530008193,3.6532386108805035,3.866454491208503,28.109480570288934,8.20223923559706,0.862409103548246,0.1004853023267882,353.4595193334398,0.6262203519371055,0
3.890497722662765,5.955521084585075,2.4403007813483146,5.705427752720738,3.3468663891203803,43.02700905834799,2.8032589305271087,0.7914543396655747,1.2840430961025722,446.2767336589836,0.36425298410397555,0
2.5570968403886463,6.600695259692223,4.705701675729202,2.4554492062253366,4.476606206297309,42.65537054898677,0.3057272633724239,0.16696185195564167,1.2319592897007041,92.44601449544939,0.9296221842382018,0
3.0326268023768597,11.177465735476956,1.1357454441847314,9.887699893648724,5.911388349312228,50.77066616670032,1.7173469182957783,0.7859994644528794,0.24491892945596017,293.0652781178469,0.3065581979111191,0
1.9355915737506497,5.1408520529715185,1.948130086790052,5.058612538483438,3.7073656374759123,18.957317583717806,9.859692445207246,0.1411907078352424,-0.6439865374227742,183.25200415838984,0.6672107417051822,0
3.3219741344582876,10.269089964781832,3.032288877717728,2.0222045664036457,3.566940385140484,54.17149103337416,3.334052210290288,0.19503375913575205,-0.15792513992816104,350.29677348221287,0.5211306716171894,0
3.318764445628345,8.31641304760096,3.776694647519861,4.8229608207159975,3.8570676097044534,39.24506931543618,1.2664742397249222,0.4964278356394005,0.5160673295904146,297.25317250587807,0.30333977985607585,0
2.563888142962417,8.127405111877248,4.508266933563526,8.67750978229576,2.304873573780193,51.51536239556444,1.3638362755323552,0.5285323080323561,1.6082353360853694,467.0199527099807,0.22941110593630565,0
3.9280414698376407,5.04967572746421,4.577364937867576,0.3158872519315164,4.2126531186855605,22.970361718965925,3.2413585977607937,0.8345067729568267,1.9047638444399912,66.95774912744966,0.958734018044776,0
1.37665064428796,10.73578761676545,3.883200371863115,6.827585779162159,3.3147895488690544,37.57961704080162,0.5689214029442777,0.7115742028368195,0.9124128050717406,261.5167737230636,0.5832268885159967,0
1.050842994668743,7.518774304455965,1.141654182966552,5.524881188259887,2.48568848932505,20.76509108393902,5.212588163595147,0.23798816076809465,0.0520594714922038,136.74179990781903,0.6239813666132197,0
3.310474635271288,8.7853594191038,0.12404665021282901,1.7786241442643418,3.8650269644694935,70.64788675676013,2.294660971795338,0.3035321049059212,1.080360361083136,291.55176889891055,0.7937506860898794,1
3.4214666120946475,9.741104804349616,1.918869651778119,8.193016749118714,2.0135359462959097,41.59707837811532,5.289244285689349,0.35710766943281813,0.008690407461795724,434.1107048300794,0.12716532566979402,0
1.3606216873617287,9.91840703506541,0.7077442549391166,3.751957761502656,3.6071409806510357,21.87360616803591,1.5794893432523578,0.21130537370937252,0.8764203602498193,460.09243750372633,0.7280760544069398,0
1.7967484988758182,11.691860411782507,3.5519382371914903,3.0086400852735236,2.422941071705802,8.090652180615972,4.4126008443714255,0.3588803977233076,-0.26870028491297016,229.2042484477408,0.20688313069370434,0
1.0526570900998866,8.719379672656263,3.305652934128584,8.29843939938332,2.097170813599121,55.680399849015636,6.059585212332197,0.7557383399857598,-0.1990338963058661,415.3012354696216,0.7534570308226332,0
1.879925832341694,7.798036856820993,0.2198582081072742,6.421397957297479,5.297900184978008,21.09835354923168,0.8075993957134586,0.3172613230965547,-0.7743232328766307,176.22863362647746,0.1842622380460084,0
3.3194256217560145,11.675925385441955,4.1829688956547555,8.992764928380762,5.664995213130539,79.21866442390838,4.1077432306603745,0.8518236823543478,0.2604234566395247,52.837225843631295,0.8408690148799164,1
2.553881583137737,9.494771645178648,1.2437163314559112,6.335848666344874,2.8306985934364266,45.02752800613787,3.1647334456989404,0.522565295612687,0.8545235602870034,434.857575885336,0.6969654476906619,0
2.0442867795048643,7.087052493935889,2.161135377455211,7.434094813527941,4.157193055337045,26.673274718602407,2.5555262015886138,0.39064218511994997,1.3663848314318634,103.73550908297659,0.41659577440979934,0
2.115217884718991,5.885249717824998,3.339668677278712,8.380814372970168,3.1118326285239397,54.32580753444727,6.124439335628066,0.47117629409398576,1.4310456345130813,57.9250055133268,0.39089272170745426,0
1.0040608771464044,10.89788151025627,2.1470939342612665,0.6419223955083754,3.9743097546887287,25.641494257856415,5.9677114605009915,0.7385470665341423,1.9773333485214915,209.20894851557688,0.19149971037812358,0
1.8994015826957078,7.5352712195590605,2.206439013999717,7.7828846928068645,3.746525283576641,66.52057204323098,6.380858105441398,0.5651134329213913,-0.7367328224891143,220.72099533123085,0.9088506879778108,0
2.9393762249137914,9.623288049551018,0.3281399766787019,6.17569417031081,3.0762042203219426,28.117703819745643,1.7570501702387094,0.10655079757755226,0.4794103053374863,84.74907684752262,0.16260280920637182,0
3.9225833314490712,8.295714935561287,2.007217746300019,0.788127185500413,4.80157431854119,79.1185799296932,2.9999505996508122,0.9300914619265676,0.56412372620724,416.382190918012,0.4984735191026693,1
3.5411824809516985,6.392508458565269,3.8242394660999173,5.134921426500279,2.505963837281017,50.38585890839702,2.254852024351772,0.15939640270166655,1.4136002791336768,232.51672859375003,0.2746925320503133,0
1.0707848939365874,9.211806260343256,4.5758816859329885,0.9163349720411434,2.2122911286854685,68.33083617069974,5.496935328978851,0.9447592139329472,-0.20092445323345887,270.46562619631743,0.9965111326180748,0
3.695681814024518,5.424781482654776,2.067485685316859,7.385877297059901,5.070701732149116,10.461160218381666,4.71844375425424,0.12533754125804922,-0.7918830401815989,169.08137057877428,0.6065518489427634,0
3.3495952398958777,7.893397219098345,2.1179291343953945,5.510366967589042,4.663720124882719,31.122456303964114,3.4368786284089508,0.7938814014617036,-0.05872356919474098,280.178038555969,0.19210527822146217,0
3.341128370712941,8.826304577645697,3.5131355316182606,9.540378020381743,3.994104496585592,60.311531462461225,7.902945126910645,0.5812072373649594,1.9517834871927828,395.0291257778001,0.6841857977407168,0
2.3739872770107144,8.052328818830054,4.713860005526383,1.9130401785605216,3.871159081890166,54.1294263005437,1.1209426952021515,0.5551535625436954,1.6983235934737588,457.7822219752326,0.9920285663614238,0
2.1940158788635085,10.240705226756937,1.3353047011968011,6.099731179951746,3.989645517965705,19.568234107531833,9.753987549805293,0.1655006522896041,0.1857408828399547,486.73832033081715,0.6247911165846054,0
1.908747186499578,10.795474681817186,2.2007210326896844,2.1946631322478645,3.7480963043946915,31.71521978822824,1.3421319625901236,0.31487050930412464,1.6288159962351818,242.0257660706138,0.48451013982838476,0
1.1970845768630973,10.398701518232247,3.9798662177615056,6.1792433488012435,3.5715691833247165,24.75825556156557,7.7760939631700206,0.7997925853586728,-0.9017365476500239,495.51523644580664,0.32860661553772186,0
1.6847060904810973,5.2716906346826145,3.0484678468701927,7.254232053372479,3.9987624115444813,51.00276273213822,3.8086558537761523,0.9021338469302447,-0.05738776760739839,182.7300702752066,0.13751724408732957,0
1.7398109049340738,6.358901393121806,0.5529317198197736,7.250812860362432,4.114060684639042,30.84261720940812,8.679569845491695,0.5762068129476816,1.1804355439626333,53.139170878277056,0.2668339840403932,0
2.4522312091306047,8.75625256484642,3.1386636778113286,8.169232507757838,4.767609256334484,28.179068150026236,0.9268654980847881,0.4180090567263358,-0.3356432469494831,395.4276697539356,0.5759397405866301,0
3.242333219790082,11.543754283106608,0.9337314229866345,8.550147256787335,4.84482864293609,20.55334853272563,3.8722727598849107,0.15394888725778977,-0.40482714553807997,130.2960418435394,0.7660964137171031,0
2.4214294851938396,10.844697425364817,2.5510796703920207,0.8649900900450528,3.5105163205605785,35.67703406859862,3.487345383702316,0.7139606734597064,1.58542263789312,73.60467715573829,0.8840343457181672,0
1.1735333483414818,10.897741558462611,2.6455163383021922,3.4983448550168004,3.654162090973955,19.662694264741518,9.932938974610247,0.35060194961765434,0.8478618832302316,465.80401516896444,0.8040266378540369,0
3.8733694029646117,7.1224573563177245,4.381016811124924,6.902512951562076,3.494788678944892,77.19271905332242,9.85838014991833,0.14951234349293213,1.9670681549361073,406.3148737236441,0.16919194130379678,1
3.828172957282337,8.006135279550918,2.3124713700621906,5.036004245173,4.1461430945028415,16.587635862147756,2.0600787949306025,0.6992665561887599,-0.5959909711625545,96.19916069221534,0.7847868907623944,0
3.355568629445225,8.294941631211561,1.397212111179471,1.987691872872436,3.813414151656781,73.49785362190822,6.373480214843721,0.5371478141803826,0.06838522169943984,399.6095685729499,0.6025243188385153,1
3.9739837046926616,6.101601083449372,1.1548317410801578,5.57182474465031,5.558385852544774,37.13548236174365,5.448090315127215,0.11076593473155155,-0.0663598845889466,429.79986384214834,0.49565217962958247,0
2.633446998400789,5.217476911711194,4.37125938342168,4.133612962384824,4.78544506766589,33.33994936712915,1.7128602141592397,0.19983163519571237,1.6403967131567292,457.385749332157,0.5941259125484766,0
3.888305050759618,11.628320296223619,0.8550542720911419,3.9613789487776208,5.594625535017782,22.348985067863662,1.844241119823346,0.7292817363213497,-0.23411043987096813,294.662330359862,0.05767156233386314,0
1.2268151218502523,6.684988099644547,2.1293428044157188,8.116561802613072,4.836547966237703,52.68172507756393,9.894666939099636,0.1573041997592097,0.060382993022510156,366.5354317376432,0.11434373082247547,0
2.097042244784114,6.679642326065419,0.935865574634735,4.135223504938594,5.883968594095256,56.41460112581273,4.636753937485141,0.8793667583586912,-0.5714983729737175,393.0076755324549,0.5495568151193321,0
1.6761438040202976,5.583653376381317,3.866520200571877,0.36189960425619927,4.542947113021077,40.06782216893131,1.4328526616007204,0.38019364967793945,1.3262029479475612,359.8875208202481,0.21493828700747974,0
1.58749925240281,11.49955426360645,2.371863199873095,0.6748270550218036,5.854200552652219,9.17801717700681,2.304942379644692,0.17979982339278217,-0.2868901481234414,341.07512913751714,0.5682639045267616,0
1.4224088466780282,9.058159804578404,1.7557184527840604,8.57681601274704,2.6326795616377043,73.88826130164124,2.829811059035787,0.7837816403512589,-0.7950391833033416,296.40166375004765,0.3865028932810744,1
2.86724092469799,9.669257999877477,1.8054982031323341,9.60994801912396,2.2099107233176154,78.52468496572858,5.20698918052247,0.5719845110077214,0.30532619807269,265.6379543880063,0.912041419641015,1
3.343965567241915,11.381038210841368,4.261071033614897,6.915252430911504,4.316500740815437,37.328256140887625,3.4883716691618316,0.37597602914136785,0.17437437188460403,498.25625880417374,0.9521992559392309,0
2.734895198261082,7.419341182305526,2.7688697714721906,3.7072461115907944,5.933972823199099,51.02456055569954,4.659115501721226,0.46548850750234116,-0.46717238708387343,201.9023511899704,0.9807949074150936,0
1.440888128764629,9.350551177966588,3.589339255656318,9.392143126367802,3.670420989209587,38.772396968281,1.8316956007933547,0.1192711560443433,-0.5992073203119535,89.72094670004688,0.9039910960886777,0
3.4333713098004126,5.271596183102212,4.485192581253423,6.661750555119784,2.8481734487718384,29.140973816459045,3.401941167757561,0.6964286837854861,1.6896716401497822,394.2666342516324,0.9865963086327162,0
2.9078641214911856,6.307407697617905,4.50870838020321,8.458902137073443,4.086165796774056,10.798909464335573,0.8891026086339895,0.42919632006710007,-0.7964665403463084,146.22097004127238,0.7208397694523937,0
2.1644971183809867,10.818720635629598,1.6425452716893156,7.681937809966392,4.595194498315554,39.205079779797416,8.919160680063317,0.7426338127553167,-0.7020671299110401,289.71201182841753,0.9625151659059988,0
3.0223908866081888,10.36737849436835,4.762256315731927,3.8534792261486652,3.260714782063556,66.37884172695885,2.147774276252067,0.6653540313572924,-0.26485815658478196,93.1106824702568,0.6597028421839858,0
1.7797149377284986,7.454498840200028,0.12437941007302722,4.839151788422776,4.859077433997038,6.277359581600268,7.617621327201641,0.6861287673187642,1.8585175689695066,328.6777373675558,0.8187534965414343,0
2.0355766254826317,7.637674394419488,1.8841778050808284,1.942708328244185,5.9004580281829035,48.65807623851667,3.625607524392791,0.8136034399039891,-0.7438472514404346,474.80333175645,0.17531449308752478,0
3.7524575293959708,8.734881034875055,4.478994287544208,2.9909395943632675,5.5878524868424675,71.05790815450166,4.849093725609975,0.668042270538626,1.4480444802286465,375.217120673131,0.6984696082224301,1
1.8715135170142612,5.0016870327959415,1.3731843990849146,7.803444046736565,3.166341494048781,21.31620725107685,3.0543581867200236,0.4768533363177032,1.6761564599564815,146.54065020197606,0.9345481438684967,0
2.40996480447381,6.688710352266195,1.3654072516065918,8.950386079642772,3.3068947325783933,18.744189851679664,7.025124456852225,0.45093480556117205,0.13360322435265637,487.0121203799873,0.5630458294561246,0
3.670423412188044,6.457622660257501,1.5131114254094435,7.272158190188977,3.4861648977983544,62.92074692764573,8.476554908892133,0.20762389608837023,-0.1183168005044728,188.1891189610467,0.22747872785379375,0
3.1231640508025826,6.753380627248344,3.061566924234611,4.70521959690072,3.5782111135745813,24.131482333946998,3.0054478104479636,0.8014990718406176,1.0321331847722242,246.4767439211095,0.5505441326887514,0
1.1866096784941083,10.64134089773409,2.191663878071769,0.9564417625035005,2.4012779967731177,19.398820067048632,2.573732907903206,0.7849975975791595,1.1079038018306688,274.15265916776036,0.7215939443565139,0
1.4419091328369111,6.957716995825102,3.633674181766713,0.6637846921146373,5.047851355557157,33.34919379269263,6.878114601546191,0.3216685303769711,1.3399314884724665,495.82343451806275,0.781299074142528,0
1.0235247723157506,6.340649254351037,4.474553212823329,3.805823089667253,3.461357054442802,34.43765092026635,2.112499993563665,0.8764137214283302,1.491700343986777,81.00113032363244,0.5475169094353847,0
2.8927653706874903,8.529844225551221,3.370996874714303,4.691835015799865,5.519279906821809,70.55757972624245,6.470429702975769,0.6301029320115654,-0.19481363196297985,363.5277324960065,0.25649962300771756,1
2.343020276231255,11.059515254609124,1.0223336009878774,6.130294159911639,5.707762492480435,51.383260395025765,1.1253951809976284,0.5308181581551106,1.060884805659947,212.86889406173114,0.93035434914981,0
1.4028245527068266,6.689447926862499,4.663409511802511,0.16424626173127238,2.0977252372307524,35.447109225469205,6.277344167614735,0.11574667146294629,-0.5952828271459735,85.2463935960977,0.7849365456306893,0
3.873802363170311,5.549753699549591,1.3224643667373925,9.898256615616432,5.954012279712825,45.07909732143251,5.231385993302245,0.44446706727788465,0.5321939946324608,470.7642459347854,0.3071539805867238,0
2.5889791718368595,7.4948331509476525,0.7494714766407906,3.702994945700025,4.840090926000738,76.54739249939556,1.316276012647822,0.6766036914120968,0.8386607495377834,315.4362436143794,0.8212222715265557,1
1.7256798823386674,10.233562771954844,0.4498363943048045,8.496137171631101,4.081568903971849,13.491100745742152,6.561215621673078,0.18077305391954512,-0.5148041899703562,389.0831034149491,0.38046951704215615,0
2.5018107134641228,8.854833812863562,2.816918703330828,5.396170386087503,3.558110433490213,20.578664129351857,4.576260138933944,0.5136105779987935,-0.7704803808413776,158.17344600707585,0.34680977743496166,0
3.0388609982053234,10.717553587020433,0.568812312403259,1.3913505998801303,4.074072530438851,77.18965299399164,2.32772749800744,0.9940923562254365,-0.41576114117142116,392.69341518324063,0.869922795979787,1
1.2287176539206934,11.717145033264638,0.6938794205631538,7.995898970091766,3.2984988959137778,76.7993636395403,3.663164725881338,0.7448847734881607,0.2617662435571013,422.81394801044746,0.8795734464762652,1
1.824111445143676,10.548637337261319,1.5001524029774833,7.127288041706773,4.490751254786193,18.28740659485795,5.022600635261511,0.592183798751444,1.6635229334461243,243.87322874651434,0.42855733267803015,0
3.4208964726519806,9.226621551906273,1.4082650484223191,5.321617240799357,2.371921105779165,15.883161284397366,1.0972314271909438,0.579729596445169,0.5957432736041814,307.3804127365844,0.058476664827486285,0
2.378994611207984,8.453391116366664,3.0211975516607117,5.194075604204422,4.484490411647241,36.58138507539648,9.584572934657873,0.13938857403237498,1.245478675201972,487.34264071829955,0.22723734032999227,0
2.6397314260968847,5.280483604437867,4.0837263973634075,0.9660480969341878,3.1013794005537765,8.728871936597683,6.722509130878788,0.9615829936671425,-0.47756641512566034,431.0283387684915,0.9138315118133307,0
2.2984480066284076,11.89025385169829,3.806748281014462,6.5929045908813535,2.0705393162093855,54.11776492138551,1.204842816619421,0.9353598942565386,-0.6820654058343236,250.1825274806739,0.9038118702023049,0
1.1316998279290154,7.684367858025298,1.3124222735823836,9.121327041967568,4.21082306465151,10.812201624630664,8.264049406418902,0.7141642396079019,-0.2811479271032806,349.05823644013066,0.4806775106887752,0
1.4972493394604678,6.065597497418068,1.2265524899298996,1.0231247002914479,4.3137910234107855,9.352222032071055,3.361038323272225,0.18911048471339498,-0.05835876162892284,402.90416456113087,0.33891087191208463,0
2.3366249162256727,9.666961987775197,4.828957650534838,2.708763361424159,3.706276018846144,41.38902021566369,6.048635459789202,0.2870505070744944,0.6443060564665983,60.94796926021181,0.33761087749991303,0
1.6275563962237833,6.990018023668215,0.041181207959800625,9.032848937076778,2.2891449302012674,76.83399770825761,2.915999847479818,0.2655185822880267,1.6437299610933223,314.7646939813717,0.9023350624971113,1
1.1499370859790363,9.100447896517334,4.398602665301079,2.915004707215954,5.5733718112167665,37.00969520473697,7.3873782601631515,0.567620636591097,0.2782778503320964,493.03787603571874,0.35849664542674065,0
3.530948992155471,9.107375354912138,0.9986425956120248,6.5740423545812705,4.445723228911556,31.73608689954133,7.285487955001003,0.28702348705178704,0.5563945635349103,476.2312924218491,0.5360012467531041,0
3.9435775874923475,8.120108746320085,4.736421615448839,5.394699832937127,2.4628531982758783,79.84675366267145,5.610025877349696,0.7262205053897784,-0.9861593920452381,424.5981776431,0.744460498063253,1
3.3794286219902183,10.8528303088153,1.7115364241375985,6.003643289538235,4.043722306376591,44.89767205843876,2.5610708062214655,0.5907068973724502,-0.9000638113261401,97.79634190880839,0.2490069895289479,0
3.561354765114001,6.854769430888101,2.2017588694662615,4.216310125614806,3.989017263793886,33.14310551676864,2.686297313619026,0.11589235933838994,-0.7486924002173572,497.31865363226825,0.29114712750659894,0
1.725931390951136,8.14042814132414,3.5356030697219047,3.0699155584817404,2.241607475171708,33.93956100062014,3.9520554076104415,0.7696515133320864,1.096982256437086,324.29216891207716,0.39015879844037044,0
3.8818809265395995,8.7638449001368,2.9383452573663016,0.5804811622237228,4.42743881441179,19.621962202513288,1.6211192404835961,0.26994586298855366,0.45857410631575224,150.30871224327072,0.6715122198800205,0
1.5907771133602853,9.645373045371098,1.589696648534114,7.468381299012226,5.233305595686257,43.41672930856542,3.5090259892710516,0.8423966077126092,-0.42111640440442566,353.4209103264425,0.8266161185890115,0
3.8542894310854967,10.487802953539127,2.7691545793391175,7.486325275722845,4.996032216993912,37.91412711260043,6.906675092233463,0.4195408934106811,0.7777983160694575,435.4356029358566,0.5693704751644496,0
3.9844578818978533,7.763650980147792,3.653534421814431,6.74018482677936,2.8118776566567334,25.309647226056004,8.342283744582328,0.40475771198347277,0.6338364554571083,100.54749238143613,0.1762822998171425,0
3.1351684172381464,9.522328608676172,0.21167472951246047,6.471974502384244,5.449170118216846,17.040506495131986,3.459306446834942,0.11063560220038948,-0.7336020945700128,462.3971644802411,0.473933246916235,0
3.9434311953754655,6.054276671479634,0.055996526278520586,2.5127996084585096,3.3701686626374037,28.342915150066528,2.4891845308927674,0.9889560846307154,0.9212383181514388,464.0919266385478,0.1713061860170343,0
2.708619338701311,11.52853670379735,2.2903346953644563,0.321214844286283,5.786033513167766,43.151249576579694,8.359897267684316,0.6508039052546775,1.3014646178915306,56.05898280409303,0.13388231118336055,0
1.7786253495282711,7.681411644947024,0.659183089017571,8.106282429165853,2.286991856902855,9.374995421360126,8.928899468382028,0.4804571495673916,-0.1403367768727093,455.1436047485274,0.6101359313588754,0
2.3109876569968626,10.106649953835069,3.321721457323572,4.962271503388686,3.9448347540793707,16.5308021437967,4.218210928458231,0.18695926401520513,1.0624665859829228,476.0680632080703,0.9584015062080269,0
2.7806828061363578,5.1423875731752435,1.070262281137171,3.1376974939559217,4.388497508710197,76.07429502268215,0.46366070772641177,0.7292332577359152,-0.40084144897364804,66.96130864115534,0.8457312416673565,1
1.219244686081045,6.436310000333648,2.1642555339783547,1.1091258771276438,2.990600393898419,45.71415132735042,7.01062388476269,0.35445742299274496,1.2701864411352344,182.37484557862282,0.7857476994153684,0
2.867029793851738,8.409577810265045,0.9883546843713448,0.7209437499237452,5.0855207548809105,9.75869777450284,7.883525714594669,0.989452736537976,1.7353225073681608,217.8983780672569,0.740703167572067,0
3.9435335102868834,11.147767274126426,2.7424179287456223,3.5537805457722556,4.507582719242868,56.981581907717974,0.3766376810115143,0.9554926232343908,0.3256013714049413,207.00071242987556,0.9022714642789128,0
1.570322949351183,8.69078604965474,0.5802672969228445,8.066896941192711,2.072437749151822,9.635215255927605,6.03130236274683,0.7617670109225098,-0.26613376536514644,391.5514567715851,0.7651933299356388,0
3.37778534886515,11.509093376057153,0.1155342639374013,9.195365118404922,4.433474362784944,60.41556702847797,5.966013830792916,0.9739647372546721,0.19753010659309966,211.14700665074017,0.6455334780357329,0
3.723696381338858,8.386578276079575,0.25565819053348593,8.97783850966934,3.9659129376737856,61.247204129002014,3.9113375057295583,0.19507047620838655,-0.24976758203284932,480.460464452634,0.3964460762600343,0
3.8311047784606624,8.43314367715165,4.77129220757655,9.208008264021583,2.7841168068140307,53.83092318119395,7.54771979333821,0.3519238244828907,-0.9962818727008736,497.74668138713207,0.1458966953668031,0
3.8804068132163416,5.838227519503723,0.7114310930546791,9.086480896980493,5.982992908238119,59.91534084645123,4.396154573520735,0.3279189599120612,0.9513698354133355,192.56849181781098,0.4879816956518098,0
2.564378916164416,10.61859370906554,3.5423912656841763,5.319525040843919,5.58864877931046,11.59743357597933,6.832404327555369,0.16481139261337224,-0.8724200741134093,278.96033894292805,0.9285450243380989,0
3.931923723974511,6.728757887269437,0.33963102111413124,2.272214821713348,3.170030780116254,59.508541426645074,5.26774958542449,0.9750039381743102,-0.3688277793483069,300.96762813500334,0.6039452521063949,0
3.2719306214033166,11.297287425606205,0.5408017611759108,8.000661170084522,4.164283683194466,15.251623979291221,2.6349531260878707,0.1539766779822045,1.1673486683894634,310.7312734851778,0.2252789709003769,0
1.4850143087108858,11.375769542312772,2.5443812570466733,2.215758451040532,3.266008559641163,30.462943045388286,6.143708457499292,0.8710200135948967,0.9971750417473504,218.39404738788483,0.6665721430568017,0
2.43070031940391,11.603170783119047,2.3243546507717183,2.745352039890034,5.101983006544312,75.70589401254746,7.421703249489249,0.7913452821191553,-0.780013263861503,124.69707588147335,0.4921891223764792,1
3.154993526116012,8.64161342372163,4.7579015471993475,2.40921778604323,5.72132573278582,42.71566082443551,9.744275599682636,0.4382803787243136,0.9801642232372312,74.55224377900745,0.9348110841538181,0
1.7420209474572501,9.73965649348551,4.724177265103687,5.1983257965884775,3.4353144276575343,77.55698240622604,3.9250676786636527,0.1169266263668191,1.7917246687273476,97.85689954242446,0.20289291455890246,1
2.921845550646662,10.449611160431644,3.8980432127123255,3.2860923308738914,5.22233699657451,11.669184416505317,0.8318309377302409,0.10548631448368256,-0.7764925929454506,455.5810569172285,0.7264111610814245,0
2.999801437139858,5.917102330553259,3.0105091506367487,1.6261448912908807,3.9936301708528195,40.816744967238506,9.882117967969249,0.2835944566245309,0.2470646830299088,176.1687529792282,0.6975223415664615,0
1.4880992314256978,9.206700364982481,2.2748015869650553,4.586416777749435,3.5863142452463093,9.6801740207653,6.313305262370256,0.5444889220304138,1.1883016703424243,84.57034244497004,0.9843644995954295,0
2.6952559373582687,5.240085309123182,1.7808926716421052,8.751681663973153,5.753687408395079,52.26576967994636,9.475214489975539,0.5121189803666362,1.0031690095337398,330.5883647949588,0.5866665202875168,0
3.314880732935823,8.482962583721081,4.735437734877777,5.7484732640047245,4.041618754876126,10.903025102638729,1.2175054429089696,0.6267633189084347,-0.32046837259150507,83.88821806757838,0.8779953341369581,0
2.4966869936078258,6.083898771341592,3.0145440571234277,8.795522498287111,3.8696420010298596,18.1525851905283,3.5519316307304853,0.7947633786946858,-0.5107981675098809,81.52382285106091,0.07347824065485917,0
1.0363093503283223,6.280460481734593,2.8953626384299724,2.0391346322834605,4.689737607849372,24.412273255196038,1.5125796489526981,0.4396191533741851,1.352741012122796,329.7067276420497,0.16674736981292598,0
1.0271154072378765,7.55533296684821,1.1595056088445743,1.7530413493582848,3.0449368040731377,61.15578887483624,8.387999514904182,0.24432732595838566,1.8687339657163902,316.12785988933877,0.378641644204204,0
2.0710880319100364,8.02706016701552,0.23348908942556534,5.79821354441436,3.299171483153263,17.29715891135561,8.827358866007298,0.8200440251455815,1.3027504026284875,68.66477912748205,0.6383610272993759,0
3.778582205295346,9.36220697172531,4.725942898797722,4.686956125308103,5.728183344954491,68.49740399698008,5.112854658775201,0.3994216131980898,1.8896134465932501,257.21502549662694,0.4766253777190382,1
1.6860303388108262,5.520998929069609,1.5686762942232697,6.635709152304873,4.71411938174777,14.892795412310065,2.0287409330878985,0.3581937080140156,0.8149862724111283,246.09573855771558,0.24256143497925942,0
2.9030910666150613,8.525842328662112,2.2129451166222935,7.966805231165138,5.306548591084022,7.643333680261725,1.4457658965891438,0.7878808345863118,1.7872965820757512,296.0101083661498,0.6097435528968628,0
1.6662276120799617,6.2783759117717075,0.5731997179285342,7.537942226956547,3.0844470477417185,34.62840642272509,5.964008278786027,0.94072549427483,1.0713070836346605,382.0301196965544,0.5883641063742947,0
1.965009968978646,9.017826225222194,4.18462164954646,9.428385619219755,4.175160759719488,78.45812314784713,5.162487980935946,0.9234651538096812,1.7266542506032598,177.26002140298735,0.5482251045948062,1
3.544126268804452,9.461832285828285,0.13815916427965313,4.042738450654414,5.885585067957993,13.275667084158291,7.008933203203143,0.22369818327146074,-0.5152330960912277,244.7511276127146,0.13602830650516323,0
3.1865843268098404,8.896964795869977,4.169953810495483,2.14322874825699,3.2748155961128704,12.628883302972177,3.1910311736759143,0.5528423381223696,1.4466956472318468,406.73420796243425,0.9306742181184192,0
1.2861978319396319,10.168068573348155,0.701425063939834,5.554035135484069,2.6419059052681675,61.33748830967179,4.14320635123875,0.18358325535535608,-0.40976259713964247,465.15037570725593,0.6126425385163646,0
2.286106062959301,7.3492647096863095,4.432820563155761,1.1963568898927375,4.043544032898656,28.412127049517398,0.4093385237413423,0.9648783630157598,-0.9177126941621282,451.09533787244516,0.30079215983872437,0
1.0875092909357935,10.355746141431915,3.648863186680787,2.9596261209831516,3.551284354899505,58.79612129192877,6.179401841740185,0.29370509728915545,0.5527584021288887,264.9339284423188,0.7030472808747946,0
2.442670439809027,8.029369571957355,0.8233513125365255,2.1580917471051304,2.638308931146854,20.000794208252252,4.346806509195483,0.27768661728919725,-0.045244658314467,284.3896086509459,0.35201259132544294,0
2.9873020351032045,8.389291488258177,2.8290899642973404,4.025980796291101,5.554205530813472,39.505399564862216,9.21369341137179,0.8999971057058315,-0.8694059146359464,288.0974489684717,0.5305632254357046,0
1.3555078707944546,9.5367148908275,1.5632815717760973,1.2010440925219323,5.962895642215111,24.89674083116884,6.489505717507089,0.9710654996097684,1.940913136184478,440.92200636836816,0.3740751825060338,0
1.866654816727497,5.128508687994568,0.8911654945579173,0.4152332710261687,4.274328722759991,38.86461611593152,4.107206016207,0.7278690333657309,0.9993982864699784,427.97277812210035,0.8863743252108083,0
2.1935098765064707,9.577959549941738,4.295910997055542,6.6022606458373145,5.0987070734938165,62.682281943897785,2.783173972558834,0.2089045303293024,1.705436519646796,190.1896378454053,0.9942815553081837,0
3.7585930739681492,9.330096043504808,2.017613832536147,6.141464885069068,5.436153478185198,62.150745535824626,9.07179243755486,0.5372700494866065,1.9972477576158445,123.28236023991586,0.20312296206150376,0
3.9797650462688923,7.168929817272959,1.9927185718269125,7.1127534667827454,4.803928024087307,43.68292157552927,0.359397726350944,0.8349445846554434,0.17590021001327605,220.53855267144573,0.07240000302876702,0
1.1347338969868477,5.600559994296426,0.8494333740331,6.637825758686305,2.176624196446925,74.62788827907882,3.403742179073444,0.6152294653374206,-0.23578891379765443,179.78287246223053,0.25835638163294034,1
3.283023770486176,5.636548149391288,1.9153283804288934,1.2315173433095967,2.630536926867271,24.783807683620548,9.446354721122743,0.21933536925550118,-0.4483468219395137,477.85132616670927,0.6104543839427328,0
2.11517219920703,11.4625662288966,4.358084231644251,2.9816809256188987,2.283956764605546,23.02335133394248,6.609523468419426,0.254698974552905,0.5455613233740277,169.6620557473932,0.2152535825986564,0
2.17737455868844,9.82495524858086,1.8156435524481795,1.3823134380134885,2.0395184265682262,51.03548008815753,5.420646898576332,0.8777275082513245,0.8182423325064725,131.54300677712098,0.8209102033758456,0
3.262794920041068,5.889718296395182,4.75801781249894,8.445426780280775,3.223985635028946,51.59727756625918,2.194640235620189,0.574326247318735,0.4172682080975745,454.765578151647,0.43823704795472024,0
3.755279296436226,7.497062185162345,4.731544496041938,7.49434618801968,3.569423841926239,8.49050296737305,8.367072787692994,0.7352530963900411,0.16175604453704717,88.91537196023197,0.6300061036784231,0
3.8527857835076453,9.147380957311174,0.7244932965367301,2.0951173288906,2.964118929343703,50.58332842901732,2.201150813409206,0.4357562736097583,-0.495182309622615,167.1197231419071,0.4828369495417159,0
2.7313677581149625,10.84900193563454,0.8865562676132244,3.478961480849945,2.2584185923452837,33.082711801176075,2.63288460890825,0.5792370246269574,0.3255788714318717,247.60003730026477,0.9081615255380059,0
2.0713634779015084,5.3056265009910595,4.3133703516594455,9.669488423415721,4.11945236334671,61.058189399041936,2.0801412001441815,0.9793928263489226,-0.7442705887628052,317.7983201718569,0.0833785702091639,0
3.362647257576338,6.656431920290062,1.963804594623596,5.98217764300855,3.0932772798285666,65.60792484089546,1.7498647135813152,0.3967327332713243,1.5951432766627756,197.45280336798785,0.7428368008737697,0
1.753004149786901,11.22824293206766,0.021869911415046683,8.031440413281457,5.184148619454249,46.41153646602774,9.542462460592269,0.707309674757447,-0.8592920437061218,273.3052986144522,0.6695635266738234,0
2.6922220865005535,5.064158851286716,1.369359098526855,2.719451244210419,2.032210486501125,5.1278773626698815,6.099909642184823,0.2552550014757068,0.14193818519466417,139.4740338937729,0.6670392794364719,0
2.0757353845746196,6.409793719557212,2.9881449659777997,2.1795239097751216,5.370108205150441,52.72743576249815,6.450803893698922,0.20956589673429998,-0.6995863928710945,308.4233541014684,0.44328992338629486,0
2.969893221123628,11.713169231810761,3.99632982979984,7.860777595580829,5.819014715783828,61.16609597494507,9.552389563652078,0.8052761001331268,1.3249414984012349,233.51756372584677,0.06489146705210265,0
1.7211967386805207,9.293812925655198,0.6669430854662978,6.8901373067912575,4.864540252614278,23.673744967363568,2.459635540230514,0.859697388988449,-0.06178906351621949,432.16685927080266,0.7047786858695599,0
1.5747788372044773,6.831699566462545,0.5527068220836767,6.8416814991964605,4.934576261050266,39.84845008555916,0.25799187825738223,0.701480525814474,-0.6606831620423356,237.08036002489357,0.8379976521678406,0
3.754717260026311,5.4689376607709335,4.610463267861658,5.57108236010902,5.734249246410933,77.42949675588412,6.069059765788854,0.24237625379002758,0.5944738965935414,249.71693804692262,0.13096879543798073,1
1.3054110488486108,5.197339383130555,3.7557418391129134,5.679425593487833,2.8362851412013965,27.35866650455776,5.176879561596755,0.31652916907828477,1.7488310216886203,316.4787452040856,0.4695366290317702,0
2.517873723204795,6.713215557458491,2.9488980038903922,7.383405302531912,5.978262272834307,21.73649382813056,4.880973698503283,0.9200581372856005,1.7259346133576101,105.42650183462365,0.20446511124970146,0
1.6625583488890268,11.170400737122375,3.8459339499796403,2.7730245630998334,5.0939248135141675,20.814109285850762,0.8064260702127515,0.3598336439197807,-0.2510468766016303,120.55782951782648,0.6303908971081279,0
1.1167898899770023,7.911395580082567,2.144271806533192,3.592407811983862,4.906282833311175,46.91006257654972,4.653461692432889,0.8369744645774058,1.1589790278807004,405.6069862522582,0.7963246325410848,0
1.108056454874279,10.042333584161952,3.792278736545633,8.729204028148546,3.444362315981171,76.23403259810048,3.01808373788885,0.3573435600193614,-0.9091474214770262,173.03845061279617,0.683371236681036,1
1.525665316317482,11.427995247659705,1.8590149563726788,3.157765490020362,4.183109941622442,50.6517596900266,2.890733836798269,0.945516312391091,-0.6044446104897262,358.1136180178052,0.35215706696159116,0
3.6003110635180007,7.856283231219717,1.2204728624630117,5.50846475665506,4.615671153093388,27.749234017824495,2.37933948575511,0.9230076215533027,0.49841711094133867,93.84213648974097,0.18274606769076462,0
1.84743623193108,6.33894159726178,3.645067106464843,7.056130693666172,4.481371445268864,52.89273335505906,3.4587779255947937,0.13893685626590918,-0.31373069653494357,419.8309971431059,0.8045547387479391,0
3.8513775117258873,8.619825515998436,2.0983614607863417,9.999255785648447,4.8199385539103226,51.86317231983406,3.660704136405442,0.7933725881806677,1.394785561880414,494.7026499135307,0.3577210155680575,0
2.7448668789675805,11.35658580941898,4.906885521630974,4.409384181803786,2.3295269563136425,49.76938517972407,3.2260026083475757,0.25251558421096637,1.7932165161579836,218.16092534350295,0.07103284015720482,0
2.3098425693062983,10.630620898963905,1.747425911540505,4.338119478586943,3.422593731326787,16.956965516622653,9.791776614051187,0.29374446331574333,-0.9870000505516533,277.4885458617035,0.5928501536317883,0
2.740266504008364,5.460808903542077,4.608637102655329,8.441624956393309,3.7360000663819086,52.592509950874565,9.340764637992974,0.5138606910983282,-0.30125251119706065,249.220390927911,0.2843434447217094,0
2.5500951556788034,9.848009600543072,4.664812742835397,8.074480801472648,3.042517191499866,37.262333938587474,5.8301989753436505,0.6186863347745051,0.31866003822868194,452.38448688756057,0.8491456984402681,0
3.2763287612719756,9.003282657212676,1.2092647353237307,7.33765122917203,2.690509081076895,6.394404396727502,9.814337416421036,0.39321974707344276,0.6892378650571656,54.47031696359583,0.1860924441712396,0
1.847488197918557,11.352242234424978,3.991105907940067,4.685973410349386,2.5557099196514512,45.482336536062135,9.913740501128062,0.6178450289987882,1.7477083327763032,344.05669452372626,0.4630608066062878,0
2.059151174800907,5.857369917952081,2.165372525722826,3.3069972895910866,3.4655335690263405,79.19500589138133,3.688209158169565,0.25359253420702293,1.6756504715458806,343.56572276158977,0.2904736934304612,1
3.682282907599752,8.738252792432597,4.58762363615174,6.1264317775900015,3.9737668022502635,31.230469313298766,4.562837948249497,0.12010388894293338,0.9115102984038976,222.0732537340789,0.7051215382600272,0
3.8393695394512166,11.156238854583247,2.2506213631761938,8.774610602003245,2.251905760586643,77.41694137389936,9.598805414449723,0.6141019495255868,-0.2278359577483463,148.70013895265657,0.5711043638895504,1
3.6776746824594237,7.8701665071922005,3.7215185866868303,8.849396836265006,5.785832378362198,12.21543062469459,6.164536753127129,0.565673733966087,1.349863429635084,157.85720663676605,0.8014383332861662,0
2.2583439818719406,8.373964424130069,2.3348370458189893,1.1741336161973406,5.060973291443034,59.933758690047966,2.286705011805271,0.7206885676683324,-0.3920446861383047,410.208854546251,0.48568194646246954,0
3.341096509020645,5.4932247436687085,1.1390037785642808,4.340667809750191,4.923407092741867,13.57474959971265,6.955930549697704,0.6848398557710421,1.8955169722904501,79.74639336873156,0.05456800996717581,0
2.4290071999032965,6.947005483142376,0.9967506447234314,4.70074736636762,2.691442099954908,25.51786801664556,2.216312584051658,0.9077377422105599,-0.982480252798006,303.7208658234615,0.2544366565125209,0
2.4926195564383065,7.271546544182631,2.127155971281728,9.778392138485158,4.415203072048756,47.81306264915933,3.5257058879840892,0.5135217581453914,0.7093115117237045,188.0782713402195,0.9991992527845599,0
1.614040327171852,11.615857141214208,3.777473285071075,6.812180350901587,4.118899787234669,49.45847704825617,2.4300895983344453,0.10753252722364783,-0.7348082592351167,169.36151561074416,0.4350777398440347,0
2.773390909775549,6.978671523788114,3.025357425903834,4.131739530894499,5.929875383146776,63.14084879256284,2.600806116151654,0.6675874134371687,0.2227985905460641,277.5819494889662,0.6392233524919142,1
1.558407693260044,8.226081146887564,3.4431464495027164,0.35797307125737066,4.990687080320631,51.14835554205794,0.24562469935446607,0.7076191866428966,0.9048006209312516,454.0376778258952,0.9096850276558193,0
1.9946940972015814,9.699130964949958,1.4116317536597123,5.6973130849820395,4.303047534864925,49.521102828542055,8.830946555554627,0.5693454904563727,1.0687954867757492,328.1413635667989,0.06949797303783402,0
3.5650906048598054,6.1352836068551415,2.4071767297880275,1.0511521588197257,5.403250665880488,73.42648152418538,3.1007068537027798,0.7203743832170941,1.3567084090218056,404.8747824898956,0.6766270265775255,1
1.6212274276325656,8.40509670999312,0.221976324846635,8.361054577742854,2.620377083442838,38.91205641568679,1.046468919323386,0.39122543191253745,0.7799831082943103,320.30770066829643,0.3239581252795149,0
1.2134748555202983,10.169773276331354,4.087662079790603,7.549934739646584,2.060866118763909,21.894933402129126,1.0524765756746677,0.23392747287197127,-0.24604194614201658,363.97210094273333,0.31528584258480985,0
1.207022777838449,11.067986491189462,4.949460811199373,4.65904068309097,4.760933333658093,17.13414387677227,5.648979109317332,0.6980982975607659,1.6677597288046146,244.58344195698302,0.2636088330858915,0
3.8223535615093236,9.383814922636986,2.0343953131233543,4.349186717462827,2.39324584094895,34.99959476071248,9.930621395232583,0.32066778629397585,1.433322239041063,466.69173584368275,0.8315927554766018,0
2.5207613138855036,9.683374607218635,0.05481826565771675,8.98365575913081,2.461734559934037,58.45645663952718,1.621220179247878,0.5106843183557844,-0.5198430468794499,275.8725591976224,0.40430034582416974,0
2.228236215451055,5.883984308091983,0.8489631977547368,2.9557376691394714,4.978722905698122,8.190761369742567,1.1762934533066627,0.5424604575504838,1.479533552623547,298.2986011520434,0.11376071134740445,0
3.4326357430237553,11.62043548072443,3.2626343887520943,2.565297624857031,3.0821393765359564,14.679003988205459,4.495378027940489,0.5294795954215497,1.9179335477314452,286.2344764646823,0.14200859998900495,0
3.507477783731548,5.928018542391376,3.060396591019296,9.398054584975045,4.514524862275572,12.958509507772956,5.720646287639796,0.6386042293119603,0.9116573504237531,192.2850590742133,0.19118364455246195,0
1.9965730993468138,10.422710560272588,3.9393235979277197,8.111533783859478,5.669627704370994,48.89376147885941,3.0849275170038166,0.12650833803327297,-0.15458433065831867,154.05729601963355,0.903981207888379,0
3.0808541724213856,6.853714252448231,1.269420054805341,8.224193371365226,3.2658981265514333,23.21484878984497,3.1647165066358913,0.9907142454370793,0.8197814938202428,83.22573385199976,0.45607125518197533,0
3.3133684475556597,11.53515200590876,3.8181595777356705,2.032418761331663,2.868576631359675,17.469457122604737,4.359869718119706,0.7446794265447142,0.02760520744489714,373.17874190114685,0.9202468726195449,0
2.9639520605978635,10.039716775586356,3.4399201076183488,1.5186303151662508,2.426251534964207,49.45780398072667,3.2786270284759396,0.4828490036188864,1.027839411926919,180.17386842666684,0.8266054991240182,0
1.4547852244002981,10.276695990848584,1.6140724885692164,0.3576925431896355,2.5218494456789045,62.098243658928446,9.170249518971463,0.27219702726121986,0.6343998783676204,225.13908343802322,0.8459884901949556,0
3.627649250551171,6.533414211419183,2.72744074028481,2.4467109382949324,2.248890781515371,29.91161873394983,0.6111547986481638,0.17215959019902066,1.7884718362692538,463.96767322679574,0.322490220575241,0
2.6172836582080263,8.101279836446125,0.7363690424916336,7.764485867971815,2.3505695153189605,48.365345425744714,2.4987875667286916,0.7049713785635097,0.8537256296024083,304.90130723534315,0.3077486920740589,0
1.8474172791100112,9.324692362125004,2.2628225171779133,2.476380345765083,3.7280183552366157,12.359330989959513,8.12381740302873,0.3852600534627024,-0.35805494881849276,93.68512875677222,0.5820649608459366,0
2.275684556313082,10.389815327446208,4.4059866977782045,7.318122507589274,3.283460180095879,75.13932728431774,8.372789621716576,0.3065306124248812,1.175329620025654,409.82536077073235,0.4470287138904532,1
1.1127132711967223,5.727715631386727,2.105956899126954,2.593891827137473,4.826243257291992,30.267213898607963,1.2932397738491712,0.44195894840110006,-0.09736504641735422,165.25876959925495,0.5336076538853294,0
1.3836004036672527,11.736557215181698,4.19783353237711,4.013395729711649,5.480966632988007,79.81292698801259,9.742881810124624,0.6336307790269391,-0.182827141153587,298.71762919078213,0.1005439917648145,1
3.296640251547583,11.231544693881892,2.951266826298472,9.833306670122944,5.139092812569537,78.39408168873365,6.9948775290112675,0.7045346950156011,0.1753298767235103,279.49166368879577,0.9730106816994016,1
1.0000349042660983,6.892440133469091,0.9593835655117838,2.5236361397129423,4.122549026662609,63.411758700185864,2.8714119486392375,0.6806530624190771,-0.964009962811973,157.13547905834633,0.10526036744811697,0
2.2496974854468768,10.759321701226323,2.905531223489482,3.8260692102528497,2.4097684649306137,6.505032155522503,4.669171075181655,0.8769390251427762,1.907421980483841,102.09696565756147,0.21988973277879298,0
2.5675305432567654,8.628267461278764,2.5299166457853173,3.0807630866056153,4.839069135766215,45.76061902882725,3.1119584717660786,0.29688168796310377,0.5969933340760947,145.06772292273564,0.6942904985934951,0
1.1639032600029169,8.23264537093413,1.99320667598192,1.1852873646670228,3.451314898907494,11.512731533000863,1.6702180485733098,0.673071546877422,1.320481681618881,93.80200980378453,0.197726474142154,0
3.9192344889169988,7.201038740679838,0.5981521975803517,4.949952007095167,2.3426015756616407,72.1353519471137,3.053545034539369,0.19100293856748468,-0.2264433328663651,174.03260852844554,0.15152643132239957,1
1.678375993749016,9.066780106421147,2.083543319236149,3.849037566996723,5.369865628850503,64.22271894855521,5.884900987398261,0.59314122090926,1.2398543949008767,498.78387983185905,0.19593936230237602,0
1.9125961589088427,10.109223823925184,0.36381188119813557,6.979382149492073,3.3528660687300222,77.92552824467622,8.294503009387594,0.6255625622407041,0.701511506834406,230.94151935862214,0.10882423105558864,1
1.9118275367650819,7.876530334739307,0.49384525699375625,8.194186014820307,2.8729953300462854,50.62872148623465,3.7625849339178568,0.2946135690407563,0.27243252133850726,438.7497761007546,0.2887528032454271,0
1.6912499863520498,9.404534351058045,2.07958266466358,5.488072173506821,5.485808258475373,44.16296033632535,3.6094350973688494,0.4525238169921132,1.912007678589386,297.1299614580777,0.30756330746407384,0
1.0044214662589344,9.895190448087126,1.5269074098423185,0.418744578664635,5.60853547378802,43.92303919582907,4.786406870596962,0.8444736006254222,0.48153114243921746,349.9623857001798,0.5236909831709057,0
3.188034382263989,9.977852719107002,4.627721629311117,6.227331326723744,3.3558833487662394,33.98362808407587,6.5166448796505945,0.2335681483776671,0.9723757456690305,120.3565863877503,0.46678639134453626,0
3.900536499397856,5.363762686918262,1.8785290269013526,0.648368227207298,3.4192056771254937,40.15175504218557,7.565839371836631,0.49105557785425624,-0.9539734255303609,173.66264033988895,0.5000277443914029,0
1.672880449855135,11.01823463979547,3.7892906103605006,6.201927603630347,4.318514110332576,52.655943735151276,3.402635147034844,0.9394597640903067,-0.09563438050405504,279.69954036301647,0.6352375289984575,0
2.989141575410267,8.207773203355336,2.6512376318312136,6.881796497764966,4.933765975242633,74.97107056672078,5.946254184686362,0.5536980349296409,1.666074698480199,446.5145454020783,0.26941335968706664,1
3.2256889808761455,6.836912571873501,3.520428343211677,2.0578995134134326,2.252596807627454,49.69132536920233,4.015736244552648,0.7526203406499583,1.2768771833480566,69.29961614822308,0.1779689245373004,0
3.545276137271574,6.692351552357771,1.3005799150769959,8.211526872345534,4.373374628753886,69.28369567380254,7.2207185335611825,0.8441794355999959,0.6102621085269493,278.1139818045744,0.8849343647132664,1
2.2678875910408274,8.381098789907654,4.709524864191645,9.119742802583081,5.811280247134326,69.70849334768755,1.813814221066804,0.2833969373609432,1.700479121339856,72.95549562879346,0.6522442725905038,1
1.9087927169212877,11.207820776282714,2.6504424845721197,8.149560944726815,3.0483755887198147,43.912450688619444,2.717863677502702,0.29639551197963915,0.4586615396226672,255.57020440217715,0.10763012923805965,0
1.9758854020690935,7.648433071778529,4.156620356426249,3.1205809830996136,5.635308856387735,31.06022311232162,4.375392114458949,0.7827323104885452,0.6995211925633269,332.9906716996866,0.9629990674057792,0
3.1378639992955386,10.248080227484802,1.8252284673805674,5.907765823211781,5.800673363052375,52.96804049990608,8.916264941229404,0.7779760643587609,0.14645854159263694,385.1254361427383,0.7084150771549884,0
3.450338399516908,5.677731116910531,0.5010567452526227,9.156669976993154,3.076614563884359,38.44080064361321,5.818592735636765,0.15416498857565716,0.8601201101686526,112.33940236728202,0.19411940998266103,0
1.544841903269808,8.332396915057434,3.368558238604244,3.2745807896062145,5.016807463541403,11.108065049144967,9.660881966017834,0.39024841662546794,-0.0429954072373786,124.95887755760664,0.9706777100925806,0
2.1128230244732955,11.941802982749149,0.038798241687122426,8.218275440427707,2.95510003327824,33.33568253243253,1.2121213157546216,0.4586792427175942,0.15647653262707162,261.52921476130575,0.3971369760871514,0
3.70582059024745,10.393064619546358,2.376464882827541,0.19380379949079557,4.950444646928531,79.55541035369937,4.709719053779162,0.8461363631240383,1.8989787896218058,499.1164060905833,0.9852845758715317,1
3.4200805590842176,6.473699419084291,0.9640095133322962,0.13610235756829508,5.189679885155304,8.63839025197154,4.306969594444766,0.4796760298867637,-0.6660739606012296,210.22107604554355,0.14811184792362408,0
3.9545752082874275,8.510090315885375,3.136877522176811,7.621145437355778,2.9888228148425977,57.2500183925695,6.082020528778491,0.9333360013629194,-0.6842339642618771,242.38734231330963,0.2019707561837209,0
3.2627447790462423,6.635373345539966,4.897099365689261,7.6383310630585,4.86347817433294,68.08915288034353,8.157253165334268,0.996946999426576,-0.8700519416349528,244.6010342665482,0.674548573331102,0
2.179585603083767,7.866926490837565,2.3220145316032297,7.910874159737708,5.24841815545636,53.6544427606534,8.446190650713989,0.8026535491249146,-0.039866440719197205,86.31536961069295,0.07103629190776958,0
2.771913501983913,10.460588166144753,4.087491282628333,9.307265695092807,3.434315488427647,47.73111733724675,6.767907165313982,0.6997480206105317,0.19468772740377283,398.3774653804979,0.0677551591573239,0
2.983042762741961,10.398573707032826,2.5389209347556054,1.2672724870208139,2.6708111039589078,58.06658127340682,6.487056369606426,0.45270744938841045,-0.7164530677913612,163.89568599174834,0.8023836906136554,0
1.2353674489513717,6.596702645316696,2.4792001555201204,2.396651351338515,2.3678582692700543,37.20070529747417,9.500489512039113,0.16033550144683006,0.6473929861004888,366.65017559731393,0.20939131515282933,0
2.633490877311595,11.45556322708402,4.652117465893889,9.046876711700696,4.301526814439768,11.852130298165758,3.9601365360565617,0.6158248807565175,0.7499045871646073,263.79044547601586,0.922850492958227,0
3.1279624854178287,9.147977279353787,4.449829343733407,1.8546383579462993,5.912392477262853,77.17788157275363,8.361276479047184,0.4255344149895919,1.2530800808399842,325.30088399872284,0.4546013540628031,1
1.5019639120031811,7.659470036734102,3.929002325939872,6.854069749008182,5.2918012800888645,37.422557748814704,9.230736525504483,0.4158082682491092,1.9279043498474047,74.28723642274832,0.8799697365843119,0
3.3418951522766713,8.513549065466025,1.4812787665839204,5.351583700404072,3.743358555738211,54.90419278760132,5.017084593798931,0.7189383274384921,0.8580567418771987,450.48455798745476,0.446875404882202,0
2.751318341542335,9.235498774064206,2.725042078619703,0.9236174008299217,4.146483611419834,44.848282766697146,7.345205270312344,0.5172754227369721,-0.6650475799571638,159.735546238871,0.553718504723533,0
3.856665357092784,8.919233722920499,1.119486166528425,2.9241102532211753,3.1181115416472758,9.100480398316591,3.89479459537488,0.776884460294305,-0.7344272702626516,351.54292437537663,0.3506884535925921,0
1.127266894620675,8.404835248753248,2.219583490232699,5.251684942765582,2.6522634694402543,76.45599507444038,1.75701433911496,0.45835590041684127,1.3326405909511134,409.10860042977276,0.6751725968681385,1
1.795978412666401,8.534529628625801,2.421065328798953,8.538266155169957,3.928324632929093,64.44029195857425,5.947738038429768,0.23577704693790638,0.9510023856077803,293.0174227774387,0.3522911076459128,0
2.804661637899472,6.234883372995203,4.158200200846655,7.104631047185269,3.8540062646687407,16.182342085204617,2.1254221783254126,0.5152127735712219,-0.5142568158803147,201.80030993538088,0.2620115929575468,0
1.8896797366177922,10.689130330132755,4.4801418266249655,6.256643298403837,4.087719811215041,78.62366572162001,4.684471481877917,0.9559112628928269,-0.23992008194939785,490.0565185164846,0.1269949463645657,0
3.1432724922137267,8.792322239587108,2.0731003119823894,5.010725610420007,5.8112183422557635,60.2676029128781,8.754217270617666,0.8213721662049025,1.2507211618775549,175.29787097181304,0.10478588043645438,0
3.277015847565793,5.917559031932922,0.08852222536618604,3.0569714397599297,4.415581200579089,40.42412378212317,1.042978238124069,0.28517432956603006,0.6984673454169394,476.8980517054717,0.34067563554217445,0
1.3075478921994232,10.363099711079446,4.308869198946773,1.2805246220606858,4.4230873464894955,50.85275424196799,0.4981996495135666,0.45217045148044843,0.7550001875076169,120.3008601581293,0.7496496779867927,0
2.5415633926203034,11.527107848641457,0.8713933925068035,4.149852742204345,2.512099051444307,13.005251151094814,6.143482904342499,0.935012885698484,-0.3699739861362713,225.1499591850546,0.2453390630264355,0
2.5266716667731677,11.631148294658734,3.1094098194519675,0.38233308972179647,5.985955464707281,47.03086325117082,3.444401000629972,0.21132915285390985,0.8871739449731346,112.323012866286,0.33426607763252175,0
2.1078423106466233,7.583124126878209,0.12485450217065597,2.189453303741821,5.091379776938674,10.524580401279454,4.29578952787397,0.3285552176784424,1.3118857862217657,51.0082128831632,0.9099128475960178,0
3.7987745877090164,5.948618114925278,1.9975323763028214,4.381585421139333,5.508813376376019,45.864144283947645,4.175963768851649,0.3360003812847068,1.6557566763915408,167.1163431784137,0.6571996210207546,0
3.4825189596196635,8.628797386431456,4.929801510576749,4.244191338151959,3.6572016473239763,46.45217665720891,1.048878244293723,0.6138395880957851,1.2101519744541474,89.24468041352962,0.9237362699508777,0
3.0916281457289103,5.788264605444545,0.5034680055190155,0.5385247668702248,4.0085123831425,70.5829088870558,0.23495104026002667,0.46965998774019047,0.7291269530270483,493.8554853906562,0.9156647323034524,1
3.1429799072049924,11.53791192958832,2.1184657599982115,5.931695519900384,4.088335236649106,59.37931252042205,9.00454778006979,0.1718836065966699,1.0197779217403307,392.7439930783112,0.11024014836140543,0
2.385148431439357,6.285057391486022,1.5357497509497609,5.541874132947038,2.7763781571584207,23.716429416134,2.334425896856715,0.666263309119377,0.45533438754163313,51.66715834490397,0.9572588586819465,0
3.7629835632897275,6.769361019658149,4.525440616941322,0.8732326098070371,4.757956625307829,71.63196066408926,4.375574120270026,0.18917007806813518,-0.31930527064713243,150.64096317061646,0.09861906110819288,1
3.0837862817598563,7.846455688194792,4.3467005395367755,9.437314219358349,5.6119068944698265,47.99319986360043,9.72487280737657,0.6457734387811703,1.646620918315806,351.55590857767265,0.9293379718610625,0
3.186943184967449,7.682151279913881,1.1884938015311441,1.0838895116135152,2.654823272553676,50.47846089305253,8.302273303439792,0.5563075422034233,0.5978678995022759,229.3484509241395,0.5693967648238801,0
3.5850727113620358,10.562640246785223,0.40593893525215585,8.562858097249627,2.345273093944658,17.673602691663376,1.2577223815744814,0.5443017946527813,0.782954933441705,424.3291533699023,0.556530103733522,0
1.822214768026573,8.194217743856736,3.1356919703055874,0.1030663459585588,4.952875622161368,69.33301969768354,5.18348650980334,0.16074662076930685,1.970326741259548,277.1873502690792,0.727600859488828,0
3.421212711600109,6.195377820023358,1.6818435594185488,8.834582840949293,3.0928073266919283,74.82238362624079,7.354774459651157,0.6752984021951822,1.9550470348179214,344.1431388795931,0.8852507072236435,0
1.5857218088694762,6.870469268402519,3.360421953030315,0.29522534882269436,4.495450166469317,63.12429871211811,7.044249292992283,0.4881882327303977,0.7589329549998118,318.6668289175163,0.636154327878194,0
2.0360258567346636,8.563793696312654,0.16059878033907238,7.602339115731948,4.783033351968722,75.55643394837546,7.656250153563809,0.4699955100571179,-0.8981282139476015,337.1760052806354,0.4541298610922554,1
2.0068313628095282,6.0321774219829445,0.6669961758874471,3.680739031872504,3.287643054327287,27.67249280917594,4.683055617902746,0.636806256776683,0.18844261413453012,153.54448422223106,0.1562948758355348,0
3.9355764051674216,9.281589729522098,3.431861163863217,7.408346321349566,5.260578389703138,69.58393762720783,1.9240447074367646,0.6456232539518927,1.8118798401526677,217.98024764278622,0.7997488406001346,1
3.5696116712437806,8.960231145858021,1.0618532765124888,4.077277533707287,4.199955928456868,41.66698571478069,4.755749950409853,0.11352996618578969,-0.1350802228719724,72.78316378902112,0.1718788178472649,0
3.103509584770779,10.002916214675803,4.287938378812008,0.8019884310852332,5.4759976318072106,17.29379022076887,6.5492950418982625,0.21270331108288598,1.9978060555889479,314.43643160969395,0.7400475681392809,0
3.1811702848461705,11.563932307655573,0.29295443855067715,7.698316284414104,5.05317421023579,55.16004492750509,6.164202448730647,0.3128663987602486,-0.7470474194303426,256.666307934099,0.5515286984929247,0
2.6862183832077133,11.38578192770809,1.0774099139278732,0.8054015846815132,5.474302528149815,56.309020302940915,0.891116127128353,0.7101796000113811,0.7043425430155614,392.3222670585825,0.41654412852016504,0
3.8412720013255575,11.62252932648182,4.992801242425343,9.228992316016058,2.0806455284715764,26.51933853175176,0.8365338540054792,0.6190670143266467,0.5463480805240826,142.87210907973895,0.6323370669406992,0
2.4887762586470847,6.713009179165907,2.165380512933963,0.6046429543374476,2.974025042954379,7.061999872067755,9.659526745321077,0.7818662191462783,-0.23394125989689984,246.5654522305108,0.7837382817708158,0
2.1415531296096835,5.920957146475482,3.5148283177232176,4.845320249938003,2.3600317617837545,19.98854443141725,1.6876934593897563,0.7665470249894712,1.8458213919352997,131.33544487582378,0.94408263752809,0
1.4891060107947731,7.11593690347514,0.9133152442850684,7.258040865422877,3.7683320687573967,34.98331607554151,3.0857321473148756,0.8678645822855356,0.8575136299919306,326.29065136179895,0.3014620386959099,0
3.358616956783174,11.265596209364201,3.0493436749276888,3.9931400014411738,5.5598404864612725,17.56721832949014,7.722817925130422,0.4391333751451726,-0.3093151496659715,431.6136154301534,0.9497736522011133,0
3.203331796226774,11.804374322364417,3.6305303418470922,2.2506113984651037,3.8701610490674767,19.552246117970313,4.214835343067115,0.41055747956497246,0.15214459351500853,394.4494618020433,0.9629006436884024,0
2.1530651155724048,11.015274657493332,1.5723831793325527,7.6150005178206674,5.398852178321576,34.354299828670214,1.9783555619483206,0.8479138627481169,1.1636882806461877,474.8890876838993,0.8229489887556961,0
1.075580241877688,5.770124047892805,4.144485559879389,7.8645175774083915,3.3087129520772716,77.13399607314203,4.778877346635859,0.31384138048046606,-0.10690986191105922,487.276601838616,0.8873653161952316,1
3.516991983154032,11.631995986418552,3.0170878923614164,9.234680341148236,3.3582802912210097,62.318263655573624,5.775709713480986,0.5150551363062463,1.6388186061835435,397.4152404118958,0.7078061380313131,0
1.034253950362221,7.963506191455502,1.945615048075151,3.8240345932676694,5.58224692130751,28.98113009199231,4.637112770925142,0.2748930868200248,-0.5029783061271277,179.0627384211164,0.08714235893472044,0
3.111099338887153,5.0651720353364755,2.7882119667157927,5.111892171523536,3.703268586046806,76.37030516889112,9.20567153962667,0.9224566679252922,-0.206484730405454,148.6676197468932,0.5963246174701226,1
3.9107713291781714,8.096756185237355,2.8838042371796213,3.6949715841761135,5.159061951178666,53.42350941940495,2.9900530919751427,0.46702271178696286,-0.5653041599017,251.39706554702465,0.7598443348127334,0
2.3129839844446103,5.322484187728273,0.8276764634693301,2.6451100363285454,2.9465741915276054,39.15872334801051,6.681055174856776,0.2912382084077455,-0.6874634837215051,497.2476625597043,0.9446179779710183,0
1.7049202149878582,8.807145448127823,2.013661849334831,7.535226319222325,5.795203318710541,40.12251492163603,1.3004882698169977,0.7228120515120208,-0.09905372960821957,235.70060936771992,0.59192925466793,0
3.114613030130145,7.3698781920593595,1.7171529400974657,3.462553265667859,4.298312986122284,35.80583508765439,4.044397485107461,0.3201802103894308,1.9975362390063216,139.58078475752095,0.8044906443445142,0
3.451384426046755,8.314044535158342,2.0045136128956305,4.338679475724285,5.0372942743136075,22.474403940945475,7.461733865532742,0.949153242853201,-0.7170117602149957,474.9542950024584,0.7197867816672693,0
2.639290948233542,9.29219252520182,3.8055529424262895,4.096369210477875,2.358062799179542,33.99741441602793,2.403206017776762,0.43085531332847027,-0.3609934244581351,223.66308991821023,0.3167627441202027,0
3.901105825768439,11.081607670724742,2.4126920373333633,7.155346133902784,3.970656903322115,44.59222880325444,5.979756247413245,0.6981766408916533,-0.1851496027659938,360.90449925243394,0.19699167139379065,0
1.1550061649738832,9.6333110353035,4.701580766196321,9.18617669849573,5.6041539909360925,44.602051304766576,1.7036828862487912,0.410720438041672,0.8573890534166115,404.66884037656405,0.7633600622440053,0
2.5143867949135843,8.038342079347265,1.468382066792181,6.700885006943035,5.508154516173218,62.13026766593885,1.2064765753414366,0.8265210246941264,1.2360370892235575,429.4201559267903,0.272079943120532,0
3.1553618419676503,10.735994975692556,2.078517891424645,4.768667701332903,2.18725582893691,31.909839286801443,5.327680939465419,0.9072304669204982,1.2558010245621372,419.57617420525565,0.28245697689863386,0
3.587921413447537,11.339074963011925,3.934784052395207,7.814130635914946,3.214793876515787,58.759852197796434,6.815107761643081,0.8091265234733075,-0.9740920541835064,426.31108834999105,0.6617489267656153,0
1.53776683572337,5.83831976502538,2.7301229666037514,6.445616108809161,3.7732800259163204,48.35688790765135,1.3109972490979378,0.863649116854768,0.9555513763983958,350.4440424100464,0.799615040828052,0
3.400010445291044,8.72353084286954,2.7351407321222387,0.7000425354663535,2.689059257423153,77.13840533951259,9.194207273254568,0.19169274514387238,0.8922106381013091,231.72398117260695,0.6032154882181744,1
2.658121227155636,6.991583718197109,0.2667008150259176,1.0470695055465324,4.9199932439598815,33.8963694525487,2.4125681744351755,0.9316582093297597,0.5529640456696314,350.2790843287267,0.8907339961851176,0
2.1896610459698898,5.329428385138632,1.992998313592279,0.47537774632897,2.7380479823948463,72.59123481955928,1.3757580199611403,0.6618706559877523,0.1376256842112773,426.530450326961,0.25087110578814076,1
1.3951450857372807,9.679826865797898,1.3536686621086624,4.622481629442566,3.3865587774795447,66.54819104737172,2.1864493018320634,0.8822957789495797,1.3923325923836893,207.78910908098948,0.2897937080637026,0
3.5958872767267374,11.03939544221458,4.996675614155577,8.275948999955752,4.653122547431273,52.82482134420927,1.8618100740120511,0.7159930877668739,0.03164238630005678,183.42859563141806,0.6551077289495723,0
1.4718196245391462,6.1403185813417585,1.5417753531615515,3.1995233765783855,3.9283573780979197,54.08858500565879,1.0886115760069002,0.2816629016893394,-0.30996318368019626,204.66824769732358,0.8378997753873821,0
1.9293635776272977,10.686895603367304,4.422482673969317,3.9031858126155687,4.954284154539575,11.348745095480801,8.018824500831332,0.6485995914811088,-0.06971447629716121,298.07752821321577,0.5623842115943218,0
1.8701365958873106,10.973770134758592,3.381168675202387,9.103823372842117,5.844831604891439,76.26684541950743,5.056270192492288,0.18185161575082687,0.3189437513694977,73.59974366627503,0.059862494637418884,1
3.614242102572563,11.400383098665385,1.7045820459604522,8.385344108634882,2.46618675086079,13.020204762180793,4.007490515711091,0.7261507271963428,-0.35782783599178136,400.536868557578,0.6930959727465941,0
3.018108982626694,6.8569956236023675,2.7176718918706184,6.683976312587344,4.838270865592244,47.24249815576303,9.516153684444504,0.46810102697251543,0.8227137386164596,112.48338130259087,0.822903311367038,0
3.390044191574117,11.327671456329224,4.202679399745969,2.741357442713288,2.921376622528458,29.755310033686587,3.83588219323495,0.23655985579018807,1.6526276075356874,109.77739555284445,0.31271644650117536,0
1.7514036963774968,7.244639283155026,4.416841490154559,1.2587106786155908,3.657906909630277,37.238898371738884,1.836332715262456,0.9813068342815726,0.7863803724862253,138.94661271024725,0.10148831743815406,0
2.874622298820997,8.86636609418852,0.8019693750307261,0.2589823445331258,2.1314509031805593,50.76372581276128,2.8856203408806436,0.910975981789613,0.340004922432144,309.61734573762425,0.5420543792021708,0
2.715237949431246,5.353552295825975,1.6978657060408482,1.159405658783767,2.5436295291707958,73.16385334117412,2.5418720291682453,0.9041893420629284,1.390606298674712,178.5057691117802,0.09004745933340576,1
3.498491130364813,5.307167618581206,1.6761159010678583,2.9967047918770335,3.2791091561955987,39.31753426792261,5.087664539720388,0.8099382757170276,1.2441158686235863,215.64064804394852,0.4452159067194821,0
3.718261181443782,10.042612489125421,0.21022398037972345,5.562721629437007,3.36794322115194,79.07971664798309,3.056750214754825,0.7227830126291659,0.1011743645920884,469.2420999401575,0.06692695224678066,1
1.0364703144321603,8.111359845844538,2.9911887992594828,0.7336008192486302,5.5983408658483835,49.46090490136248,5.257399487426347,0.6895715322630206,0.8124604119960854,431.24098098964333,0.26371838676253967,0
3.022059757176378,6.794046627584523,4.27410026496094,1.4486550053526452,4.96725163706606,17.041545698163084,6.759075564478532,0.19548445393346975,1.1895285809539735,433.4857398971521,0.4193813292925644,0
1.155507397359187,6.332894472174371,1.907871939127589,1.8926989528486164,5.888731872748164,19.25069711234392,7.817528099989928,0.9105096117866087,-0.26361022594167693,309.9388249966945,0.15612059525799496,0
2.6465759952320678,9.689674436014528,3.700179724920885,6.356622720534731,4.396286041340963,58.70832766919383,7.159546256418863,0.8930155566741493,0.09882163725256943,439.90976628071627,0.1584481087892491,0
1.8628981871310346,5.002810808177379,3.1385020680036995,6.196319009903232,2.966854928365272,8.779834568253632,2.214789021272338,0.7730673638723681,-0.6826717883500885,400.3546214032491,0.8357086533093445,0
1.9203297985664236,10.641238184377979,1.878243677465004,5.552580691084314,3.3106201196865714,41.02561821666701,1.335817248578987,0.9345834631676102,1.9630408349205002,478.95656130997804,0.08935267341952954,0
2.05887551035707,5.554747242909501,0.7052989974614854,2.5799641044898025,3.2793436931678683,16.116433235263745,5.516011559192259,0.5977751062581927,-0.7423670487305927,78.965782259862,0.7045179362399635,0
2.86387734714883,6.340427304356837,3.546619263879837,3.7740849430654473,3.3059773106530064,37.49139763833838,2.149335553839823,0.5028781012457998,-0.49418162462926774,62.92721014426979,0.823757946881884,0
2.0021498970063076,7.703654767093627,4.272825844706202,1.0572281917436561,4.691856692447263,61.24380665537896,1.03235047336083,0.9711526619496509,0.43949584899241945,128.763473325751,0.174186236428857,0
3.198097151770841,8.394011178012725,3.4292724620074595,2.3419599772047435,4.123231712361665,39.410969618107565,5.3655245611982885,0.5177180690178904,1.595815500633618,468.08816922858904,0.235602197787799,0
2.213582156721609,7.484965810697593,0.08939242017409033,8.987281742078546,3.5416967123465772,17.25883317356952,3.402583014056396,0.677191996960442,0.06764606884387847,322.5042976794107,0.6594186365152779,0
1.205059600929876,7.244985154890057,1.0811644719549562,9.798948289714701,2.5963590749148664,23.89440277674818,7.610260316997338,0.4357559321725951,1.3057884425940376,241.7506329628764,0.34986428210605797,0
3.3512795274523217,11.74741208451232,0.34739992441765954,6.5118298978389175,2.0885566517685836,32.56546914891368,3.279077979374497,0.6726936034177551,1.0281022199487082,280.7199776642683,0.5026019176731552,0
1.857274973778118,9.49105776870376,2.851930497881134,9.176550591031859,2.8753387103507704,10.217088761481104,9.791427943146974,0.7480890960631189,0.9159922314790365,423.3220647024515,0.8442025728657454,0
2.298300638797788,5.164030687571717,3.782388394202062,6.463144813974108,2.429885615874725,48.825322706084144,7.6335272743549405,0.6621899727596954,1.5350517529005203,468.09949811176585,0.18108401281507536,0
3.0563316496657045,8.011231359110193,0.5528959353432972,0.4286452124441519,5.1417801234089575,50.56503434585376,0.765393570590849,0.5631066470945779,-0.957489131114123,378.3644754399094,0.6386698958094708,0
1.9973684714461362,11.125060898207792,4.191689102966926,9.96794959136545,2.4499918312555415,9.66139453494256,5.186952855491507,0.37009971786270957,1.787459115681175,391.93152482178334,0.9452778361667601,0
1.1697569684401468,7.1101933048746755,2.777544891977416,1.0796277866966957,4.896912949227344,35.17334908806215,5.713680911898282,0.679461108522601,1.4876785410088793,194.1701198737271,0.104593298202812,0
2.121763141038441,5.661894413420717,3.4498450607086246,6.858153834306101,3.5426347591043306,36.05005121635437,7.013966564679658,0.9175860057352265,1.8136016589554815,260.1658378735426,0.10700642673552314,0
3.8333457480829103,10.308693401129425,4.8570092430432315,2.6030784104404217,2.293513558975104,30.03646764144509,5.078408610930831,0.10622133205270062,1.3807636515700614,448.3445870620247,0.5770052539867553,0
2.9252031918956747,9.242096823552568,0.4184049412384866,3.9806130177789054,5.250920197726343,46.83048052483339,4.937747264462818,0.22053612468672135,1.6357742223628176,403.6703495326599,0.9620720062896128,0
3.0144374460016206,8.992187554785527,4.5061201148889465,6.494748429529288,4.318522280946453,30.946811754508385,3.8057983944406057,0.20779584264987014,-0.3907658554015625,357.9219133076065,0.25944996024844935,0
2.8968464609129194,5.375035917251855,0.6305134799370465,4.4212247581463,2.943046051454292,36.230695960835455,2.860321562211903,0.9308847726035686,-0.04231279936884835,79.36107614965418,0.36425237123039045,0
1.5969764168783103,5.983493068568621,1.9647940331834113,2.58040598341817,5.578724697330672,64.81426605812041,9.472762077371998,0.6964729200663532,-0.054336959587807154,67.77824875427969,0.14371557582047997,0
2.2550015923068405,9.357845773491796,4.257193481655571,3.411017250095415,2.181033255482206,17.15820165726511,3.3124473624168456,0.9566092958231355,-0.6724997623658298,108.68492440129776,0.3941348689150073,0
3.2528193950899547,6.45476689021185,4.531271183689341,3.4813263575394457,2.8072784327910516,51.43360214775657,0.8215289808872406,0.6245319458911854,1.188737765853772,311.625994639025,0.09211585601907596,0
1.3041186926594774,8.528490558238971,2.531858367725727,9.597306654631316,5.008187711223444,42.919580126813415,1.8393904450754401,0.5155596074433283,-0.5914873219387815,291.37408130351747,0.419639297857506,0
1.8335583282691368,8.814171802205754,2.9705231913771257,8.006268857642166,4.837511721239556,27.88037281095118,8.601311033204638,0.8131086206329262,-0.8424725017628181,474.2108719461742,0.5777133861949294,0
1.8289573253975608,6.984550331896576,3.540736672992786,4.639632837646061,3.157086774897912,59.5650992367808,5.949007899409163,0.2448480407277021,1.3263406101651913,362.6418380195284,0.9762545853500482,0
2.296056782783518,11.63897608879045,4.1637933422635705,2.0782271113795048,2.2480995014111325,46.3391269655861,7.832049383895244,0.44320430468558925,1.713989509195788,182.28767780544172,0.8274685806598525,0
3.941106222826555,10.897248747849027,0.6075558476883308,8.129059491600295,5.432312288899775,40.80211452205215,8.126059152169004,0.5196468164808014,1.2923700438953998,122.67333221706379,0.8309621402365818,0
1.2025076400514658,10.05661455342959,4.050346541146138,1.656106468922898,3.2547905522796103,55.07519860784001,8.267717104268518,0.3686125550609064,1.4760566384959288,432.2899576977719,0.26673710834358727,0
2.556102983141785,5.545957064865863,2.406380752558084,2.183575949705834,2.782853659713061,65.17177309860206,5.596014335897166,0.4341570511676306,0.7868650334923137,256.83084666006084,0.13287296706040286,0
1.5380940460366315,5.742910135163136,2.253117125540845,3.7235325792174963,4.064247289443909,77.95015925251822,1.935781837851228,0.17029466823197642,1.6632390137442594,344.06127383398194,0.6229209688990314,1
3.9120296362292324,8.44946942105469,2.1194987599849915,8.815447138934703,5.640908797129789,52.20127762822801,1.652680971914189,0.2781852305046022,0.4901104470735653,304.3146229658613,0.5450812853029791,0
1.3399105141823926,6.1249934443369,2.5460579262302128,1.4046880194776916,2.1741863113735014,70.58299890502872,5.825047319676102,0.40194704829783556,1.9649678554623948,98.35535576148575,0.5406786827487498,1
2.210803007084774,11.84785824470632,4.725252766973018,1.3101185092598082,5.0632163521235505,5.08186557672177,3.7918406661196293,0.8163013899098209,-0.6897548716916533,75.67627265682216,0.15355758689067434,0
3.2136549545038187,6.109641638191866,2.741018863960758,4.990352384222133,4.289892911754835,44.76767695444184,5.668872764208521,0.26424761935857755,1.4275421201041514,219.6581853723861,0.5191906495501595,0
3.1136632840823357,8.412274848247819,4.7658876913156965,2.8364643568273795,3.7017964662072678,21.098566157764857,5.085082873531076,0.41197633658580224,0.9241682480338258,212.69763389557295,0.19283795356958994,0
2.2681859106817965,7.548847397890538,0.9014506530782029,5.730406622316782,4.9763217764202405,12.064434281235288,6.101541181035976,0.15842825937724167,0.7419382046635854,353.20915083600784,0.4510088640262463,0
2.039572503858155,9.475704950178685,3.6206798941631657,4.571203178363913,5.863297697766529,44.89782627982941,0.5146955492183403,0.6013939103439454,1.177431592583364,334.49018409552275,0.10905450101257523,0
2.192837135658612,5.903254862225975,4.061197693043736,4.406095152877047,2.916824844650764,61.01198796118206,0.5217994701752089,0.650125799326835,1.520874592396546,486.0234178087975,0.8640479694381406,0
1.7928287894759178,8.012214996296736,3.3956441566743094,1.2085324078212336,2.5745894602884785,35.92043918557848,7.271632674315387,0.8789648171159502,1.5886522005215298,436.14477624720723,0.06252108199062194,0
1.6159988161203995,6.9229352296500055,3.034611401132702,1.4963919334734177,5.651526980890788,55.25805870083261,2.0926469894626547,0.8372043986517677,-0.4738571111680451,273.4621365988795,0.9423569824730632,0
2.44911909267667,11.214260672701815,2.8240639054309113,8.228677916723816,4.675812309829215,41.72894403807125,6.591544929482152,0.3568401592154925,-0.4088922107410923,275.011408653213,0.869747231592492,0
1.805601268202822,5.284099984942865,4.30465241289348,8.87023910196027,3.751944086247864,37.78143994695695,5.556443925756255,0.22325832027087378,-0.9515004714592087,353.35815310071246,0.7649776689408379,0
1.8623849946917503,11.396092458045214,4.1082329858225,2.4233669755639773,4.293038281057132,26.769248032689546,9.821585819765309,0.24047486398936338,-0.6044726266231817,101.340762247974,0.9834230531714384,0
2.9702681904236714,10.830958969871002,0.6114436059029976,1.2232589650952137,4.982455620704976,33.694513587575344,8.386977613054011,0.9720675487364001,-0.2083525214502262,499.95075408412663,0.10112899727120396,0
3.905611995099677,7.082995015085708,4.24293828515439,0.628825052151655,5.092127594822869,31.23467230958209,4.2487183090472245,0.7059032326066216,1.1631074676508488,283.4636455596308,0.6595172507497293,0
2.810911601678125,10.525034582739732,2.0703430972022123,6.122146376044778,5.679576723275858,53.46403880111611,6.240845636913018,0.1383137090229154,0.42730252700753013,459.45719325903644,0.8568369859481302,0
1.2309384011948987,5.218494922371233,1.268484149979054,7.1819968037520345,3.7073711555824906,13.701388345935465,1.3494366808096259,0.22310132954058515,1.273710606752052,485.3103505934936,0.1702862417042309,0
1.2267508415622008,11.768058852053755,4.348842840069629,3.790818893111735,3.17364364007758,11.94772765158545,3.986583221031334,0.5372200585908602,0.45960754345967203,311.73923295601946,0.605536229733201,0
3.854269662536698,8.686164598128524,2.160123998168708,6.828791088157332,4.558657067159368,54.50097456563453,7.392099862680769,0.2870459238638078,0.6667923587299049,96.50689138614891,0.4242258132599382,0
1.891872370922001,7.122967182458117,4.041823450884083,7.158292274039308,3.6629115971181214,45.97235524091606,6.302181524460806,0.823293086500017,-0.6668002402192525,308.00561378898703,0.46403575767973865,0
1.2762009582474263,7.53808248816274,1.3170180597792225,9.359888585829363,4.378393815795912,37.26500725569932,4.947818978898107,0.6158954058124284,1.3296748540280974,318.939096724694,0.9168978811159649,0
2.7971337614511445,5.464837474223481,0.01964660711108901,0.7422490145675618,3.6799431938238008,16.433216330592764,1.929985219716157,0.6513689870103685,1.2743795965986644,405.136911547999,0.5617188777609958,0
2.870946334870798,11.925446598294275,2.477295964514722,2.00368805998769,2.611983146712698,35.827033390198366,8.070830076343938,0.5165429932442906,-0.07731522495814125,71.70317014770777,0.13859894260400796,0
2.9455144603560646,5.275043616054847,0.5011412832144213,0.7784072772101825,3.8777070066358337,64.22988224900087,2.8770327232334543,0.330456497883684,-0.014265766598794194,259.84191523779225,0.9403553651522074,1
1.802206083572624,9.584349862035014,3.771879777624548,8.693139940027494,4.763671287764131,71.72159268419428,8.240695000286713,0.6304632518822919,-0.34095564828059355,465.2466162515659,0.2259506120347507,0
1.045332052643425,8.099151493945207,1.380375680347052,7.946612884332328,5.197135230670599,57.69324274731651,6.1937688153909365,0.7452730415446586,1.4415190281084582,496.084585405394,0.8980049756484607,0
3.895046108363416,11.642413527321006,2.2182282330173937,5.788956499156206,3.9733051071861873,9.493413191066061,3.852767993898117,0.4338532698671502,1.2410204058853411,136.12220544165694,0.972374685031092,0
1.7526791370733075,6.721998182147566,0.4351678254577712,0.9282677595067134,2.6609515608416037,55.280733245083894,0.5979311752079167,0.5544492675560518,0.8274432145527582,441.7695467307658,0.8839455900026608,0
3.0280788641576426,8.724607767566079,1.4332962422362634,2.8057923506718243,3.6587508385977263,23.073919215972094,2.477704674574894,0.85571557342483,-0.2835336906109077,115.81275273378984,0.6932770889184745,0
3.119889609636129,8.37649346007927,3.90745121629286,3.047426495779318,5.145175715366793,28.64384322698038,8.912895069784007,0.23381358564021426,-0.48444000215876726,428.5284955555537,0.7563742288319357,0
2.830022251238457,9.920065108350709,0.7579395595115973,5.65135764055263,3.6514370824682914,19.690490596998842,8.216148570178031,0.5907019773466904,-0.8491934464761607,174.7749773604486,0.7148738815765174,0
1.9387221826409446,5.476071623666943,3.235797805634787,2.6546345509634834,4.78612317441689,63.18168429651534,5.83356246675416,0.4135713956463053,-0.8631655546644416,481.8313697221141,0.4874981684623095,0
1.8132887612921973,6.356523910163483,4.587129264022506,0.8223026527382529,4.028854726712359,53.64515919779593,4.769960146828844,0.7325152823955074,-0.438591580575019,362.9735379052867,0.31069873280792776,0
2.7930048481081093,6.501953740649949,3.3991837987886013,7.334546788347664,2.964892500437587,50.88762909493857,6.54199825743507,0.1169292188461552,-0.6984024030303336,229.59977062539178,0.3207525934534782,0
3.5982869008350744,10.167055283891827,4.055108446461134,3.0608940953885724,5.184602032092297,55.09794572519571,4.769231652864355,0.7034259698228699,0.668323018767329,176.43799845867483,0.7446094682218307,0
3.840201186770187,6.3239708742871805,0.544858146519579,4.578504352530676,2.336853816282748,22.757919605292756,6.514187439047576,0.19260796061456867,0.07427038338343106,155.85688736350042,0.6447346259045227,0
1.3177174132112728,9.014442347236837,1.2536591300102722,1.3638996863248232,4.099561131020602,38.34833107440212,3.2125601766695477,0.1582909776942922,0.33483734650443875,356.3565471498133,0.6056398322706895,0
1.4644858377931596,6.506706743506676,4.472694261202955,8.045228203606339,2.8355641369736198,52.49402911617419,8.417272735532457,0.7521609708627517,0.7822015507615694,453.1059511595967,0.6699783960281778,0
3.834208776349239,11.03137465058785,3.575528068090446,5.69876558154817,2.2682625141655026,52.74455207137253,7.078795355959614,0.6763079376136661,0.9773052360605408,389.72388632645465,0.7860469236593445,0
3.2096056850043775,11.59529818142747,3.197769131886556,9.025697699477641,4.011735748332995,64.38888970663479,3.43376115859138,0.9054423378033929,0.9446051596477341,425.65619210744404,0.7609238689132569,1
3.648981474489319,8.629450824595683,3.3188336806085,5.0051684743468,3.9982486237396944,26.532797501608293,8.340527925269724,0.5676894602205806,-0.21743023953750262,401.62269543554174,0.15012658550278174,0
1.6078979024060294,7.466162189464248,2.071002771523217,9.420114150997009,4.827603606702883,62.77520912726168,4.975956802361154,0.5770219829744504,1.4288810608883082,490.6164499241087,0.39488329722137866,1
2.7627576133282057,6.638404425122494,0.2227831580882661,8.929495223375127,4.97900277220762,38.01383604627018,1.9114608744271226,0.7363160520188955,1.7531290097576897,391.0122170718462,0.3007687799448814,0
3.1034187832524207,5.348467010661306,3.922207710353645,5.806952578946416,4.911165954771587,55.26295190442011,0.9615821276345613,0.3910578187179261,-0.052184958330414255,144.60283331162321,0.5613267291129379,0
3.040335656340918,6.879500533382467,3.3935661810767694,9.345545037683648,3.63823493166702,39.17895350489651,7.0561363268447606,0.13322120987973932,-0.9488037503017961,406.21930946353166,0.10834527825299986,0
2.2244550726000942,9.579650459617225,2.3640223205636235,3.298578598216068,4.52675914890625,76.14576273432074,8.678183881238503,0.3070412431471521,1.697462559945515,194.9312124431604,0.7743408451178816,1
1.0461846750739254,8.735318519164476,4.498798076841287,3.7198574107716924,4.307780970575841,18.447669855623335,8.112931488226527,0.31421207070672996,1.7706461988604283,498.10993819828616,0.15120096707458763,0
2.7487781704127894,11.608288947966493,1.6807983249254943,0.5502317179297657,3.6862470244676784,55.62538164367678,6.625380096177089,0.4020929652503745,-0.8471606787608994,219.50267904506595,0.30783192461508696,0
1.7593046175388263,7.773940837441904,1.4716087211561795,5.9330889769621455,4.388850776743973,48.24012505761192,1.5854755449267268,0.9491164597364166,-0.9851302244223632,181.75719013125345,0.7936044299599953,0
2.350762738428671,9.857043396298762,4.363981625397214,7.247047302296441,5.788991506825051,17.954828071080847,1.1216319445712049,0.8243585187968331,1.4492143489782268,157.64719347901018,0.09898198377277302,0
3.872743045251452,8.42525923232585,3.9849382737949273,7.757839983396821,2.7715749747255094,9.950475185875096,3.581290305514909,0.9423606206846729,-0.09560993655068029,346.3315934262664,0.677191015128192,0
2.1971059529273043,8.588033511469481,2.5748990532417237,1.583181231856423,5.623088383142106,64.93582917287478,8.578126725907934,0.9987486311017004,1.7437465018879656,99.14948977438904,0.9282543582046671,1
3.51940481999328,6.874420202228823,0.6536736972892498,4.497174815893753,2.2138220559327935,16.808850023469887,9.625015449005309,0.4904011036783401,-0.3497692801913601,479.10194677983736,0.6367559263283985,0
1.5656218172477534,8.184655437893998,1.0753573573252622,1.8509457997297651,3.2335568516066426,18.9880012089332,2.5653363775012985,0.3043659850122742,1.5834638483797612,182.4407053894117,0.7270246130313404,0
3.0173814940750865,8.29549497908895,3.2811399520440334,6.655060753657064,3.152580994446113,78.38256679917795,7.668537571700857,0.6040037451297242,-0.79406719082489,182.93027496731253,0.8026535288964196,1
3.9310208633168306,9.946497652242538,1.9252061892020582,1.6636690869755046,4.505460431523623,58.79456386074731,5.823918325690617,0.8930209725533069,-0.2180894580580791,70.7297430681766,0.2611340060768439,0
1.3056793026188105,11.584479994302797,4.182365958329856,9.051220471165141,2.5248998071091613,23.786513120091687,0.5117121973638389,0.5191586749131204,1.919386637436923,160.70788304310838,0.601915722111935,0
1.024959826681576,7.3052489423775295,4.7497750466610205,2.383282992047992,5.529390447359015,49.321172011370095,5.52058022934281,0.5548593723150281,-0.306410037006153,238.54071005430694,0.34360388022867966,0
2.3007483778978433,5.295403280069089,4.028184626374591,2.984882436253624,5.3142056338601655,45.0583878801885,8.098215949295682,0.22099519533504403,-0.6009610477748766,216.32287560089938,0.28702061026404,0
1.2778764491541015,8.474065878504478,1.887727114977786,8.523972589294898,4.608263278741111,68.33549506353856,2.90600327677146,0.47840994331098496,1.5711639574189857,172.8589646462991,0.2328335943312767,1
3.245153049028694,8.81122932504418,3.9434321461571202,4.6388293404426655,3.833655327168791,59.69905608744683,8.994143914910516,0.4482953288277204,-0.6465976247155628,68.33472702763919,0.6061590845375753,0
3.7436459915456766,6.179083857923407,1.7572083673534173,0.33755986342072297,5.731824168568314,67.37908441198894,2.515351987371442,0.41651965257890466,-0.7076316742614895,185.2616181225391,0.8048053302261149,1
2.3020629181262766,10.323252243932467,0.8355004388281695,4.996403886906193,5.322986218882224,20.86299409830218,0.9494366999117323,0.8985688029317799,-0.029724597431392663,400.248922218404,0.8820946109790233,0
1.7761349264663229,11.89450375909044,0.16696602432928698,0.9369790202632181,3.9972605923249795,53.01644032752539,1.7674052325077276,0.15337128989109966,0.9059855197908786,247.45652838926205,0.4571566488347664,1
2.3032099570198294,11.620423019059228,1.9285835638051,9.854912715004376,4.807493417817245,8.018064381378524,8.402628113465,0.9749324646076122,1.1322391213360872,180.84890641942113,0.4042540501880419,0
3.170343453550003,6.379742271765565,4.517796518486409,5.922304547510463,4.267719808718738,10.170545920941507,4.2895980065873776,0.10742214274582243,1.6437163514821873,187.156460366581,0.7029415569955615,0
1.027162484741113,11.127542679305325,1.1949329387783825,2.639672914348687,4.351768953553059,58.514527452844796,8.010066523492245,0.9510346125548281,0.6227345778773183,299.4969094222554,0.7913412797597331,0
2.7683619684540917,9.931455454881792,1.03256582464892,5.680805027521416,3.323904277749885,6.8315076982948515,5.406083997698032,0.5932427525546892,0.18025336028292616,186.03170498258365,0.29065336983877677,0
2.839875054662137,8.176925946648382,4.849103926205202,0.8609843234793729,3.848338418499587,48.48237566753819,4.909479422985428,0.7322007199601042,0.07650128550339552,333.8587939397876,0.3324263400004848,0
2.9130647406878065,8.784276960273104,0.1250205642529606,8.01892391226129,2.312485723158977,68.03038238333976,8.10774888462616,0.2684195647256109,1.5407081854324218,495.2545311763018,0.5567236531934029,1
1.7260662399426316,10.947201224877206,3.928910751968772,9.26074773325522,3.42939476665837,33.495635631352144,4.350178594781284,0.6887903851149463,1.1714459284479966,68.52937898921255,0.47216640344794647,0
3.14215817013438,8.360944577468612,1.6068497787043516,8.75699944324098,4.783314061448608,8.363032762993459,8.05992076445041,0.8937619016749594,1.716287041175418,125.9315400638159,0.7204983464067362,0
1.2741744589953292,7.612451583735888,0.18743978434829667,3.483400262755772,5.812864122024745,58.53855872215451,1.1864892166417669,0.22553212585028645,1.8921063671948422,130.59839538006082,0.5292607414383586,1
1.5978110094004023,8.452732451181902,4.589012701047918,3.3251043844693484,5.852256451052082,74.72648393481131,6.435845992284714,0.21437345104596095,-0.09984749174857765,251.18164306940676,0.15601915043645354,1
3.632410139963446,9.053908628245344,0.698211651047918,0.44736735104136993,4.222891476499567,58.78785440437009,7.085353154209451,0.3735801182345255,0.5890223561025185,68.6384204240185,0.20765553504869932,0
3.216169452179699,6.323543576448442,2.758896418628477,6.548863551139076,4.426489007238328,48.38354322520814,9.011154482189077,0.24555330322785834,0.8954624220944987,264.88470998413254,0.9068134016296077,0
1.0412366620340356,11.306354111868934,1.370271037147739,5.39555736347897,2.74288474200387,22.252162240929504,2.398374403418711,0.19958126328401238,-0.5084531596706273,468.01614113449546,0.26602844658843244,0
1.7451287811094005,9.719308641807297,0.32596401092345517,4.647529076140679,4.781232432374123,6.153171803337274,6.121354824909946,0.7104871323867625,-0.8399588982250458,55.20383991171589,0.0975817868470052,0
1.6432194489794938,9.432882421362422,0.24961242831689545,9.0855464380136,2.282635170697545,57.100408135928994,4.445914324154386,0.2924439525212417,1.6032917423459407,214.22249023333143,0.744881830372864,0
1.8124189841109177,5.696473583264467,0.577783494181694,1.7620011207201787,3.138742743197778,22.326963188321972,3.951162224331485,0.7003134094617876,0.6065705322661197,392.40219744993414,0.6998105866524088,0
1.7426793108396592,9.229217567208142,0.35683506944690024,0.19569604023280512,4.673453389141769,69.36220078867682,1.2457928410771832,0.8757363044042347,0.7123226490801176,119.52252515021678,0.6200722177220789,0
1.187578887228537,5.846724635669446,3.8027905775996147,0.8258328759955778,3.241240526173957,39.97730891244585,1.515486639830434,0.6868223122717004,0.6647430362838644,84.90155113694397,0.5271433467415225,0
2.376821549790461,5.550883726367793,2.4278310114171457,2.3113772344909522,2.1993874964578173,44.79766867793422,8.402486922186933,0.20743036292386083,1.264882114498071,333.8503417681873,0.9711013363444786,0
3.1982004243584954,8.691176269496754,1.7144604567448984,0.4295269377082238,5.327481637403855,61.5452408199775,7.547583636790509,0.6162198166427005,-0.5634941659538703,54.47790907227846,0.1638406811225307,0
2.8201951741523095,7.819498738325465,2.091844550660036,5.078152735367041,3.241320028538252,63.45729558525074,3.9469430768527856,0.4542658157903958,0.842145322314598,410.7967210263721,0.5346546434492425,0
3.0186150057942394,9.121671891093563,4.644733677863116,3.2094955068124227,2.2524208994347137,53.19881248104261,8.319168497618382,0.40903384305024526,0.40843853473289027,80.08373910474444,0.5858426962965415,0
1.2434475356087176,5.62455517640067,4.553759063690736,1.8867817798745135,2.2991526580114607,75.38238615595573,0.9915086112710689,0.386678321766849,1.690874478523173,285.9594167391624,0.07136827246179736,0
3.8544721305303615,8.01688143993081,3.5783824006128846,7.525832341991755,3.0070351951550145,78.67238272403145,6.322784386925053,0.936489001437681,0.5588628136889762,383.0574696024772,0.4413928035641215,1
3.5154755015290746,6.223507005316106,4.423411887108439,2.1240681297020476,2.712063788886105,76.01640832809626,8.708125316600025,0.768256711009955,1.828804922222497,158.90494493591484,0.7936620191192091,1
3.4152709554869882,11.909700601468817,1.598240137938124,6.907290499838553,5.097200471120603,66.81343890079577,8.420869464106245,0.2204639106222655,0.059758982539719785,96.59307286523187,0.4975438174807858,1
3.4689514151253027,8.92805148704622,1.9055466300414143,3.5577225678916253,3.2867361866681377,57.92189151831886,3.8532710474302267,0.5284049317592174,1.9006841191699717,129.03024488835024,0.881514527301371,0
3.798131524398284,9.812058026586072,3.0685609092711403,5.167094830559289,5.21878314015933,54.74943934112507,7.503291759958493,0.3864007677285276,1.6254738442753034,434.6076073707538,0.6625589852949862,0
2.632761898341093,7.277927964778255,3.118129736486321,9.345283694528066,2.695383991292611,12.781263269040043,4.3891878260948,0.9801444812913623,0.7527898692060639,367.60113124341075,0.7777810958473804,0
1.6008460536028777,5.663172403455409,2.408499190061705,0.46978118467654706,3.971516718176335,25.361326011433437,8.433354011021503,0.9802260756578526,0.06112979995707368,139.14412214679402,0.814256128432742,0
2.8503508235576236,11.831096039484756,2.0032892421897666,5.052618624026873,4.752148534212515,5.426616764703278,5.401467111519226,0.3875810268997315,0.1277700723576798,372.25435870894756,0.7050252274681267,0
3.228644481003817,7.003813247682283,4.930901558043476,8.55878730724342,4.60796341546342,15.30574026754939,7.695599081229404,0.4169018045309093,1.3182562593748748,368.8781765939091,0.7619116270250336,0
3.2137521800620763,7.966657296215019,4.105618130588622,5.92094505886645,4.404517639721075,37.94221078768913,0.9700015064583829,0.6394727864228911,0.7418940535071337,498.9762941476822,0.7105450128301853,0
2.5643470725006403,9.549047451918025,2.174900989440226,2.8410181179550507,5.69928640772468,15.990241309180501,5.982254521766857,0.5313763128947501,0.20476275640796282,226.2002105866606,0.572940561030942,0
1.205376158000734,5.172881083802779,3.6364623861978425,4.03704323793584,2.9141005908269775,72.62475610075684,5.59278493919952,0.2917907849425973,0.9081648842364931,439.1840723642469,0.5882063173156613,0
2.1133388152903834,10.671813913621008,1.3478084662622973,6.8346297244128875,3.9748768178484215,65.42743890014614,6.17777187300457,0.6943709502897503,1.1997001937028329,250.89920868776676,0.23039054350496124,0
3.762299825390072,8.756047330200342,0.5008466311866494,8.91903775370665,5.5359702002896345,10.370893406713867,7.017287757572785,0.40071577948771464,-0.9312984623246022,453.99210062763507,0.8360672717101041,0
2.753346729272278,6.947520309481755,1.762155127763703,0.5065571000914548,2.311575062380628,23.668528660044952,9.197467906334591,0.6883448484989508,-0.7304115966474697,91.22022459452718,0.34653044808330385,0
2.6149958297671403,5.431255897047285,2.014864000616971,0.8082343367147266,2.223553073012301,66.43039134586317,7.899684401405105,0.4453133700950198,-0.7165436787787625,128.89068355635985,0.5589500383420646,0
1.8065605431465805,6.137488908321091,0.08268562280335401,3.318010083734917,2.9332091502331656,65.22845949199052,2.3524523160620663,0.7301889044706444,-0.3041985842099958,432.4794633800105,0.2870682800453902,1
2.105346759749737,11.265237011974058,4.07396000817948,2.4045188759310423,4.532084878152074,75.90879125883416,8.29378343906254,0.7010195238006854,0.2809713176819417,418.68514584742775,0.7110717301509161,1
3.686038267459508,9.802169567551237,1.7959670119459075,2.7228157736018197,3.0395185057992276,79.81608212130202,1.3963808406279372,0.5579314803289007,1.4109496978776637,187.44520633564437,0.9764105045747389,1
2.9993891425805073,6.749312051458229,2.902090828900735,2.290572986396221,2.760959535235196,78.22025474308414,6.297546139615682,0.7342659916397477,0.05329710499867213,318.5592431600545,0.811843222915037,1
3.362161080256999,5.459205354615206,0.36981593635477983,2.0386679836660617,3.8352092614331683,35.760348929108105,8.850987320810242,0.5148691086088137,-0.9475666348581857,222.21487494591622,0.6381407077931885,0
2.3630362692029654,9.834307186706454,0.8749841437529199,1.3931772720059887,4.454392275077646,23.77463328515242,1.1909961313060586,0.20452446968511062,0.45008555885518686,54.642807186584605,0.5891312070549959,0
2.8907416583684737,9.006854081774357,4.4484686266377995,9.346145904772856,2.9942308280669616,61.88076428202969,8.526988002440554,0.2638956280036192,1.9898857862738657,61.74685695520716,0.5152826944852826,0
1.7451508262296227,7.8316366712076455,3.043437639414004,1.5274756926709154,3.2027647468949683,27.44546695580231,8.026483195456407,0.3213938207490516,0.04706298696475719,74.41536446670939,0.24472286017542022,0
3.1163824908504587,7.545280144330446,4.751420250852428,2.1235973701788082,4.454237219246055,65.48002700984974,5.1369992516228935,0.15690603540312695,1.8837635563019446,317.3324694465104,0.3806095492520332,1
2.282804001110012,6.517699931503758,4.993750171956584,2.538030667409779,5.782953687957811,45.04660477984433,3.2271965024949605,0.7402430985676031,-0.6959646065907321,175.65248088748757,0.4360743704627355,0
2.327636544444237,9.687278795762623,1.859300576665472,9.336847243991164,4.698966909752353,64.54454564262154,4.17329463510113,0.4306512041484566,-0.4807010262840856,114.77673424170074,0.9473406210989599,1
2.947966973730645,11.794676194557095,1.494015320416373,7.581569922650739,5.13161657433824,25.690990978775783,9.692849729862075,0.18417096669429756,1.1723662104371249,473.5089987997494,0.4543037113342117,0
3.80884186440678,6.230006720857781,4.2917802757954835,7.918024360123596,3.467240379021875,43.10204866653656,2.176636050288095,0.8379623086530222,0.5036373469121189,104.59340018654714,0.6068808370561297,0
1.1920190398258628,9.179816340108523,4.9930571351872715,1.1371067694311308,3.0890174375378643,47.30178452016365,5.8801220207329745,0.7152888560172174,1.2953654103976584,353.29177239119497,0.9263033135811709,0
3.474229712041023,7.969295390221833,3.1482061711622866,8.37946776265515,3.81707097281049,75.7331050790099,1.0157593292111018,0.5070018134149308,1.5906750350866696,452.37208227019636,0.542505087420776,1
1.8771493312365792,8.126821052212655,3.975703612557612,4.141111509992438,5.228531314846695,24.994818262281296,2.335352029053888,0.32268280158346085,-0.24674537181689626,123.72335025730237,0.28887729087083264,0
2.3317583635191337,6.779030960894701,3.9087292940763723,2.7019479595026485,3.8251985671622233,75.2516179463671,7.6805006031303025,0.23657130441356208,1.0484875113192258,146.6283570029218,0.41195580126817366,0
1.0657399863250268,10.775944129629934,1.7766985410977347,5.799925826851074,5.386901635159444,65.36441865992869,3.165470595533167,0.5125367725795558,0.8228037099012684,308.2160901091807,0.4067622404301437,0
1.903138233502939,8.396789229030688,2.8713519012854363,8.239610767585665,5.955087922780509,59.817054056502144,9.860507491514799,0.8967211687095061,1.584605087576393,278.801908870459,0.7289816864670469,0
2.5078937278903917,8.803840965387849,4.165284706321068,7.808656295641603,2.2881066629213453,64.01527018888439,5.108007022319633,0.269555790944773,0.29031170182964816,284.4623375988204,0.3313146939370245,0
1.1685282320423171,7.13332638958128,3.440569381305277,8.910975077553207,2.1816406243348148,50.406878441004274,5.262085388015881,0.6117933060923391,-0.84438870786802,299.6051423081399,0.7437741488723746,0
2.4732871881494956,6.272659259668648,0.1058190699101913,9.288508641552895,2.5983588116534473,23.30600078468644,0.5558844454902055,0.9655173957000304,0.7225583818175358,477.4563121824699,0.8947805762923894,0
3.781331886575282,5.601372717419744,1.6835283444876676,2.457408507134721,3.537478702937385,19.212122662988953,9.573962145857207,0.6734049172881517,1.8766349573553733,74.22711888512748,0.3692693611280262,0
1.3161796543234157,9.998833986474411,0.7223784829730268,4.296193152275789,2.5241688365817296,69.97560768877929,1.907487720667296,0.4959682571402815,-0.9561064614843298,392.2018343126686,0.17857404523348058,0
3.293322184226513,6.373639971814989,1.1648610603901954,0.24482253813019314,5.482657910475024,59.38545519468749,5.475737868342338,0.7447356756450176,-0.2792260347326362,154.62789008303002,0.6566266334202107,0
2.2290131601279777,9.830527479321585,4.527447387456628,8.805284426724095,2.092585004108255,20.99032120707118,4.07761117759557,0.8421201271168358,-0.05179663010764002,218.15495157757192,0.39281174414779446,0
2.965521143573014,7.732635122328677,0.18446644455384076,1.6302642996001988,3.26317086534329,51.132002440580116,4.272730067297137,0.6314646680981579,1.2975166636729267,90.18100533427881,0.5572868587873491,0
1.7807097939556882,7.91042360692756,1.0990035598096188,8.628600642192673,2.7387785179768214,38.56598610606679,6.504341627153863,0.8846491230936934,-0.030169232595514406,250.53204611909462,0.6524573502476302,0
1.478476787624075,8.284242472649403,1.5478467611911573,3.360934487667304,5.726157320630129,16.899137747232047,6.688469035506279,0.5631325834381639,-0.28274841041105825,411.89866352380466,0.4373557968578659,0
1.4813878428136793,7.573959556892802,3.084420359831974,3.7445225408132683,4.677924019560112,44.88928320178733,1.7120284256093492,0.847026101985631,0.9456740434011233,94.43315233982972,0.928459729200571,0
1.2114758369294338,5.704339840558131,2.6705084504293275,0.4874093193902078,5.648121025805498,26.113931934981295,5.095949200594545,0.9568173163651257,-0.8607841331170012,174.02161919913453,0.4296339214619485,0
1.5569401147037292,7.167422670019921,1.0913474142669304,3.3361000186766643,5.889314841241573,12.218309311817865,7.946679001590199,0.5511191203211654,-0.4882094201237591,217.87776890466128,0.34200561087802744,0
2.9926581549669047,9.646140524857568,0.8212053361157723,8.894800459732515,3.988392974709477,40.02187239090581,4.54420753881185,0.6445015440267927,0.22409068600833115,96.75464138943906,0.8913914600439431,0
3.645071835530524,9.660490810282097,1.183990172980594,0.352919271103881,2.937276432192105,49.258141407017135,1.8248838141004853,0.6485207886548514,0.06679988702009343,393.0425644896201,0.17948663725451924,0
3.4423770567734855,7.003570150679961,2.5126481335082778,4.1226419831625805,2.774915144786357,8.517980778586288,3.2695260429355693,0.8032913772384616,0.04149745755008949,404.12616269784144,0.1679984823463106,0
3.0554029296234524,8.220718385903815,1.3558889285560172,0.4108563351461373,2.891675446743362,35.15695620582476,2.2813197282296884,0.8406692561596805,-0.6743349606410147,426.1527490009856,0.9389132972253446,0
1.331295590233308,6.354130596083563,4.738012508038611,3.7721419085797434,4.834373230488012,24.324643987751397,1.4330111855654033,0.12450638458545465,0.08252005834938991,312.7532921628432,0.2485199934039765,0
1.8675623388878495,6.47260457070885,2.3193261071442377,1.8091423437248828,2.161782912492003,7.298794303042431,3.9002950488664676,0.760023607681349,1.3939783159742083,278.2574693844691,0.1910155334434085,0
1.929420625967407,5.161329618846252,0.2939800827231853,2.596962093356883,2.2054442921308595,14.424691220862936,5.501175183341137,0.8054337201672139,0.24153260539218557,168.1486004620589,0.5584098888185711,0
1.7498708391928637,11.277225849354213,3.646332029183167,8.788223894298048,4.432571769532601,15.427561911378316,0.9129649477109913,0.7303864955124132,0.7585135544470549,344.8210852807465,0.09444904289978265,0
2.5450169791291692,6.474946655524343,1.644226441044948,4.41688728415672,4.568228586949626,18.715568608847835,6.117469047836198,0.7423260933907865,-0.5092617720480475,250.05356854499456,0.6390142506911821,0
2.606661444639018,6.592737138555243,3.267444660291238,2.810600114878931,4.661051697289841,65.25331785784408,9.931639513662153,0.1372625732658425,-0.7908659095942717,486.84938273482476,0.4802842584221114,0
2.0706579255133306,6.957210028515923,1.39797185261616,5.934449941710422,3.487522018354365,37.96188998586044,9.64842433379682,0.49783479575401546,1.639868125794682,485.68077363850546,0.6583913661939969,0
2.061367476209308,5.891856501868003,2.8537187086665994,1.5068589023425656,5.223779554856613,16.031449420279017,8.325900123591756,0.8363616847495665,-0.0058822115621235405,457.3423093179032,0.3197400583561129,0
3.485666793718244,9.474840182269539,3.860762524037323,2.6679769134664735,4.134498350906471,12.522272519591695,2.81014290546355,0.9406064271655933,0.051011699204398075,212.04011210644939,0.9101986036314945,0
3.3678785449590567,5.526000672243106,4.64004370887277,5.507854879268596,2.4218625200376778,27.34553440467793,0.41959444549779956,0.30652112851474134,1.6330635484365752,215.5876049093266,0.3070516770890784,0
1.923387495042237,5.939416984284452,1.3056357221653854,2.4514781142958815,5.18839722826938,64.85116390283392,8.36870868825194,0.6212754463175155,1.123314046726232,433.7029238196721,0.6556864512657176,0
3.741365331619778,9.513297086130649,1.6742847549949058,6.823364600268645,5.812271145081834,32.33448859547326,0.7460582733913896,0.8238972155955253,1.2687881329628388,378.11071928365976,0.9478372580962434,0
3.858445051007518,7.377624343370099,2.3213321014296984,4.965763892369273,2.2401452520094347,16.992302022045358,2.2151551984135502,0.7771668785732672,1.0460104525029879,366.9624364181197,0.43076882392421845,0
1.9802276260901226,9.955634786908323,4.635874188679944,7.74269179552144,3.5654053548023197,35.30871361596199,5.535641511378487,0.6570011052820712,-0.6826232656253909,175.8249549878521,0.20335520187820272,0
2.063274846379165,8.901973212690994,4.506934284053285,9.48762090365244,3.9500641793389906,46.64836679652931,1.9481047836077072,0.1168220694358002,1.873987463168683,425.0068751995141,0.11496335211624209,0
2.5169024602658765,6.792148211430591,0.44939140050319015,1.2464684045393366,2.5858830403132678,7.218813772851039,8.371125646726691,0.7514972561004093,1.7274088613837826,310.73925751832445,0.964867096967226,0
3.8233624376010207,9.555795653425296,0.6596491287690542,3.4131835988469943,5.470835791131508,52.073135108012984,7.816165023346326,0.7959182529509334,-0.2913396195056367,251.0895084073579,0.775516411694242,0
3.6289582994269347,5.813915762050165,2.4775458866531914,3.263535722496225,3.136598579560176,34.6325564761092,7.606541156225049,0.7505645559630715,1.4119825734315237,439.43995584863416,0.923004457067245,0
1.3077038877507694,8.754872681560213,0.5330963640271175,1.5967109014388172,5.13203415975264,5.7294406348395785,8.19805063579625,0.789228245340961,0.2281892944919599,227.39439370195132,0.7138914005018209,0
2.1781922298142486,8.060036735315244,1.7279043667434872,8.122001059601361,4.683977928113264,55.54170492097857,2.3530774465931987,0.4878234034109743,1.0513009035934489,344.2666153404945,0.375326078979889,0
2.6601135692493156,6.875115079722086,0.7419268910873883,7.622799169984021,4.392183289868093,58.42907266719861,7.343145286267545,0.9943769313328519,-0.503191000560298,259.65733190186256,0.16686575668421116,0
2.50939741765462,9.228034984176501,3.1802017756594294,4.89581216126055,2.7685713947862176,52.16298414190121,3.6817587253992947,0.793708224285393,0.6156627519692623,316.7320127769753,0.9328415163112507,0
1.581589203810678,11.099335146381978,4.747477158695808,5.423930700166634,2.882814082203623,30.64476631988167,6.735078643770316,0.620812004751987,-0.6201511013202818,68.24591224181536,0.5151380919243941,0
3.576450313504464,11.992332898341537,4.983668851471908,0.6894869662247128,2.1893936189862773,44.72036405494708,1.3958129405855129,0.9407721427719615,0.6085014960743478,257.50182342937285,0.4266835464637416,0
3.030822348990512,9.254339381203971,1.876205662484574,5.599522788037752,2.9628497191290655,34.036827960007656,7.114748484632247,0.9173785055122164,-0.26921813182836163,300.4210883735484,0.598902458177167,0
3.513725124555411,7.832941120304191,2.9950631855730614,7.9342810877944006,3.3817744378420564,57.54662976197708,9.72665573342764,0.8331103588008384,0.35739958630644386,271.7237006373227,0.1512313553595156,0
3.5762928380484165,6.576449701513411,4.281338267620407,5.7808929784801855,5.332581215449702,48.76851396752665,0.6272835801234193,0.6073254270853897,1.0039081015232925,431.3346676280685,0.3437436284057597,0
3.245067560997219,6.7996726257657825,0.5873103639819199,2.7265330641921475,3.465570666859221,11.134933537058732,1.1195232314374306,0.5743909172320422,1.6312237449818565,190.00578865631743,0.6559823017432587,0
2.317631803749152,8.35618484704836,3.4478220552598247,6.708727896109939,5.018487131062425,53.23201686642481,1.411640319912536,0.3958371387770687,-0.5041329907441658,447.8344389520432,0.14511679903929747,0
2.8316402650462735,7.570943908964965,2.044218308625341,3.6787354566559523,3.7577691251819503,56.54288107533512,4.419526268424753,0.3257901811935535,1.679807346253095,231.55788645810068,0.1784806210166397,0
1.4810962183592293,11.39670165837461,1.0307308014008205,5.494245514428779,5.139473247975554,32.80266354610245,3.0496458123439267,0.5611235652775779,0.17011294378187047,362.53702951729537,0.5350584708865027,0
3.020936252424723,7.578068273589967,2.0137680937372098,4.926897096461355,5.905086401748159,70.68393357197783,8.107817504698799,0.6200035855407764,1.5313897058176429,89.02522760328398,0.6422842683710365,0
1.5377597672178422,7.614112138018049,0.3798014348245843,3.873632509555283,2.9593662322303205,68.2260766133722,4.8431149441694235,0.320073788312961,0.5376437552532891,140.06933760597022,0.2276516205041012,1
3.0818487715304705,7.684741587037839,3.4770357429465286,7.216892005901937,5.449366447855505,18.13748929248034,4.948465958347814,0.9303411192881309,1.5866257152888195,392.5247050135723,0.08143040273271723,0
1.688794482261906,10.856341472573607,1.2637133437422654,8.85037350866023,4.487296345223099,72.81997313644014,7.226973392988468,0.6015465970608866,0.9884722025605988,55.54790849238819,0.9604485481284183,1
1.35265390045066,9.555518245928313,1.55702822522439,0.15160393292155694,5.269177046354619,38.06542786213081,3.7472960288503083,0.5738547928439319,0.526148421850305,485.8374826161947,0.076118024988429,0
1.4958534704288722,9.29918195223225,0.6054064912073137,9.342803540380636,4.606343609071221,59.281223947572,3.661431024720543,0.49207454952952623,-0.06238410099901359,135.78300547844682,0.05194943944460914,0
1.005976405657211,7.3390011566870355,4.323295569449458,5.163999847223927,3.6957980290966006,66.0572755225427,7.617878598749309,0.1522641661451745,1.906727262855966,455.58679381030544,0.3571735403867897,0
3.1562188535605906,10.725329237827076,2.467221396413693,7.037245615596325,2.9122997577671614,42.88343158022674,7.844409109200296,0.8941612010138643,1.4026929729992532,282.1752627018286,0.2613305103367898,0
3.1972031471751374,5.268547029489908,2.860734388932001,8.570683205141183,2.28014090132466,34.93264545281118,0.34110797082163125,0.3852948037987268,0.14356155551678418,304.0589151037085,0.5949070439933004,0
2.5448000497397785,11.095580206366792,2.847163415474273,4.724326553911272,4.1420734578428675,73.65885264613237,1.6091466632391835,0.678214301021465,-0.49982922082286185,87.85930458696127,0.8994984329990262,0
1.484088403166151,8.589249298557508,2.0524655727067085,8.366243326312414,5.961304378107462,22.31401647015674,2.288362175255102,0.6466902030730318,1.3386062557798812,214.34843937081553,0.5070522888173489,0
1.2506630125320692,7.78775164404389,0.9626495771906973,1.8584362126065022,4.952167220056825,24.272755828935836,3.6456845938271885,0.6260381428460741,1.9698328634327598,120.29848735122563,0.7846361483761221,0
1.0573868993118611,8.480170965023799,3.725663742492,1.6757585913501634,3.3093821655960665,32.12152355100778,3.0561912176331405,0.5731409818104257,-0.16307513862258383,286.6691724624243,0.9137656865550025,0
1.4972445308956621,9.671908713736817,0.6352813267883717,6.60896655167592,5.3088192003469405,69.45993334779241,6.75149647420511,0.2632958500881953,1.7475892170049874,297.8294655523773,0.2299296709258971,1
3.67256660494944,5.0893579856252815,0.5193689513940525,8.714415754962198,5.075936000705626,75.40911981598069,8.31572529126899,0.35254516694316895,-0.6238878832362394,369.35012731293966,0.5138953418159056,1
1.7246105251050454,11.100862995207734,3.550725187982517,8.93501915760679,3.126543173413827,21.50507860661464,2.082452427089037,0.5717692641432701,1.8566187627555624,445.2251710654325,0.659966499618793,0
2.062813981651647,8.127176677179751,1.0441851022599191,6.473030537934741,2.0572299591769387,69.7902610723434,5.717204593899095,0.8104082064372333,1.23601673732919,260.68091732143733,0.3652890760243273,1
1.3160364534439997,7.400765637900547,1.5338637567641618,5.3023433790722425,2.4726505541357984,24.365221960142698,3.804599260594153,0.48879007358537674,0.039788687791110444,155.01216653627296,0.752764505439004,0
1.6670839142445109,5.9677189594383995,2.376137335008701,3.3807915681955105,5.50922476124823,77.7980935062416,5.156623175451407,0.2835302977415177,-0.0861045331112984,200.1072476487423,0.7200492264607338,1
2.5576737123406152,8.076257620509095,2.246756583647731,9.80200411443338,5.346252141219487,49.80559189861867,6.2834268494772605,0.17914998232488338,0.9303060618180536,431.19041582252174,0.4500395699438486,0
2.8232580492869577,8.474259398990652,3.542895625324996,3.26498729799588,3.1808360035134498,5.531485058553679,8.957278223083708,0.6967099031446218,0.7805214207761,115.63856828544266,0.13355606575323836,0
1.7360569424986332,7.825526861454344,3.1171589672168047,7.467442461592772,3.1407817051376816,7.559742805338342,2.084468144707351,0.48100597355904817,1.7568101044810591,332.26523525240714,0.060990344308450635,0
1.1731964776753516,9.750620656788278,3.2219808114093285,5.366619819059507,5.171459948409884,16.061339810353136,1.0526645531493914,0.21283380336037772,1.2987294026276426,55.88864772926458,0.4008820840528079,0
2.173098607382196,7.9462757013145815,3.5702716532772865,6.124272191000932,5.750949879581688,19.067986836406753,6.346676806644455,0.7070201919882854,0.6210946177217807,160.55119780440924,0.12796540286171837,0
1.7026101127790025,11.729923044926014,1.4630636371173267,3.9954574508273994,5.1165490271904,62.57143421199475,4.06248231797174,0.28682085776893584,1.7826975255189637,316.1338238756568,0.7925432210478479,0
1.658661769689406,9.194942624765144,1.6116665590023682,9.651748942175253,4.4223147081230465,21.70744073127124,1.796446394271288,0.5581144434733094,0.7781918939996564,255.38541800120186,0.36760949410553173,0
3.879588408140366,10.652345549563362,2.1899887394777706,5.759655028382784,2.970685401327218,77.68562150373948,1.347454240077478,0.3755691775691744,1.5490545069820318,272.0972706094541,0.6827933620021119,1
2.8489014577771723,5.765491321766352,1.5373108651676304,9.38409754154202,4.102991656381043,52.70840429022037,5.6773159113654925,0.9385210579906004,1.5228279562935692,347.2529227068227,0.3790600379354354,0
2.670635329516288,7.78103905062134,4.924689344854317,0.17515502012174983,2.9340474343730585,56.93881319401383,3.144611826376317,0.3054592596440491,1.7575845768486085,155.56371098835535,0.8061414959866172,0
2.2473253105699658,7.357933910130069,4.070259632107148,5.769438773592097,5.2320456803870945,21.336238946390562,9.974778519942584,0.4779266693878257,-0.7971939061626863,176.36222314692606,0.8939918717887921,0
2.2868330002904327,8.986376716956142,0.8232734412801479,7.200150208280188,3.547844318070949,71.95297355713136,4.177828029440997,0.9635442371452052,0.7514590038403333,358.0061933425309,0.845638441799603,1
2.6227150115142424,11.02779464042998,0.027970779409347557,7.476293694505959,5.334788867976105,55.086092961494856,2.2804087658987906,0.38685266194448387,0.40517777351314743,292.23113339474105,0.5102498857808606,0
3.0892894211083215,5.548367524334047,0.2139163412363393,9.059271129638645,3.526436871930901,69.83042182563979,6.362720642149323,0.6801338467099001,0.4716271503940175,56.56407091647243,0.12975403032632948,1
3.106438288545488,5.508023586312976,1.2203172552146264,0.14357592913748415,5.296597620799565,76.73608229234202,2.593697918966968,0.38505433933569266,0.3797318108606085,351.64750787844855,0.403125550503758,1
1.5150817231163487,10.952223957103193,0.5714564291842827,0.10326857666881673,3.333271260660968,14.423073283219733,5.042043223665379,0.1996074812055241,1.5124000682670227,329.04141833852515,0.4532331949698285,0
2.500338256229881,6.489950602268502,2.6666905744628604,4.775408261872632,3.7605308184706794,12.244042270170926,4.9292466004658735,0.6647925094158635,-0.04470130774918357,85.37340820922319,0.9622413103140309,0
2.235874285102306,9.681272781148696,4.2899761136367935,0.3900076795531695,4.46195367737063,65.25558699422268,4.644864771214225,0.9244283817568064,0.3882532448893352,386.38377267844373,0.5872224399467408,0
3.6115808988081524,8.800146926525636,3.683751104566137,9.747872281257509,2.2811504561196747,69.95945443206277,8.001639823441835,0.5073082005106827,-0.397952371296743,284.94565652618184,0.6588039212516196,0
2.8942567636551293,10.830255164210605,1.078045315410952,2.2984452279597805,5.792828247261857,48.78210656584893,2.3228074143686026,0.6635588884232204,-0.24485015222579587,142.13627778063181,0.7929034019519702,0
2.5975121992479453,5.875622368854825,1.9964962801289294,4.779380820711962,4.294423144495212,32.450041081289044,9.062211589690607,0.6480085719309607,0.981260250031625,301.7103656523923,0.5897923438498218,0
1.3461839265367521,5.9084807600582785,2.539471047656388,0.7052625371210137,4.031280058763209,53.94722270564178,7.955136931492637,0.47358073236508835,-0.6491921852480141,317.9563313769515,0.6185603787236238,0
2.8169136679702342,8.897728521948153,4.051029247516677,5.268279320095459,5.357575884479648,27.9248054444343,3.4645991695845733,0.6534069748882575,-0.43653456701596804,464.05342813560674,0.283061407467875,0
1.3516117170407003,11.624650573508596,4.195608015530824,3.8615656389593442,5.46305091958731,22.878926911510113,1.9699045615453576,0.333386275977075,0.5841036787139422,383.9649914980267,0.10592327718321182,0
2.011619726697256,7.90498430859528,4.54859155953888,0.5421342858845152,4.089041618116064,41.61089071454491,2.939443240166065,0.44023411414274694,-0.8686809161109594,185.86595952103966,0.7353165851535839,0
1.4285258944429957,7.2885947017828645,2.546226252514376,3.417730240292625,5.709049303174549,21.211537070478478,3.459835219708968,0.4980869707261376,-0.6192190017388254,103.15983540388666,0.8562504624867047,0
3.0762209410731067,9.246825262385201,3.4713737321793148,3.975216600206271,2.2589510643059225,41.27777062363797,5.657945054309058,0.8776078152062324,1.5900588169002465,433.93283243635136,0.4414001741588486,0
1.6187563415084578,11.513140203815219,0.5590018561696858,9.900222763621906,2.45290316900487,76.7454879097679,0.6544080543737714,0.41349960534992947,1.5384402973849873,430.7304595439507,0.5714687305857993,1
2.175578119564078,10.858494829912367,2.8264447997699103,2.1580701320018174,4.38715292005776,67.98380267130429,9.16071947255012,0.6716233433042438,0.04332831514094648,128.88950662578077,0.3419209659689184,0
3.687024332856336,11.96838527513254,1.2434590473556755,5.493318192163986,3.4162634471743347,75.62231896250168,1.1670135952788876,0.2920634536770088,0.043973945933553304,77.95903333904899,0.47770956379244794,1
1.6129491501969109,5.15798008241664,2.1585844251330553,9.874423937066423,3.8569006647567954,65.47467311355189,2.9368792621803417,0.32731275614853406,1.8095463477920108,370.3390924172175,0.24844523995313234,0
2.5234151918763374,5.790007012989336,3.170252541533597,7.940990158607338,3.312316871588666,31.606320195970753,1.2710168919390725,0.6835859879139798,-0.9224765827839303,375.1618238764178,0.771892467699713,0
2.257814983498066,9.266274343566355,1.2849296892689055,9.93433825873268,3.6189012457797425,65.90339289136693,2.71539369995147,0.7860789346299433,0.7408865392558126,129.71468916742057,0.5173161983863404,0
1.0543721231371892,10.744035075336948,0.2609252889838054,9.686153315135675,5.290585388585198,74.21868076649105,8.409203422366323,0.5159054588736534,0.7921717371221821,350.69533680085493,0.569798725550525,1
3.3782743407184386,6.996710396147366,0.05116928204378757,4.946441466732128,4.373904799417218,76.02768408777908,6.228722951555775,0.40158972709998986,1.3636612015449838,175.51568511361796,0.08523367434816202,1
1.207137718943799,6.674477616239532,0.11079767772260773,6.994120913718601,5.989378197133993,56.23983880137478,2.4277676058769107,0.9192444003390452,1.8552515474678022,167.27766258596182,0.64127847267868,0
2.4227650629308606,10.508830595668407,0.04174868756884831,1.193386956717396,5.147516791283852,20.85249828613349,8.743233592033508,0.22222703354413845,0.06748276113003193,196.03307034065412,0.2425230214074,0
2.68203488481685,5.394672976972621,0.5517752827893774,4.467373367963338,3.0946650164073066,7.9796865023518135,8.046978180341151,0.7486428138844123,0.31350042036800363,284.17836493258443,0.4142249121466285,0
2.885279369843761,7.585678533078095,1.1974435728506494,8.109283568440304,3.057380470906785,16.040017112011682,7.58576296675149,0.7211536747723926,1.013895441560532,412.0042654978802,0.44207991509105,0
3.0658948879236267,8.540664558146307,1.106107570911496,5.102819677673719,3.3435930804680285,77.4160188420459,8.506800444179985,0.7212206464550147,1.90181486703253,274.38968790033175,0.47629596761368614,1
1.7598171505681452,8.922440720452265,4.933982970899484,7.056720424890596,5.373037922590971,39.657261814457705,6.272566878879489,0.941878399981172,1.6723770612101223,184.11921303083346,0.2660645696590251,0
1.0299363299753481,10.100306097549439,1.5300305260447162,7.482938166844342,2.1091506026022624,69.12395111240431,5.114086130070077,0.7553712708827129,1.0011590098101335,447.7884344203322,0.8576047134798586,0
3.170330987064736,7.483920064014608,0.6371039167969955,2.6093444983046497,2.920725115485031,39.87831151687183,3.8645632564796166,0.3714086704686257,1.5701707150130662,74.7904808490641,0.45645764316939136,0
2.6069697980427358,9.28879041272225,2.7278127208387897,8.769423792131398,5.619673681377067,54.56131875948796,2.3928873999954443,0.4180683018090784,-0.7443867073256912,408.6911677541362,0.6315277350128482,0
3.5083531096217464,9.097627959536695,4.289787276987542,4.652242066000872,4.559585744333008,6.810558284175023,5.66263424493957,0.45199987587990487,0.131380828555558,402.9717910648351,0.6332406684090843,0
3.464165088702083,8.83331270457623,3.390301883938376,2.1808325258532832,2.9073883820042257,23.73987070395251,8.917024987998065,0.12772780668829545,-0.9607225129034584,164.0960645694544,0.6266354407002971,0
3.5299785033636493,9.483383051995485,1.4804104456772516,8.667617229705593,2.8765798729303214,37.7201960031942,6.021021532124785,0.9221592838674313,-0.46758328521714887,139.23283213412586,0.5813521085021173,0
2.4552839799386206,6.816144197476534,2.808080798957275,4.236406180451911,5.450472407037722,52.29732853656224,9.21214724486224,0.1661973434783235,0.8914777136072058,443.61525267301874,0.8314944608515492,0
2.000885187510597,5.592541275092403,3.574279871002046,7.528093139959225,5.575030033108186,17.864089103988388,3.6977902220130034,0.7298148538877245,1.6566848712010005,301.4920821021459,0.8219869230598297,0
3.37467460777411,5.834901704278204,3.6405224618387115,5.525527414993769,3.024524363848461,62.341359820286755,7.012352130769478,0.7571449043589805,0.8983409299753864,70.70511093413657,0.44628734397461606,0
2.3538823390877646,6.572076678577307,3.3326922764884443,3.8805303471215544,3.682041432306129,32.330352960217795,6.556921630133884,0.8593435455674857,0.9924143210256999,450.8746324102142,0.6540537457240907,0
1.5503265892103035,8.501385548659496,4.35405212387809,8.117776508881835,5.338382954513269,66.30764519254133,6.770251671814871,0.5980260300359703,-0.6885351842313944,207.05269296005318,0.1476877823003524,0
3.564922058684423,10.883099253822142,4.350527291720522,5.886252323281669,5.084029754439541,12.347681779630047,6.521411719959768,0.7527379814708832,0.9945814727401396,203.9704492145119,0.1362340443549326,0
3.647679630317042,9.909053394618688,2.894682797035016,3.966564814027614,5.255664426264338,55.98174407617789,2.3722158143837446,0.372450632019356,0.363040152107573,339.479571721943,0.5059205852451988,0
2.3989292684205106,10.52328422941433,2.1492818455560614,1.1850189163177576,4.073592763151876,26.999624990488265,1.60719080317486,0.771025609821511,0.9543206947454701,347.5899242593591,0.9051938224257203,0
1.2270991819293624,7.45682936748264,3.207851477825499,8.964908606290408,5.6461961932206925,64.65373805919634,9.790556911074175,0.40907416353569737,-0.021480671410517904,208.99225437278665,0.6674997173975108,0
2.1634782697507937,7.832576191539851,4.091060006852316,0.4511488948824989,3.303806175817741,35.16278202818079,0.6438922626565118,0.9125546305840264,0.7444578249895104,114.4755175535963,0.6857556015152145,0
3.4106129783878103,7.755773201934289,0.02826052420592362,8.645554748843756,2.626688537390072,54.901222419767485,4.78381757287705,0.24704362698974452,0.2722078904929681,298.52139351635253,0.19978964647552622,0
3.705322085638686,6.3431122908315105,4.959985045074255,3.6636190963432393,4.83492933025946,75.07289514773551,4.365787107990247,0.3841815796065582,0.6759111663051824,331.33062410385804,0.4806392220553969,1
1.6104182274927874,5.428516607005005,0.9144688616459962,6.429453758663918,4.1574176640275855,6.546997401032327,3.7281857905077476,0.5488925063996176,-0.5587314450106,437.10006427653815,0.43075139773526894,0
1.2009208360758146,9.136412649790588,2.351244928299881,9.229777265973285,5.4183430752379245,5.833758675078022,7.863441765051754,0.798265501433288,0.1874745608518551,267.99799431427965,0.7938294294164835,0
3.632051359398516,11.924516783944103,4.360148674214334,1.6018954934885945,2.32463699649886,62.77094391325351,7.504432825462657,0.7739191945927287,0.12283597177056205,340.56323580569983,0.18093289193365464,0
2.1682148169366258,6.16780793465184,1.1252019952209968,5.712809708824221,5.374769613752267,53.47947886310586,9.071204250593414,0.28964518689205315,1.209183561958425,74.48397251714384,0.5622314569642641,0
2.62528289280269,5.326793739294916,2.383976119501916,7.667885337464901,3.173178612835289,26.97347903783245,4.075777756631838,0.22981212695061673,1.1192285419041967,452.53530509277283,0.9157839274214092,0
3.904197436152277,10.45672177276753,0.6629109009058959,7.600079943918668,4.6194226686727315,42.07975270806968,5.7289593737087054,0.37357264386468847,1.7265760541939992,197.24711594301596,0.897836895169778,0
1.1996941837426687,6.76810204679307,1.975381626940963,5.303755954535089,2.160515156313023,8.145174919915156,8.944609063952782,0.5353787365083122,0.8961667768495927,334.4995059540404,0.8597202542603344,0
2.9449540223562867,10.8075066374705,0.8856772739650126,6.284920653073935,4.438325185214403,19.43342040209306,9.939711015982768,0.5851045403431756,-0.05635861061958003,462.22323409095867,0.4062360472895642,0
1.2223162677246013,9.927556669241607,1.818138743855785,7.59951724191516,4.869086756749343,36.83722808953756,9.699084751180479,0.48622383185975127,1.3496739897059942,414.7366029641092,0.944045656122305,0
2.1264067853995012,11.619714759355631,1.86732108396361,8.426173613798376,3.475000858022481,67.55333121661117,7.2348699384335955,0.6967811049832063,0.49099293060087934,336.96673586503954,0.8150354832264033,0
3.41144363558034,7.862490650296704,4.965853947991664,7.6419496590710505,2.861642821048561,40.97503871450636,1.60363006653976,0.48480304923751394,-0.4195203681127644,366.6235226315384,0.8585842532788581,0
2.300416698266903,9.633788876154439,4.9740651465188614,3.6046489374943023,4.15052270641418,48.977187839448405,0.4272229155716607,0.9516961089449152,1.2422344049813794,464.4073021842393,0.9357361046087379,0
3.991547061708851,8.253983465692894,0.5739313933030621,9.967591370471558,5.3327632177425865,70.53153439953353,8.28713989274883,0.3348719631833824,-0.602405812842313,415.44193106605775,0.9401512023333769,0
2.6771778548398064,9.414120881159803,3.629843896641736,4.4015766678211135,3.2941894331866033,28.161418519163394,8.441231840019888,0.6646349086030853,-0.4655400062616124,324.4365772417206,0.2780617150969913,0
1.9634864579078606,8.147192342054161,0.25872739834550573,0.3422005573134409,3.0098771900851182,57.55244908265419,7.514336900982003,0.6502401447941186,1.2762677853054418,346.4162177943318,0.1713033261883085,0
1.6603339777142594,6.320425724968524,0.15096007668594313,3.6899078206960745,3.1157412345507507,69.625044400869,2.9432501627923577,0.35341724969405564,1.310434082213864,116.27079087434537,0.7063311963927495,1
2.0515616028584853,8.555281912023666,0.5266694712248216,1.3650512502810483,5.796528611666657,20.196177552213257,6.470215024065562,0.4705188620626246,1.3723438064126459,261.5754558967699,0.5850532588052852,0
2.1175998212786524,8.700089410062096,4.8274282850396695,1.3022818957109126,3.4371076630582387,31.735862386087437,3.299234729789688,0.4289262574959738,-0.120024626748653,185.4489414576499,0.36105518035033546,0
1.206141033171883,10.674226937821128,4.7043177394734865,2.887196897058254,2.0144169595531487,78.48576304170163,4.616352811789063,0.2552491540184404,1.5997623721145566,244.38678552496236,0.7002270314381649,1
2.1087225982803197,10.14864494055507,0.9696391014034023,0.6284173923548824,5.126724831838478,78.74139235971583,3.9478638328090034,0.5295656913683896,1.1680044078862184,348.0110930888403,0.10889703345012565,1
2.3927155592176748,9.646541367590109,0.8083616777685576,6.916270665254674,4.797099181341561,21.742244772045343,9.153672850542545,0.4479960277196573,1.5019022286540213,117.11799212079002,0.09484790067108925,0
3.168213256716414,5.793709668868008,1.202675432579735,0.8324899535988604,2.5142730584118755,9.983437916947109,2.494741841289981,0.26048562406044345,1.12581645424067,57.81918364756562,0.38659505499167207,0
2.970188454164824,10.044314034646005,2.577734970375711,2.1125665988159663,5.93961699653965,25.319120848253966,5.860586864822753,0.5048920408759854,0.7387893762390219,228.6159814547283,0.2341542922605528,0
3.126296965687463,8.502136094481603,2.8485231601770495,1.019707173491782,4.432249141220445,34.82989679777654,3.7376189845318204,0.4796595714328653,-0.671815685277942,194.98294151962574,0.7326282482006986,0
1.0250910456305713,11.258696752743115,1.1079671521972367,0.7253605359400076,4.003117963762406,38.07542006983728,6.698096896759413,0.21822910989351374,1.1328086358558478,239.19442686576826,0.9506207460127825,0
1.6530021987416081,11.439096538913798,3.7831139404497263,2.7507414888414625,3.528877070491564,51.41047304978177,5.732718783539255,0.21806878772620977,1.071382326374552,469.0494141660413,0.6785460430003942,0
2.9850528651995694,5.386096134212498,1.5477658470132538,5.761799779837663,5.594691022254551,72.46270700986598,9.254981277386216,0.6827566418611276,-0.0625266001394188,368.1878455466796,0.6720451487711856,1
2.451968104539241,10.74449092248135,4.610656627647051,9.650387008823733,2.975853925674253,29.776100893037185,1.1957990866718893,0.7359227242453935,1.2074593071392785,197.35644856962207,0.05626579474860401,0
1.0159404270050378,5.263881732958694,3.283613532283653,8.768010878061101,3.1430756008796075,68.74884016244064,2.3622802296162817,0.9470623779180143,0.6513636602939825,130.67547000651638,0.5366631231383986,0
3.413483927295467,7.570187379865159,2.1817559715180583,8.771745861908716,2.4896432267462676,12.010919069497017,7.710210045544348,0.17830422141498986,0.678218715630245,328.3152324156214,0.8262462541664015,0
3.318428719871012,8.796099829347554,3.9495600085142266,1.8430636567728105,5.036476382337041,8.140602422991105,3.8141110309694657,0.20607534314042814,0.1028140363571377,345.9093131792764,0.6714143470711168,0
2.645257488980688,6.036705590389892,4.089573130233324,2.722581215628419,4.382197121623413,42.80338873425959,1.8246811050414944,0.14663631562111992,-0.6496448759795903,267.63020774502576,0.26639326541639274,0
1.1993899773288164,10.224196687983538,1.4524080280447182,0.8562938362735264,4.436264677017993,9.474666749795368,5.1325483406048,0.5790055876812371,-0.34921462640203293,145.74234857997206,0.8560514860058408,0
3.299545148597754,5.0584829292049704,1.6985727191804219,7.8068365651603315,2.8738817240778545,34.43673509256726,6.590992203791585,0.6604719528657038,1.3064949600081746,62.84986737643867,0.9661578880044231,0
2.751140763194092,6.180193339038258,4.679775768643017,0.7911813847070633,4.604673556508335,72.25835876519258,0.6393017987042863,0.4631711067389419,-0.18567534850931833,169.54731386027262,0.31504320512525685,1
3.3458799314738776,9.065577808974329,0.8237051918163596,5.611287141126447,5.061833788987456,23.111227715560503,3.0578945158009585,0.8181119988650194,-0.9932408369931655,255.72672468058283,0.24673962505751634,0
3.2552409771875213,10.000712934261045,0.210752084814671,2.5539681660071127,3.431554122902757,57.94818313436774,8.13234086942122,0.7180294924034201,1.9910522633946504,404.5704288991214,0.37160055942004205,0
3.4090062158735113,11.416501718857413,2.270276613047746,2.5101117768845733,5.2053885758468486,27.677404429255017,5.2983967527799045,0.987256378852174,-0.36795329844888736,434.1892229803275,0.11000036968378753,0
2.5540241992138744,9.938476563542366,4.006049501218144,9.90817804695129,3.3951623541280838,8.36900414316017,0.5467163086985359,0.22410548496971078,0.9661494466111815,235.8205518501339,0.8797610394325318,0
1.420973554580545,9.702454891784061,3.858340531553729,7.59212008908752,5.032553846037151,46.7517936057732,2.9631198516920687,0.15248409790825124,1.780766013724981,408.2558246075875,0.9328345065058571,0
3.013472420139066,7.760388024454651,4.597653144564163,8.385699647081397,2.134920429830876,67.61401179025637,6.46357842859833,0.34732333501244905,0.7991382039018111,497.0087705980188,0.6516378876514738,0
2.861421355155912,5.00899097868761,2.666003321845201,5.762628584905725,4.204658405894611,35.71013362569646,2.153722801864643,0.11714517578515965,1.3970918452533723,372.4746686835032,0.7761180722107737,0
3.2267595615972615,5.841114811149353,0.5003233578326666,8.723041445198117,5.8781062425595465,51.29703698435653,8.30843578095026,0.9393502850798614,1.9291151364464447,377.8695642206331,0.6852181435633983,0
1.509643018152206,8.741881813292274,2.9434448716800805,6.490356337746894,5.924978402729563,72.50176982432944,6.83044388941991,0.3735564928193579,1.5810902777893574,459.2914256974239,0.4084865178253756,1
1.5849255997008678,9.725909200910937,3.891978071766058,9.467119677483819,3.1270103133669624,64.22708845527409,4.819514797288373,0.597187150274313,0.6737122660350852,202.16485778760944,0.6504402439515525,0
3.6712285516579852,7.922137987275237,0.466640601349132,2.8852520018518044,3.765596364321422,19.540729954461447,9.173113054454491,0.38626266959086775,0.0911087914462283,55.04242687586206,0.8445041623313573,0
3.249933395356212,10.114753080698732,0.8632870054879488,5.99366350325066,2.251911631946532,60.00379695237543,4.039647555061685,0.3212277597899411,0.44739334749187876,494.1397722540646,0.8194120397239787,0
3.7246854661009685,8.653036067325251,0.061453305778354506,6.932300344575232,5.493365230418399,42.6419768870114,2.503719423528036,0.237128251577392,1.525478504571633,270.71063495196074,0.12700465009584078,0
3.276145963491762,5.519233369160186,2.9682628972340517,3.990079319775286,4.274288612560857,60.94751059145636,6.681749326761669,0.388329328296222,1.560063830451921,403.5549169230471,0.4894709125159612,0
2.7914659179709056,6.344113756775641,4.433671959729522,8.809109025800128,3.540402715762068,42.08866628916636,5.818292837207456,0.6538770373671771,1.5375647670750912,415.621011924183,0.42745539075938743,0
2.962398211083621,10.879987562707601,3.3533165800104974,9.800051314731128,2.4510822339566123,14.596862308122715,3.4854294291260066,0.974459079718775,0.7916732082500331,228.88250468601305,0.7644083084908714,0
3.6673837718200297,10.074389226371077,4.91020043795491,4.988317964589349,5.787069141987557,47.74320850169293,3.5679127009749765,0.6022828363304344,0.4308677532728389,293.57287102504324,0.5263071425684941,0
2.7364202635358215,11.263333909087464,0.3151682624988078,3.967342482562957,4.120876191283974,41.910049429800495,4.102461024614198,0.5794381594891046,-0.06598583171301464,292.96198672820503,0.3822160531409486,0
2.897173972985162,5.822900743846556,4.515005425757481,4.772185492708941,3.1317117163316155,43.844130023108136,3.0531579612978192,0.13173671629463218,-0.9899174344542121,149.0972042049127,0.7210322725635415,0
1.4694301480108019,11.931557742305518,4.070341436933403,8.542093782746123,3.400860520526038,70.91768402344027,7.160365782337041,0.8560891141009235,1.2934558125828675,102.93752025243207,0.4998995943191038,1
2.421763660348308,6.465846997649535,1.5712076024975246,6.490137412629859,3.0827887236885907,72.11277850296885,6.583312369501813,0.14035723749781592,-0.16900515995783594,294.60753722418144,0.2937928263653262,1
3.149191335874297,5.082459134006494,4.867632759186259,0.5432464879291412,4.407239235427923,39.01528300742888,4.519620994954649,0.9156090466931313,-0.010966313843987718,104.06445208315807,0.8958960764797144,0
1.8128280949490962,11.981960573374879,1.439688740857075,5.467482113412577,5.719854303122039,39.179903096006626,4.0989758226365245,0.5848045528210462,1.5304436745411318,205.73992573678092,0.1573954557453991,0
1.6067625415736049,6.967517198115792,4.446523619141092,0.27127121513560115,5.426775213306257,43.6390219154462,3.7775024397251107,0.2516199447106319,-0.8432465286321381,133.73749923842232,0.06718332154121223,0
1.9414804246732467,9.67613616758792,4.4037428853709475,7.807500172933714,3.84152350170391,43.96919587506927,2.977989549644085,0.5065366528058128,1.782860994372316,368.1122487272501,0.1867154810156374,0
1.7245018839785002,6.236776199234137,3.788288083014862,3.350291508070391,5.305997449204032,76.27903581343345,1.039827298939182,0.9954860326148784,-0.9959142326844808,442.40398407499447,0.205461090822477,1
1.6447379111091875,9.061599725393993,2.8173523690642592,4.77287407296156,3.6924219251053194,53.70503505331201,2.8284059181205055,0.3745745668396837,1.8175073444762182,310.06157443348104,0.5611400900451874,0
2.2745525286042607,11.328244905181915,0.6000137480844403,8.006913248485557,3.009228563034552,25.809274616595797,3.347773217192038,0.3425137916937208,0.3642754732502491,234.57011322721888,0.6436222256051857,0
3.7235155416506025,7.241268171999071,2.6598586724824913,0.5598432911290394,5.9336604610657115,44.86525977154925,5.567303261400365,0.20620530553825533,-0.6936321245445413,498.4891883695899,0.47618057735585917,0
2.5211789402161546,9.691777832310514,1.783981278274673,1.6695612023569435,3.2155502718832873,52.041768718098716,7.783127388964888,0.6374281139117549,1.022484101723562,59.54411086094265,0.243962683015027,0
1.5637611424459692,6.3153251215889155,3.9610851657767587,4.039807726806637,3.2948969239476336,52.98287907604734,4.07788101937351,0.18030429911256662,1.6875692771636652,186.9534878917652,0.17558135385422896,0
1.2309150081426221,9.373567791031077,3.7906460324842244,2.37625911910105,5.958771471146089,48.8940669678637,9.4586176773505,0.7894072574236695,0.31421845054286,175.4029186911502,0.5175443706675402,0
3.088468435413776,7.355152462722571,4.553062536863026,3.445224115173125,2.5357099726626195,18.3302115966153,8.308029641723392,0.9273011628975022,1.074073712091999,210.29161912606386,0.5872089332388214,0
2.1483962933091636,6.478457810115662,0.07415081215853936,9.981929905135404,5.04213595203878,7.5194891809630615,9.851058109260702,0.9386840000939495,1.9380881605678817,153.76808352132622,0.33876330311830033,0
3.465492839756078,7.192274354925446,4.0455160841152304,8.271602931980727,5.743251033930906,30.33822892751408,8.78678980220652,0.197124627589694,-0.27789752886098484,168.91827594415514,0.2594179499739254,0
2.9785323059223106,6.251887479554595,4.692310265623344,8.850627968105075,4.047179977101674,37.06416159201902,6.243914303231916,0.6024363376176719,1.4613483707680643,165.9546994627973,0.12656309050505588,0
3.3887243516241057,11.31341275486518,3.9465022455407506,9.376840872301177,2.01008704681128,9.635317968206495,6.0650970206038455,0.18739886941194994,-0.11428867195847014,277.58482283859377,0.07493226264262107,0
1.8158381182553462,7.780308204219902,0.6509722993518335,3.475265215110537,3.500235776452425,66.12255035148846,1.469356042191327,0.6148145273358675,0.2790127999704799,225.97487466549399,0.1504496092943709,1
3.0770767673831743,6.716955134820571,0.4063955242044387,3.0410618821850797,2.4462759695393084,30.805807813270533,7.279512639137364,0.833482526688623,-0.15470239450821754,337.67604589320877,0.7549754416697436,0
1.7921859540811562,8.138854887111531,0.10422619903850405,2.4172186764635417,3.664750643734783,73.52245596338786,6.082027204408179,0.5840111460729562,0.33803524530236717,281.4805219404584,0.3768177176461949,1
3.8172054383508747,7.243753167645469,3.1437261291403553,8.318157421950414,5.160107046569139,16.580758088169887,5.167934613280651,0.884848443496013,-0.9847329027151525,132.53983356637872,0.07604796963180711,0
2.909122844600123,10.210934776693282,3.1483632592994364,6.827563436623331,3.754846195535202,9.270121770298507,6.994211351061429,0.8215069193644399,-0.08968345800918553,414.5202405205285,0.5327570082616273,0
1.9735354005260262,11.79853938319846,4.934568571091061,2.4381026265804855,3.72770048538369,41.17370782897413,4.551668859812339,0.34889351494593557,0.3358821918130874,262.48783925325074,0.559263903544194,0
1.8085355868768178,8.066235596883528,1.9902158705204787,3.8322389091835034,4.2271579076753865,19.184700261928,5.3338246916012055,0.6670920545941975,0.8967205511182881,118.95418305769225,0.4572543406317738,0
1.5727797552149305,11.027233799805682,1.6595314244874837,5.116446462934703,4.32676233899072,75.30494566833958,4.103852587071913,0.10667091382851829,0.9120841735277265,125.095929317898,0.1551486714337116,1
3.0839228766811835,8.961041514917337,3.1221246359219625,5.328586567010161,5.425185235195885,5.772754884030421,7.230234755032761,0.45643772433237795,0.7513568554114785,408.6357847155301,0.7672190277256654,0
1.656146838993782,6.100649655659634,4.128043362537969,8.898404512661974,3.233421756915806,35.946475629427624,8.790787511369304,0.3141641510058657,-0.1209045112231093,366.3469329003952,0.7046275088247882,0
2.785909797782467,9.834359194569391,4.6838697476150095,3.867604716177442,5.286685057472064,74.50608285088762,8.440280403499505,0.9434047113491375,1.8422129478072362,277.93757864289245,0.4249926813580087,1
1.7939050807760721,8.59404147988074,4.015620830895193,9.094387901955072,4.263734994768189,33.83136550473263,7.903047666084795,0.464850110550844,0.17590947122329803,187.7366793885496,0.41177458891066454,0
2.9859068343816055,9.554245662764725,2.1333699030790236,4.469538847165917,3.202118198868588,11.983196045034557,0.335119504536599,0.6886579855802325,-0.3493181762828266,257.2349165586842,0.19813835919864597,0
3.4448191856216175,11.227811888001654,3.174571176560321,7.489089480444303,3.1805041760243085,27.71712071463403,9.136428545999102,0.7587834483462464,0.6635388190039619,336.41759171211953,0.765871879733362,0
3.3340757294339594,8.083041994592323,4.281496633580585,9.309517767852055,3.444550068422898,42.35077953758251,2.8937820630892612,0.7958912848133568,1.2467860096427406,445.6770428432815,0.6195952091227779,0
3.2825539927923453,11.30824336252149,2.453048441558697,9.084999469236337,4.490772970479902,18.886376550749983,8.902144641041085,0.762197672815776,-0.9632992815332013,300.14054045542787,0.13150377323729837,0
1.563167217076756,10.254683099971583,1.0834332185269635,0.6638333862272435,2.9232469254397966,39.992127885744644,2.13028741027589,0.36024855488896135,-0.1709679778133577,174.53088264818757,0.4091602855150678,0
1.265154840953556,8.420234481145894,0.8486171987393648,2.1364725202680415,5.68133424668907,67.7257396839378,4.508528363962426,0.7174609270562998,1.4749335578000897,69.23296161206537,0.9083828954400774,1
3.096846485462157,9.222554949605746,0.0007887228902836441,4.821363712769523,4.2996503367116015,70.44634776474598,7.544108184403755,0.594108534036055,0.5210632801567945,128.95477516253328,0.47975587157341487,0
2.105041641383054,7.27906792763308,3.5911899749064213,4.372387470535762,5.680063107984028,8.694555103304909,6.474733663716291,0.6376353983177669,0.2254649137397422,342.57992929810825,0.3586811243355483,0
2.2970386792100417,11.885181098171419,0.5554860442299525,6.44482748188835,2.185617434316619,17.06775185394301,4.276034992688413,0.10073315557787939,1.7927038387469354,122.19663507087094,0.6615948716761652,0
1.0934472783801732,9.671458141352772,1.219195498479702,9.45261960317158,3.3704454818458935,25.646760182510313,6.850513796054728,0.33243184085757094,-0.7313947086314839,266.6927989145529,0.24282375879985535,0
1.7787293478251476,5.306927967476409,1.4893816576139667,1.2128066416516934,2.0912306427504923,49.61493881657014,5.579705198457067,0.93761532704409,0.8467106023335473,364.5297569643734,0.5476132282968205,0
1.1010292116233922,7.286353340236062,2.8018993006838415,4.57340078482898,3.0890072603918792,32.07460690943503,2.9022158050282165,0.36106847497515315,0.02656614873133112,188.70120563139983,0.6860466158854632,0
3.637557317803743,9.363201036313402,1.9897863864788463,2.004869275082679,5.448025889074353,68.30306850845565,6.534028565871971,0.4942139700246784,-0.7875298051212228,351.09765041327876,0.8621344951763239,1
1.7301900496555915,5.394332944594678,3.373369960115809,8.95166522413968,2.1464388633688034,58.75039012122032,2.2016214461763295,0.26800658397616695,-0.3587664741675395,311.4824277415184,0.7078790876389766,0
2.672011508719024,5.167189339234,0.27819329664351355,9.649343839436362,3.7445883996629794,12.534201733513115,7.001085185739822,0.2247422967133208,0.883799639051853,247.52259811777796,0.41518930731013615,0
1.1169379619833912,8.150169676694619,0.6196959713221972,4.839146650714466,2.470268281892911,51.84181268840684,0.2304866007077795,0.28780207177483463,-0.9151691984363277,453.76046549791744,0.7794101646808954,0
3.0005421739169744,7.32883125784869,2.4960575176663333,1.1297019475085934,3.667362637041471,13.475946901023383,5.577970634865344,0.5982825959802757,0.7767464461680529,361.4265006923497,0.9034799316672997,0
1.9690820372622815,8.06809025623216,1.684823939234149,7.874417200554465,5.355406337057509,24.127675222734506,4.1304627500501825,0.9271257862510973,1.870551263651913,212.26866491865883,0.5038754434269426,0
3.6937575608729976,6.838853169160036,1.4790668137567986,7.00169936987475,4.4922841336100765,18.340297515067103,3.170416983259084,0.39357926190657133,1.3852881871108078,411.91904008649374,0.05427574620911825,0
3.6643545668021074,6.1530242286008665,0.3351403951876136,3.6112411834420737,4.947025381325693,17.97964619005287,5.2539380788994485,0.391067156987174,0.03679123800153694,382.1459963763523,0.8868721246542519,0
1.9758718550852432,9.824003498862364,4.478595873740007,8.885333992292738,3.396416461798324,51.22966435826444,6.524053998851704,0.6077265281981815,-0.585377060915175,406.25778447867395,0.20716989202831337,0
3.7028826870714036,8.601997813874604,3.459092930625254,9.7607357088488,5.7775907800405655,47.27036919156211,9.660060208891956,0.42106844592382175,0.39519330173893574,338.4301923684475,0.17000922973135463,0
3.9884730204963366,6.401079478745568,0.6080907840982469,5.622753106388934,4.837048375118,18.202111459079518,8.364032000903357,0.9193744431855893,0.17885130853521636,220.71677712777438,0.3422946374530299,0
3.476246992371844,7.237125983819988,0.32522978868570307,5.700706322308494,3.6871952771381236,79.26296040638238,7.2280688542213465,0.44006323837803574,1.9151988800715563,206.8603320219211,0.4109845581212231,1
3.534614043265687,9.142655353643281,4.874362667156215,3.0453837006264006,3.7058592009082196,36.637754927622034,4.893875734455635,0.5413980272675204,1.9696041635252657,344.36811234166896,0.8094078632773194,0
1.7470262083272696,5.505605437907345,3.405862752197524,5.88660975623481,5.674736711773191,12.280199611620247,4.043012372710672,0.5800503555733698,0.23175396897137346,108.90500358510552,0.4197242158574722,0
2.730107196573269,6.032171064863257,2.0872803554687076,4.452458973195981,4.305618773741568,14.042676271633635,0.5187906149427728,0.8038610156174241,-0.5536480494101895,418.9614577243591,0.09638010803647415,0
1.2017677419021036,5.512719228751731,3.5086552037789245,3.091691166587714,4.825516839612167,48.7920285294946,3.7191496499786725,0.6075153454733953,1.7318286489287154,216.6509227991329,0.6541635959910812,0
1.2847538104650091,10.686221328998833,3.7816589324007954,0.765133445586623,3.668140898052683,78.43020525376046,8.514095958991643,0.31523959013259173,1.38062682700098,333.66739521449705,0.687659972258508,1
3.996677836099872,10.266864632484065,3.8998110119438967,2.6018078111203367,2.8947710590588565,47.89633262143984,3.9634409033676423,0.2115884859637306,0.5338226199670926,274.57876172003813,0.8235098747904984,0
1.9799177482777328,10.273190523154799,2.3893865282652884,2.058761031808878,4.894237167977675,76.17811074624778,4.723532990809035,0.9439970920200675,0.09606392904542393,283.69692141109425,0.4289227766280751,1
3.2445517361465392,10.014277404332196,2.14941379062424,5.466215647084094,4.431295088565552,38.30996380685201,2.863977355444067,0.8214066951751967,0.34449748279918246,382.1027657906062,0.13176752239729322,0
3.4199951590804494,9.685697965689084,0.0551404213445017,6.056533215459579,4.005371521699118,37.6880827739009,2.886501036370994,0.12066868926002416,1.705643525915331,332.00152415213824,0.575409163809825,0
3.5740698130216875,8.338943407647225,4.63278557570919,6.124860070629563,4.496083759977855,42.50055194869117,0.8063432567391344,0.8393760858911928,-0.4460696567093846,162.63904475557106,0.16494751344863123,0
3.9928848922064697,9.495947144549806,3.016539391944715,3.942991910352223,2.8331423442569346,57.30690936166664,6.215278471074049,0.6315380145142918,1.420350563370413,83.401669140682,0.06622155687309442,0
1.7244894557706036,5.268530883515822,1.0157696859498406,4.27017436348641,5.175754826127825,32.57119748384995,4.5910801498443945,0.567004811531449,-0.9454281015185338,428.105330314381,0.7896542982587783,0
1.1210524805790991,9.350250958597492,4.598017097107183,8.358960453442336,5.792651220081224,69.79145245092178,6.138415913409788,0.11100626112120303,1.7617159794262554,448.202333638336,0.43324007032146483,1
2.233574553983758,10.44514393875814,4.574659508851482,4.814704853819908,5.5644125766708115,7.196103857610968,5.559491620282758,0.8027776507459736,0.5008918389386172,124.02343981279341,0.5487549134593143,0
1.3902420094868408,8.502508522690732,4.945920821830479,9.87895598815751,3.2857429812280685,37.98231462713318,8.028676955512314,0.2782585128171251,-0.31975652097648344,189.2646801137896,0.6797067426301073,0
1.0672776674861653,7.502593298990659,4.370282815694894,4.4522105770877625,3.6240230931283035,43.32438874849384,7.559916740652433,0.7551830918746711,-0.9914304915484528,177.05407186927954,0.4309762833756764,0
2.081280481424458,6.941987143606854,4.988921939100324,6.530851351716606,5.233609199190244,50.52741786973221,7.760247760751219,0.11428142262923555,0.6786394062343226,471.85185233306964,0.09857501285352595,0
3.351214753225709,9.499614351134579,1.223430940616363,0.5985936900346185,4.380468523298415,25.705393427439745,5.092542268028421,0.8167182846995675,-0.26653638832048565,142.1498218688098,0.2901064748225626,0
2.6985420736752124,9.849608390409362,4.211247925996171,6.568065251746227,4.191657774706597,37.06099782393765,3.6680372432685195,0.12073552151953651,0.8937930080325298,124.9426544449244,0.23462413177104818,0
1.938333967631062,11.096773199037798,4.115141543978822,8.52912130470856,5.706567870133781,41.34033126605425,9.347678587222937,0.31230361366526715,-0.15649215564385832,131.82734738668955,0.9785243197830522,0
2.963026016478159,7.396338577226935,1.1547017961036687,9.430332601479632,4.144099843908203,56.518248401240996,0.7318437824222288,0.3414503912614421,-0.7359279124293193,378.4411292421951,0.7525301813241869,0
1.6960545409264323,10.3884061516991,0.4921877450049539,9.973474055233728,4.0597547183492395,63.015813855186046,1.695688816932257,0.24175777429623377,0.5151548895306779,449.60892991091384,0.47897249835003286,0
1.043144338216255,8.929490769325366,4.897102568387998,2.893568591927408,2.1680743650654386,60.33704955078404,4.3120711033310695,0.5329523765758322,0.6934572088644331,227.01533478497063,0.11019902663463861,0
3.293060159309282,11.179855434746553,1.4801227576030518,5.796163641774597,2.2776678343605505,30.618728921718898,6.21678499516651,0.355319163655038,0.35777007661865223,111.23595696486055,0.16005799635435702,0
2.871229254592027,8.694684758069345,4.35445895233903,4.562108056768259,2.0296812315226007,79.95878922439726,0.2803636731058721,0.993959178154531,0.37410666298934414,313.57489883375297,0.822254590807844,1
3.28690787350288,8.623408798785771,0.020635773373019473,5.681793057694192,5.652976903134535,68.64989838403847,7.249363629249192,0.6219719140288951,0.7689503837000462,144.47073124803927,0.9481766391451506,1
1.1168140500629968,9.045139570086363,0.10512403609801102,1.658784276179482,3.6335466400708025,24.50175298587267,5.675520119341165,0.6098300425488165,0.5790605282304604,78.86815131435567,0.07978267525156202,0
3.5113588834919565,10.24520748599704,2.329356543481842,8.57588076869982,3.87424550453365,19.632935425462065,4.950087035033868,0.2987826670958097,-0.6022973834120255,448.80412027211423,0.9148772665538621,0
2.8585786001089097,11.752833351799227,1.1935734196753178,9.104732539111417,5.381547790369848,28.551593793754286,4.350251380513109,0.46782049484342025,-0.40874306054490295,441.8785743501542,0.41153552771669233,0
2.6901860521379204,5.514943479510359,3.4492064171798216,4.551650464817933,4.436985241503112,38.92586397497337,5.2909729110581205,0.21158019492400001,-0.5746268757128498,489.15957211667313,0.2529510276209902,0
2.8738421443435946,5.37404221673712,2.8278216278397714,2.876255629578411,4.438006385562325,68.80995337397104,1.7855001979211265,0.7862763270253477,1.0798867466592377,263.3021397077598,0.14712073954253085,0
3.5932997406050924,11.56285236185137,0.3874289872524572,1.4942509337648222,3.18613771741925,63.37716978459008,1.2653750449144288,0.39804332153812927,0.585795236500898,182.30053919468997,0.7831614948555351,0
2.7608095196767213,8.709129378627443,0.8131414815785853,6.8692717653002635,5.335633495698077,68.84345926294071,3.038447291768017,0.7767692500538893,0.28956537059278475,396.4026855066811,0.49546496092272296,1
2.742851139664538,9.304321101968553,1.9402463502920715,3.1910952122452785,2.663319904157975,25.396783618274636,7.153146961456183,0.43452639993652786,1.3950169858185482,131.22271943776076,0.840802592838494,0
3.9720374711972974,8.376965211163101,0.9280203197771658,9.104431842142548,2.2125983686917916,49.50959168388771,5.965221261587865,0.989881516103361,-0.022616020717584617,159.4814345673263,0.264849295753714,0
3.270190501205704,5.655602168252321,3.961111736219643,6.743023500964213,2.766413430074129,26.243679670803083,4.905205572666325,0.25400946002915964,0.7043199892728831,165.05718179332132,0.6946396349908034,0
2.3268814163534057,10.376625648930666,2.0803511777664,6.492284719224983,3.0709488750982588,13.176737053961986,5.800905465780412,0.10137150449499817,-0.7767771955294047,478.22873446048106,0.16221561962282166,0
3.122191000098783,10.230572515620107,0.46715933421249634,5.638080947392584,3.129244231416827,56.31483076060105,5.680728527785564,0.6353429872405472,1.2332122514753356,378.4203134739833,0.13526314992803123,0
2.1676914150753657,7.1819232504496835,2.421714511360624,0.5531857603443836,4.68205439447507,15.724816339657908,3.209010869801269,0.9576578800790543,1.0855773344467696,110.16265666196905,0.1767298578436639,0
1.686626387450497,7.143674716598802,0.45419090530707085,9.326032113287312,2.871298349314574,55.07733212798536,1.1550682829983132,0.6823486494153814,1.4071388878906461,91.78064515575804,0.8184562355322919,0
2.7905556306632784,10.86488966633863,0.6446865270990859,6.316581183664654,4.706633217979938,53.59732286790568,8.988467212897897,0.17715117047336287,1.6534278740496609,429.26668411303024,0.672838748661008,0
3.7845462943418546,5.506500804189287,1.1980491601410264,9.941213635492792,2.364528692935199,65.76863333180128,6.079130373714364,0.5864323442196029,1.2740848018862558,411.02344537014267,0.20766569733697532,1
3.787418560046388,11.16773603849596,4.297638526237449,5.419828407251582,2.588809844391636,15.466595342267329,7.037930396872347,0.9185382425239547,1.5334696703818813,351.9475601037598,0.4155336001509261,0
2.025715834316471,6.796631829271401,4.62306266166486,7.130097829871509,4.03528579396398,63.76101113816082,4.747172798796161,0.10585546109201147,0.036963796885173705,138.24529357847723,0.7755017092686339,0
2.583032398665085,9.150893234288457,4.131288646660345,0.6564746228755994,5.68758321030657,79.94573944596777,7.613509683770314,0.2502209915540189,0.030012086044818975,266.12759250017206,0.3213906699431928,1
1.6349076957095836,11.551959253012445,1.6703860870892362,6.354188150551767,5.438270355244455,68.82818364394267,5.928073186990939,0.8331054004923547,1.832902459699449,321.22667545577326,0.925200526697441,1
3.9868933284966506,9.746857510756525,1.3622322055441582,7.670031154744537,5.875013769771213,61.38590572457497,0.7272509965524643,0.9045163959197345,1.7437236089786143,469.4618870781582,0.9188726517827442,0
3.943353723603807,7.901008687269256,2.745778453951196,7.807291519040318,4.601916261112684,54.662401602103074,8.922950946858172,0.7364445587814438,0.6454920233156676,126.24068308883476,0.5752557844099874,0
2.948526789122342,9.826739462337907,3.6092658026655617,7.724105357079826,4.7032594656643685,36.63361135140721,3.194254238521292,0.9924041472758387,0.09967635581793743,281.95106321575116,0.6503755556945091,0
3.4132421790324203,7.407857454214591,4.966863940800874,2.34019801020731,4.500091995725969,59.78751259187017,1.551329618729088,0.1811943366279124,1.5980045907764011,120.9882374952404,0.6705574357184384,0
3.1453004838511003,6.940808914444303,0.6578535593946311,9.756444928291737,4.491275691432789,59.31335263553399,1.0628018755022948,0.5911088642529043,-0.029766602717901436,249.73220325836851,0.29554503486732187,0
2.7794746571184046,11.976782945542759,0.24645999511902217,9.952302994186894,2.5884813802703386,52.362371201546615,7.260315075652687,0.7164952503828276,-0.5390947513166668,140.06073858391528,0.39705531928778764,0
1.160043990966693,10.255531618258514,3.471779444976355,0.8483991640998525,4.174955824655715,64.72087837233713,7.098889994682727,0.7323802483321791,0.9184780250164399,426.2837937418451,0.17914405496539043,0
2.3642930276579834,9.513039841672724,4.161128917519528,9.370819585836397,3.544271733806903,38.6572916320126,7.061588823170053,0.8141361538097645,-0.8721345708010992,164.63132493688084,0.9286277745711755,0
3.024358906502232,7.4870275025352315,4.231743899332116,2.9655470236132566,3.7701488631091737,14.093953409929298,9.174377172279346,0.9258634405894448,0.13730571849946394,237.6971223098109,0.7376569667607745,0
3.032594841651054,5.344125804085337,3.392317745385803,6.923912409334552,4.09440229223695,46.930079570692804,3.619641615576985,0.42547730105540316,1.422991447083866,233.50444362146084,0.09403845301601518,0
2.119367855267151,5.217398132246089,4.770079020595936,3.4472981152877082,2.5135846872090064,24.878264653350698,5.699103952317448,0.13866705352687225,-0.11435141292149575,439.83273200979136,0.5719180775930208,0
3.8250759599740918,8.87926878814159,2.5550238177229345,9.680767801393904,3.4379509354084794,33.83248230718627,6.271056713344626,0.4261977230328625,1.7939464372205998,391.00885912951713,0.3759200480010613,0
1.502071096710343,10.334229047273357,4.569073991681062,1.1048881972050013,2.2537982435064143,6.306117795591952,9.798921919951333,0.7044532870485114,1.8674739998499121,75.90897005678781,0.8245234832083387,0
2.501078338646682,8.761654333106986,4.839060684957615,5.027693487868122,5.918672521689596,33.70929409384125,3.2609922084422003,0.29211047860027917,1.4474489022953567,80.18935572567395,0.3766100834418371,0
3.0726519296524684,10.885495503573802,4.2357872850155385,4.3376731402265385,2.4741121152805046,65.66008296015909,9.572045759058616,0.8289756564028393,1.962929956976188,298.03876030881685,0.6619426183708502,0
3.091407417675428,5.2339857316525515,1.548792816293103,3.3276321775520508,3.034098954179818,45.704177520369115,1.6575964642073375,0.2977880119505477,0.592292334534313,242.47356231100704,0.20745331678374396,0
2.945916870306447,7.567264534981581,0.9810782558514763,6.490786509713471,5.565171706813588,5.735039520047828,7.687214269072852,0.109057062142156,0.7075986564169146,174.0128992415789,0.5808177151666059,0
1.8258646403555805,6.659492738219246,2.7406003249090922,1.3974518598745083,3.9308401849565673,40.23828651798855,6.402281820200046,0.5572726968012214,1.5085004458114355,406.6794221933324,0.32919144592587174,0
1.468619706059866,8.130910777099855,2.2650737519009425,7.194957939523599,2.542548806082521,26.858873573405557,8.205581165265476,0.753815414263258,0.47841576736427127,107.88582735454975,0.20664400124438714,0
2.9078209804801327,5.506634752358857,4.388791710963665,9.807862025667395,3.5369221521573957,40.816299154787835,0.481118621670502,0.41468980648315057,0.22016002049920846,488.32561079156835,0.6382961895896332,0
2.797906348418313,11.678921490997508,0.5001583553357686,8.06513127323944,2.4634719767655433,35.351954108590775,0.9656842208027472,0.7740062195831081,0.844260773523617,60.846128038472436,0.6567091400146069,0
1.538068030867723,6.562787807485527,1.288700306557593,8.614165853804499,2.800863988338007,74.89844146680362,0.8830186397776294,0.49456390070890743,0.9729785325466458,103.20382607487963,0.9841860920770973,1
3.11541743671169,11.456154428385094,3.7589947225935427,3.660403757472125,2.20811938779938,8.088297422226185,6.011002663873421,0.2545431555760619,1.2526874650884992,190.09249442413338,0.68565075667806,0
2.365515975200969,7.981252085256773,0.47493322488656065,3.3163774041640655,3.7529099781963997,56.269100846144916,6.108773462240273,0.18150255441905944,1.004602091780256,279.11709286497637,0.5399244416007718,0
3.0032817748094587,11.898668932786526,1.6038220701085009,5.218778711432319,5.226544486901039,68.82699472263062,9.079827915678766,0.7395284484166127,1.2371653857899854,147.26127131569575,0.9169898009305122,1
3.512101239310452,8.878408684221476,1.9357769702699157,0.5526934861464996,4.343876714799582,76.94289384878566,4.782514442280761,0.44714330884259,1.023679012666257,381.2968169843119,0.8368667777540331,1
1.5091852857307695,11.515830049230653,3.1129689828134497,9.459045531119672,4.425381221938447,18.322716990822194,0.8668807390486466,0.9214963911313933,0.44133571550053663,210.8938565416954,0.5713089645181697,0
1.05743460399051,5.03744292085956,0.7906632285968229,1.523473212860303,2.8023361203329613,44.847860147464544,2.2533881359006513,0.5862295527165547,-0.595196246990589,67.3422500286219,0.5357816238537669,0
3.33730775918736,10.2376716432663,4.303022451748547,9.039829087764115,3.375575373009466,8.269218298790893,0.2791163292148605,0.41358917639863235,1.3563296868057755,444.9748853482899,0.944870726430083,0
2.829092275457848,11.321354571717608,2.2377111773313714,0.9274639978035214,5.380968415363328,42.43876433413164,7.81180234625837,0.4140918342907508,-0.9076625458369508,474.7395528887283,0.6362706917609843,0
3.098918708866365,5.9780439688526785,4.585108559402783,8.243986784017745,2.351424737306058,14.409356715573644,8.192874481431591,0.21829407800738426,1.9775002752840187,328.3536300966699,0.7280902107110315,0
3.5144649249659277,5.672880962125061,2.339349568169658,1.6044290061943298,5.431722614674134,67.84225060240351,9.979816079584532,0.634410238230241,1.4853754698190396,412.9413748566823,0.13234509003984296,1
3.4084328044735015,7.972008250301689,1.375201294703667,0.47750297950557974,3.9347601050591425,13.540250195402363,4.2395056007203245,0.62395042186929,1.012731823943915,104.50019241198582,0.7323903401867963,0
3.882760440786474,11.535752342930547,0.7091441434383744,7.222945557568146,5.348589725300469,43.49662702898715,0.3891240789356067,0.8199943227428441,1.89982031556336,170.96912680399907,0.30144775009634905,0
2.607805236556355,8.796705921333071,0.018725473556424066,2.8746264717268404,3.2720256775776013,44.08220517445653,2.500352838605648,0.2810772662203685,0.8374108443686279,196.3542594551827,0.15976102704597717,0
2.465486897979716,8.692195246052126,2.660787424924178,7.17351191256506,3.355371806332083,77.87378734487041,5.9601349031002995,0.36171067822824465,-0.8307013577669559,482.3389251268233,0.8571828033650443,1
2.20566159967219,5.987882828095253,0.5357834846346171,5.595343979680916,5.006419473292571,54.12355205291661,9.627041077116816,0.1875141721860235,0.6781465220435603,280.50018795831534,0.7066315323201087,0
1.4610731285326137,5.005526577652532,1.9586388181558911,1.1771931632776493,5.139984693568881,26.588021980760143,1.2150698044137842,0.36580798204201603,-0.16838744302917152,53.336101466282,0.4371860966262238,0
2.717821698646067,10.670980635218228,2.9463588061854336,9.32808772568152,2.918578711960587,23.059948245360385,1.3914155975752793,0.4852919041789606,0.10843258395331024,221.08362029154299,0.4598458898976631,0
1.8310375729779365,5.613021940903668,1.3784294845135014,4.577910330158428,5.891485299287622,14.618615423379866,7.077238055733642,0.9676255653585853,0.3787554675500866,53.4877703895094,0.23726183609932555,0
3.763922536638926,9.436948731147268,0.8761214618305763,7.371028050207011,2.337960416979316,61.738604303679466,6.738629139211186,0.687759402587422,1.3238022391663504,157.01258321260065,0.05907344569296149,0
2.749572412831293,11.40231518160634,3.873608113046708,5.060103662954688,2.2740118524085235,56.806749213675396,2.6549622820559646,0.8045865368012759,0.5087876431128686,254.61503021352982,0.3818911825909078,0
2.7785205415243306,6.460563392109017,4.733955861408103,6.083178602115927,4.382016861144411,50.740784548107946,8.168818951942287,0.3929588966984412,0.42404087247523625,195.52687493937648,0.19099364169845628,0
2.06477398263103,9.656909853658377,0.50220208930983,3.097458564331255,4.890963071086485,8.063033221249125,1.4620318036791395,0.23006153152728684,-0.09408358677446182,64.73039552832682,0.4506404559029495,0
1.1559680559331225,5.550890036952566,0.7779516219250393,2.083567009634158,5.843544516899895,62.21216497957209,9.272270078812246,0.33104794772199686,0.6196167255581089,102.35107508395075,0.8421338335334605,0
1.0952312961189659,9.22628600686329,4.800063286263593,5.471445013739872,3.6197831231954463,53.14156828613594,2.17011291725773,0.330820921899389,-0.25482743669405317,297.89895255022986,0.15901664523258374,0
2.2700054324595924,6.147522046672419,0.18892110906123138,4.4581678324129195,2.1011656359585325,77.29166510828662,0.997253252685449,0.6248037954640845,-0.2170185537753161,363.0222069730184,0.13716592202933914,1
1.2536961342917134,10.151674923606247,4.8881616827523615,3.962120812995938,4.411585357785627,49.040159740760906,3.5273164474437757,0.4073240192095259,1.2717763254335614,232.0470555048062,0.9069971089672838,0
2.8205408666204175,7.108619063557358,0.023222415424943854,6.758415231436768,3.1587840823950875,27.79639299962811,2.040844627638541,0.871658977899951,0.027641793527270142,379.1667858912081,0.7578825843164071,0
3.642919016918972,8.243737061632523,4.368343278256656,6.936015656910246,3.731788484781609,33.61404141419902,5.364024005353123,0.9896900673128481,-0.8458009811826644,123.49979983181467,0.10041637233671058,0
3.6487444495561663,9.196013794193352,1.5366259049387476,0.5546085553035041,3.953877928999741,18.188052903367435,6.931096066242916,0.40896856473710363,0.031031857684942432,104.92607651345874,0.12559196099470463,0
2.977136230396697,6.198913874663678,4.692944290886483,3.4535704930123545,2.2580504429521353,59.218563665103886,5.011031469087254,0.7345542463183097,0.9157166235998568,427.7541721744741,0.7006780167414811,0
1.633695494418793,10.191464730323347,1.5847264431779273,4.176469047241135,3.943927138256411,58.0791245016294,6.6739518517475815,0.6917379237283319,1.441956760031967,202.64600682148983,0.4018269920403018,0
3.588990494076616,7.118482384457701,3.27153160767028,1.0592323955252643,3.705278667217259,20.048751160825717,3.7762210411198476,0.27501623895905336,1.885810044177084,244.51156487499094,0.7379646307672201,0
3.6582803059396243,9.636603019389273,0.4001628488296832,2.435418580313055,4.850177061146373,16.886699238670893,0.47364145293867194,0.9262077353385706,1.2386612644249277,476.4117210427834,0.43423136583545374,0
1.5899607548588761,6.107981354895616,1.211649057268695,0.6112537925052907,4.5826636448493785,10.775369990164595,9.74582841740646,0.27949832846956113,0.2865548282505106,240.85054757169917,0.9693973529551093,0
3.2122782573120316,9.816823614444452,3.8683967323962536,9.962796776308505,2.740862872602244,73.3981807761319,8.230252344491955,0.7632614185027289,-0.10264216238512713,51.5705476333569,0.7096957816476186,0
1.8595586467813687,5.8973165096732325,2.6434292683940983,7.39191630940146,2.824555672841588,22.480237527113836,0.9195044760293551,0.4128486780468812,-0.6111100294873318,472.08737279742604,0.09428497660339114,0
3.407920937058789,7.977495473889885,4.639845308935223,0.9657565493772614,3.004024715097493,30.812264506385297,4.601928682332078,0.4303734103080742,0.8830593033383431,56.35338506862259,0.3639766861334979,0
3.9917136997108082,6.730442516172138,2.1437570417067713,0.30046885992191197,2.7158017611887093,26.037838128311797,6.423186886704372,0.5099041476000643,0.5296499423270191,348.0288276781391,0.5854258768292279,0
1.0900780159881784,10.238626745997278,4.3490618290696155,7.220949221507574,4.628852798673869,36.02184519580933,2.0678238516118514,0.8780571802496256,1.0331045493324238,195.3009092896266,0.1847799562903395,0
3.6920975973727956,6.834245031548122,2.2447771873911875,4.448002440258403,5.977720716801082,58.55365995368625,5.864288391355161,0.2262267473600909,-0.2886005306347912,261.67584045209225,0.052394285071530905,0
2.867891600795974,11.172021144767774,4.896241393509927,7.889287419739302,4.608433362063746,70.29467252947133,5.429756457553333,0.14911262005127854,-0.029067495670163312,296.27832546328284,0.1253427257056305,0
3.9201478574944635,11.24274147984629,4.799171906994384,9.242412774401998,4.426726184765165,18.69490621464051,2.2409988476401073,0.46183673702240324,-0.12371395150408293,233.8070257829994,0.5480503038113596,0
2.3950285525792827,6.375089206559501,1.6456835277804016,6.033073851262087,3.63971173340429,56.480925780587384,1.583861030919042,0.1500265892278793,1.3929555265232318,398.4659542319757,0.6506423363412924,0
3.5421637917141213,9.296921615054071,4.429618352084016,1.9523733868808053,3.250321035439043,31.44216066818639,7.637830438262648,0.7188407947516965,-0.4863105554099597,468.8178843490007,0.13825820690950186,0
1.1871822057948318,5.614023492039751,4.238056871078246,7.8437209568598805,5.644295027625917,78.53953762229696,3.3613471722664108,0.784292567524492,0.8254163510734867,88.88542345349072,0.6818986977103325,1
2.0058371502348873,7.740759697211404,1.0534019866378141,9.562536257426308,5.8760074965686115,27.418936946305763,2.591597231653985,0.869241155277933,-0.8459349527226798,410.1137965557379,0.6362679493919421,0
1.20104961325363,9.993252106508905,3.1214520039163487,5.844289741893564,3.987104702350911,5.539471700589497,7.4312078574986895,0.7694580209352372,0.648582727705159,107.90201340529032,0.9429021329106995,0
3.9260294004372116,9.615962727949414,0.3634115779490743,6.851774728079262,3.16080198202623,43.67299805148839,7.413473181825224,0.9247162543234112,-0.8082580727408323,86.1247324623235,0.8486417169841566,0
3.45092172181551,9.372904685846255,4.183553602917308,3.4409994808630633,5.080488830679071,16.304831320695328,2.908736232095046,0.7734710104508999,-0.472370227636038,480.1241537249579,0.9460797705520169,0
3.5576422637379115,6.977786045637105,0.8727294175174827,3.8771241771370812,2.529827163467514,8.337082011379932,8.751170920268166,0.9424680758905615,-0.6609240938393134,270.1840016710733,0.9678022419989278,0
3.8138956943016824,7.646174646040814,0.35407350692882256,7.373079528745333,5.062352950574726,57.37019239607814,6.944851617708956,0.27379971478842685,0.04017606165027954,118.67148095417987,0.4687681091806409,0
1.255310458359356,5.720623012902003,2.001095477694056,9.284933874227509,5.275793497245354,59.91944618813424,3.588489334651074,0.5498768195809572,0.031194253123187243,306.48070094769037,0.5135151472141102,0
2.15679277754,10.033159743035206,2.8846106929982174,6.326985033521087,2.4996157785086695,39.55242598373769,4.389398571809657,0.9945375397344178,1.479257842184769,168.45671244629887,0.31754086987464597,0
1.2131046671320065,8.527221577538914,4.274584792798855,7.91949429400494,5.907445875186255,55.7664137567433,7.321754922120055,0.713420364288444,-0.3229376458584139,258.9390575635974,0.533010782465095,0
1.6323793046500858,9.961359426419582,4.871212627608682,1.799186672412193,5.942049161553914,45.36795861853504,2.2735215623758216,0.8907770061903316,-0.740839774678069,331.09681724595964,0.19317896328925133,0
1.688097331113017,6.742604673578109,2.197462562849318,2.198394993553938,5.746877917309405,52.23508307914487,4.793855766257196,0.12735441444956971,0.8105353724423892,441.1714229914976,0.687859412720288,0
2.407321633142736,7.2710676004454635,0.30223461492635106,5.367143399650561,3.9841392376250573,49.75279798909709,6.604871754129377,0.8845821087115936,1.0623520988000204,51.38662922118874,0.07368590793177807,0
1.8056865023609276,7.339507360820803,3.7455778951293532,1.8478865032041214,2.984296569107314,54.93670730416943,5.48708577048539,0.7279419111148879,-0.11552915193563862,146.36329741217693,0.27384636847127225,0
1.3029343204532833,5.180196868230514,2.825866281119687,6.386451195187144,4.328037123527652,19.972298650487843,6.161617789864034,0.2536798905889396,0.8084423490841315,93.32174431345081,0.2476681132817493,0
1.502473267282323,7.387335109814365,2.2394567242223156,2.9873665354075203,3.679735353885743,25.152996502752515,5.552882494872441,0.12311286078123693,1.328169704019932,93.69396570157812,0.9409946178509513,0
1.441826690656273,10.623132014626234,1.5463443939609482,7.93617292480223,2.8237945788687884,37.9972362130769,2.1524289491421973,0.3339339203130876,0.042658817228336865,475.5998359129572,0.18765666412245668,0
3.919230393736895,11.281089470248169,2.511992639217678,8.100292431482,3.6947056384713903,38.45960070643898,4.22001238073169,0.9241960230934932,0.5760615197993353,471.2373205317736,0.8962366782439395,0
3.2778775207554207,8.627528209451492,1.6933980222851548,4.691495811977995,4.655559342710362,63.08087836901782,5.413457855679948,0.7013196448302578,-0.5601001789830399,387.1886358655549,0.16814031029975557,0
3.903284395808686,8.188511866534542,3.7850593387368017,1.8900252868725895,2.2836532431439642,32.5545244422149,7.844614874990272,0.9275221938549919,-0.9290595967894589,339.37836908041197,0.6681630869664392,0
2.3192214595237255,5.215772330895592,2.7194684824632054,6.503072114711133,3.333672005784066,17.187886704438675,6.608261524261518,0.5015357042448335,1.944103924432489,431.58670086096635,0.35389166976467124,0
1.8351054449879698,11.154430363097678,4.3842388707705595,9.928591480809505,2.0711795600513008,23.85994778683069,4.380591262822161,0.9429643857117169,-0.10080744839089018,76.28393214075541,0.350202250119642,0
3.39487959162756,5.091071493981109,2.7177195732472104,6.2636498896309805,4.997982021846703,21.10501267881713,9.749118355159625,0.5166638339005051,-0.16329384783453516,103.7686068955528,0.9983575451153919,0
1.9787617541234404,11.613250561471482,1.1913120666996502,0.4541694380686777,4.562765070466803,59.87450144420165,1.2563961124613068,0.28382925197650105,1.9197353995192632,192.7008154833503,0.2647407149032779,0
1.898150121116045,8.424513740816636,4.2554594111607225,0.2712103600941176,2.2506885388078635,40.27547109694866,2.2266877118386903,0.2362541177660026,1.18470057128935,424.62157095343105,0.24243206453772043,0
1.6975179766234936,7.393541455023087,2.7860952246502197,3.2715835078738316,5.858950238407871,58.14730234782376,3.544863578310308,0.9944306317315399,0.7558936638214497,262.5046442449296,0.6098680116430654,0
1.389036934672706,11.469529043898621,1.0342051907178063,2.0382596879180084,2.0904862285084027,36.21647605682202,2.44000635448152,0.40047639532711377,1.0979701852800705,276.60864354692825,0.7537147771771443,0
1.769389183050298,5.170736951770677,3.1175390497811106,8.149206950718751,4.359842585904355,71.7301701877929,6.329331568698912,0.24404772278582892,1.1297797000862078,153.16944334421342,0.9833792973472752,0
2.065959245421663,9.069974264083609,1.7885838247121377,8.463576103656404,5.105469847196224,78.76402307920509,0.5875971474953015,0.10756758780167695,1.2900076408789474,341.7743665280867,0.7163430855255878,1
3.0219826244371912,8.842527671495363,4.222028061460329,2.660325835973714,5.151585252178892,55.23818815269587,1.9388804858794761,0.35701260987666017,-0.7984323057402402,449.5289693280189,0.583777512937889,0
1.1876945266583547,6.5352428084796745,2.2664986932327142,3.323883291803938,2.137140542372815,69.78594179271641,3.0748029290543233,0.9002045292422851,0.23849425934866386,198.28139893631038,0.43867513187018325,0
1.6315208189960289,8.002212019451473,3.632206790537084,2.4388449803796353,5.625660530561757,43.0949950379047,6.896788595777302,0.5806083886095715,-0.1146090465009506,328.6336728964479,0.6153571685240331,0
3.427070920875029,9.56584804160639,0.4776810381811858,9.092987218975514,5.673806687708488,75.0965630265431,8.783475849295055,0.6691915463724595,-0.7882910844489835,199.37703385031992,0.6207932469150571,1
1.4407657707513124,10.089918378173493,1.9801217315117308,5.076228412760594,4.24556149261749,67.3689864254621,8.025219351419933,0.9301519935014796,0.23779699053928627,406.72360032544856,0.2568259191711076,1
2.027935439567565,5.005018010946058,4.916207182361994,6.595756736411997,3.9283327955485845,79.38339288245294,1.984393145852498,0.5615559262963263,0.8485204562394402,263.7318816465428,0.6876481334571132,1
3.5939767655744204,11.557974010637107,4.042301447385742,4.213272658326073,2.1794698522503992,51.732030149583544,5.740976432722478,0.8544518612673532,-0.46450696007674364,202.7610599988671,0.24420260113118386,0
1.464775933430328,6.151677606749686,0.7997040118346432,6.347040515694858,4.2478165700394745,63.44050552011714,0.49422192437793494,0.3914499502687183,-0.08491976833643866,239.02198439508135,0.5154570822255912,0
1.2482105068545697,6.635063039556514,1.3888202473862754,3.9199682295451876,3.637516327080923,45.71511049836601,3.2432603984580397,0.9793916765570979,0.9175124657514622,91.05238462830272,0.2968760369984167,0
2.4536139852400325,6.8443141198569375,1.6490790442818053,3.4628165335193324,5.091225629634625,24.43400782035671,8.098641189317602,0.17093248616120715,0.7379739726716403,439.75271899509823,0.34716097254326345,0
1.9072585338356092,5.264740955864247,3.2518278024772282,6.381352724417454,3.6155342675443514,31.60663783473183,4.675323994684728,0.7523465729619382,1.6063563895196715,481.1310749021472,0.6331831689962284,0
2.6902250934515624,5.861364865132274,3.784973797448278,5.951514572684993,4.734323333298839,72.0504061048487,1.6694249583031788,0.6945096580842649,1.37369290895115,264.83638088093744,0.11126085900091026,1
3.4114146714504257,11.904449460609134,3.747633044039549,3.0059267462627015,2.405632584950123,9.196095994896542,4.497823138585465,0.27250435526573524,1.8968331568580883,149.60174363516273,0.06143307455801608,0
1.4114454644582295,7.206517161641003,2.5493702815320143,1.578549658162787,2.5318090830638678,49.36099145558061,2.1407226695298376,0.4499595989618824,0.7915799303401316,349.0952895900224,0.17408900907026145,0
2.742097253662855,5.807107632373345,4.054102689190756,3.7489092689975627,2.5588407625966334,32.93630243780815,4.0532762870668355,0.3815462050993058,1.095402099234879,253.57166579351423,0.21027162917077263,0
2.516526281169592,5.7489388282223635,2.1853904137873754,4.210456627504901,2.182101999198974,34.001940350416675,4.980768032928866,0.18504358149924582,1.5815187764432088,163.53503637728886,0.23797931964335223,0
1.4322363580395987,10.036219773689803,0.6194028264778095,6.323974900903588,4.165315437079215,71.34284048103255,3.625669502608079,0.6263092206557571,1.5199773344758043,67.29491457056707,0.7852345167037559,0
2.871995456586947,10.981980648228486,2.8222092082690664,9.153834760004951,5.175870904174544,69.03667809096699,9.382295714251836,0.994302861008649,1.156164926078703,450.36700330483046,0.47451506868598464,1
1.820921253582315,6.798666096559289,4.761506923005533,0.45822949557595893,4.441644814774664,49.91317816793515,5.712796916052544,0.6036293269480504,0.5007686281219252,408.53045842027143,0.4964393271520585,0
2.4635029556320376,5.146366586346645,3.964968256962557,2.5122440241642647,4.299819542211425,25.468913555325045,8.460348204679587,0.5907339161914258,-0.18037933530781358,423.0527259377207,0.6621174547127663,0
1.2468169728311858,6.561630129117491,2.893503238461212,2.0177878285676476,4.722495713610946,40.6592259621518,7.655139761144687,0.1362823366190935,1.6316472618062177,247.92787891912496,0.7426533299922053,0
2.378752171640869,5.395609835577301,3.2340283017454845,5.072714646068458,3.358581292288059,35.622004534191205,6.679429830824211,0.2252982010273214,1.329966326711915,388.96492637904237,0.05333293207576424,0
1.9193904041284608,5.72376455641029,4.652810135177863,4.354037989727282,3.4478162865929156,31.521352190187148,5.069509733365306,0.5618971801920349,1.5137208558754374,311.55136874599805,0.863889069014911,0
3.467143633556063,8.020556838933496,2.141713972174802,7.317472475819866,3.2570803928836902,12.708918391797232,0.22130308105955754,0.9866607077656642,-0.5776320455583874,218.64888338607187,0.989013104910403,0
1.1709361809921048,6.609428596031428,1.6569706947131868,2.499917534194152,4.848435731414302,45.73354150364903,6.211982485410422,0.888946961915673,-0.05556136543217616,429.233939654981,0.16571706062650063,0
2.2558218247549897,8.611621149677964,4.886207825002245,5.985533820922609,2.646561342683097,27.63734734058627,3.688383039424478,0.40618820923585075,0.27465511369895346,499.4408966199882,0.6685265544740584,0
2.375294272394314,6.774456272800332,4.317215667551667,8.850186909639596,2.0521011212516975,54.56059571956463,1.3540692346529242,0.5887038288053148,1.515055916901682,454.67703827346196,0.05229306668092765,0
3.1750182288973563,11.583761107720633,1.615217923093012,9.115709625191217,4.384785786889969,28.940295186914806,4.5573373833983615,0.597432000028723,1.6786600181439666,399.2863872588376,0.09657801186585324,0
2.722862725270633,11.341607775483851,2.318902986804614,9.591967586777809,5.769525458936822,37.33726198511013,7.408422558376387,0.7168245514859649,-0.14532185723414115,386.3785874865696,0.32075096908175255,0
3.001637011582543,8.967642735073262,2.075390645038995,7.755285405591887,4.437631667985219,8.927028064580565,9.6244423880473,0.7190038371152246,1.0592875017972943,342.6119793575847,0.8540838801986524,0
3.331147856955268,7.480967943911703,0.7454783933571696,9.069280271963258,5.13168661176358,79.44035524291083,3.866227932996404,0.8108132395473764,-0.7665573815423098,434.1278735778097,0.6698758563658506,1
3.5866089209745664,7.668028174243149,4.789096619066296,2.421855632654215,4.691162837864121,43.07077874563819,5.518688327308772,0.12247392235571415,0.22871981590628332,271.8865615210997,0.4735298853737105,0
1.9416264901674114,7.882965982011479,2.0215621560987937,2.0560513490697225,3.989746614092065,6.817819562312961,8.542194956963133,0.9493121715737012,0.4600073232556552,131.77827958909685,0.46666854992227313,0
2.6140681160917087,10.093055254944609,4.37664541318954,0.1642320294272119,4.873569607135384,45.592299407085804,3.4731943155101455,0.16305584139032192,1.2968984446973475,395.6223759211429,0.4927508956354703,0
3.5203242353175996,8.161472968631866,0.9467811384033253,7.097759138548073,5.296416495420887,70.27654994792373,1.5941210007139908,0.5285441003292459,1.6759167105113613,463.7778683791484,0.34548145241095357,1
3.9683533928951693,10.997109625541281,2.7393540531860987,9.38092515935607,2.898926576686792,62.941410069965194,2.9624419460803533,0.9276213487231384,0.011849707473368554,203.60853136872478,0.8838287917442387,1
3.6685579331312894,11.608663501512552,0.11980692562134909,1.9506599159125966,3.344521921932582,57.56800130970906,9.011403732122202,0.5389019463079718,0.583216669825704,402.342484080711,0.5894756746398074,0
2.1144017878731303,7.3516230736525365,3.8211024192115426,6.405741396726101,2.8949029300131355,15.459849094927618,1.76205246292601,0.15727315080980517,0.9423446671025726,173.17521638708632,0.5097524653495602,0
1.5854995516559511,8.924861369629761,2.904569491231392,7.489951616295597,3.808691822361764,54.330280924060425,3.4263663978664645,0.3063160178307453,-0.01393831315955596,474.17012301140693,0.49182277299924865,0
2.4681776122197663,5.665395757827951,3.1279479173487634,9.283380927965759,5.540258203666671,62.47237835091952,4.7534750429033386,0.6208000798315805,1.956614639522133,357.557446406204,0.9390351435530454,0
3.2249243555081266,6.403283334364513,0.2586044127732673,6.503916217770494,3.3808284033413294,47.93142979741224,8.501709590211016,0.17907545610907216,1.6273231387100737,306.1741942320787,0.7374788318086977,0
2.477707212259893,7.894260366971121,1.055191651043077,9.705907954212648,3.4978675565222135,71.95617533902637,9.389590179799152,0.48131013791556687,-0.11079151340015014,400.9415710566087,0.18757382698075636,0
2.4495425899410055,6.443419011312452,0.3716543617679008,3.512264096024223,5.441468938687727,25.774233633866405,4.372941034405898,0.3961839395722644,0.523838692997145,415.9540267508938,0.4651216614461018,0
3.5146912632454015,11.135923435521022,1.4445715790190587,3.564292484336936,4.061497322978701,23.160852480443793,9.333149673864453,0.8336868650418156,-0.3074781602582669,451.5664542014062,0.32395359989379713,0
2.084211337201559,6.108003792413687,3.1371950384107548,5.475823849142021,4.141795998589737,70.21773087069846,1.7822991296059947,0.1991187445019043,0.5435117567100045,455.50378978134376,0.9875252248436545,0
3.579384024434937,8.189625750871643,2.830929921586876,3.8966686230474807,5.443204813328851,51.90486822435893,1.73715246058443,0.7145186051429077,1.0499970344698548,73.71087149909594,0.44462592099752174,0
2.2204144028551704,9.23989468321913,3.0607491080669513,0.11411471004657298,3.962106948101893,5.10854153907495,9.502658032421019,0.4659301637883182,-0.7434367216210366,105.30842360575795,0.11447659787829324,0
1.9846993170350182,9.843047357125911,2.7462563568894716,7.344543048361174,4.726230138517581,31.484855638328938,5.194865308577646,0.6289756124250957,1.6103516144218153,421.72739518424373,0.4406514013896641,0
2.3619697335990972,7.681485588085547,1.365143978379297,7.541998710636985,2.342578663496243,69.33919893610059,2.0218967864687487,0.2849785947284903,0.7812376053397505,475.72324402108023,0.3552827665756385,0
3.2873408760246052,11.0836934810731,1.2225374867221261,7.495048586399028,2.714526852507541,7.048963373130746,4.982305631640506,0.6487333162854629,1.968808695731005,188.45233165577324,0.6196035147243355,0
1.3780060835919827,8.978234057545478,0.6852984176829063,3.5157045994436196,3.6175048028649823,5.243594619613166,7.8754693227147055,0.7065799546745014,-0.9232254782514904,53.87081829472191,0.26477426646757835,0
1.5892576476160523,8.076554463132862,4.2453543745174604,5.270665785780602,3.9793562712794994,26.094446789384733,8.303819584090531,0.16320840819497007,1.4944950532946963,195.21733506583908,0.08417496721441259,0
3.854334476989276,5.470684438364256,3.0823967927062226,3.663737829949028,5.862934804944918,73.55000277569584,8.666898715162574,0.8419098408246433,1.3758891447636428,222.28886118765723,0.1410863564009468,1
1.5264748821440721,8.252826279116155,0.9325550625202988,0.2587603603033931,5.88260653219116,72.61081861025123,5.781794850256702,0.8751287015994172,-0.601442463879903,392.46501412553107,0.31899021005764705,1
2.703181953793164,10.745150885710112,0.8860468991061976,5.668244518587046,5.404788349915046,43.90714593511309,8.696070940805226,0.15719865011451525,0.00591690525022015,71.41309953702762,0.3809064999564522,0
2.737943399985814,9.301787127549208,4.365178007630684,1.3252305942317095,3.262395341142298,46.492765335471695,5.198296046271897,0.6428687392875572,1.6543886091325182,145.6881062416971,0.8427280130424962,0
2.4688733861507344,10.825137176103828,3.7136543188165967,0.892409108505262,5.856113163329759,29.90060084878916,6.149187043432558,0.6346103472750043,0.5553628852167627,452.2858637875878,0.30656619981366556,0
2.9342357457304558,8.45808169419514,3.296995399526857,7.579440780098193,4.75736345870485,23.28024965208574,7.6354540622621245,0.111212570681599,0.20384446240171705,119.66918425314532,0.07991840080224383,0
1.6894801773928552,5.829231935661372,2.034320537696499,0.1941114039392457,3.5717605112696016,66.14163906590886,4.369265868562984,0.40811177256035625,1.7164892967525254,391.66144338575424,0.7916968090427114,0
2.6579868033302447,5.095478920851168,1.3098778213925877,9.59418359172639,4.806699667939066,12.972114537473107,0.9210985739599928,0.9720332044423728,-0.7199664265688157,212.58968701058413,0.8754716915845145,0
2.1165197657406916,7.122536827030139,4.8972538155641185,5.201028104714511,2.0660909191461063,41.55157781589768,3.6316302972054366,0.5999056770418687,0.4193683487067692,348.1970967146238,0.5176909255305014,0
2.9850017788875673,9.885933300484547,3.986197875114001,9.831862663990869,2.5846187290968543,52.579794462281335,6.314653324600412,0.9398906224673546,0.9571222939260569,83.23092648634636,0.3206808692186472,0
1.4236706301194484,10.531819327591856,1.5088961156813823,0.6741759674798135,5.3187428462254704,12.776021777827191,2.0848572224668733,0.7080801722896456,0.8256243170450377,178.95107528871952,0.7835328861124952,0
2.712632250518429,7.070269842342306,4.237823981392474,5.8769425337725405,4.582294547492685,43.97053216042596,1.6541765622964726,0.1255514664009488,-0.2071706367733256,241.155381873524,0.058453486347890965,0
1.5558110661499711,8.46957744618273,3.7946597430734075,3.558337656161521,3.456778805167536,48.314096593433234,3.072189336996089,0.16994187824355284,0.6899387136030093,435.745681735005,0.9278268176524999,0
1.835929189345109,7.947832331038571,1.485402749389992,8.45047667886143,4.002666560890875,60.68720453805236,0.5146923303226494,0.7499610598306806,1.1256852928579453,303.57313594075293,0.8722550626334458,1
1.6561294009707497,7.873659490459995,2.1327642712081984,3.6761050788194343,5.620568598583068,22.612703686064965,7.485544401251814,0.5991110113321174,0.754656221980095,70.35138188496013,0.567591549457094,0
1.5485133396064512,6.619440992401053,0.9297672269551333,2.678827032667756,4.526312437916346,26.999562746806873,2.7354129014457205,0.21443649813988813,1.0533866779319672,410.83995799675677,0.31370212851429913,0
3.477132854682001,5.9545977352062085,0.5552622218905467,8.589775958289142,3.592597135737321,47.71408599747751,1.4175362870386754,0.6526564105182546,-0.23176378183362867,74.53467002816716,0.08120263861154778,0
1.8571227029826711,6.376819907618492,3.6138101641984837,3.809065607367284,2.48130662959014,78.73448074862107,7.051468276441666,0.8292586245113766,1.498546850815348,470.4649537963553,0.9998325626870191,1
3.7813713455933478,5.387326710143423,1.3375592867693331,0.2666498666195586,3.174987206502244,21.311988711508583,8.460694522924221,0.7776841871193508,0.3490686109549095,145.2728507181753,0.7739700368867497,0
3.9097795760355725,6.38691519276504,4.100296828731268,3.9638620983094044,5.913360931186333,78.94278703425981,0.39478083944542885,0.3215462140288603,1.9616715323137064,269.56676509567467,0.3717743820177504,1
2.713781409811292,5.064406283377656,4.97804355757213,6.579770463208325,3.74945225140711,58.57568997908609,2.489277753264004,0.33237546999043954,-0.9301440379991873,82.52643594483908,0.06830837305684535,0
1.4290033679971792,9.390808804451847,0.38309906964824336,2.6181594341831804,3.8873578553794434,66.95615522225174,9.463276783721918,0.9710540245919024,0.1409461137429302,302.77057383399494,0.6573271420377326,0
2.1236447301387438,7.2146278517137805,2.3651756254185012,4.376677165009057,3.9943921295880616,11.723095117725443,3.975490532141198,0.8986643219374446,-0.45857484308466745,273.75291532781677,0.9875588054641107,0
3.393196790044642,11.81201297998836,4.0103127965540155,0.6614798689940327,5.536416091792844,27.531514057297418,9.398202221142926,0.38650358298778476,0.6668285809821604,234.61184069660433,0.7217190732010339,0
2.1021721860912113,6.356019355434086,3.9447544827061676,5.922118635988176,4.415713137541239,9.330220973823579,2.887282876032639,0.8416490407021076,-0.2703847168791619,66.00781266531789,0.12952868814131502,0
1.2610516549083663,7.420799992167158,3.7999857916548425,7.587319746217898,4.774708145807688,32.86602462523814,2.337062828604934,0.2455646767592909,1.2124338397024452,445.52137039317637,0.43216445356487837,0
2.670354732784564,7.504888110490732,1.7449746765095546,4.191794357870991,3.557654170196416,78.5967244940039,2.29826243493436,0.27715699119390796,1.6455975870125563,411.18646946578815,0.15372428959118017,1
3.5353625544881044,5.059160472437224,2.2692662784252615,4.260303064734455,2.1163504743558974,12.895479665475385,1.035240872164395,0.2630764484608108,-0.36734693925366735,334.86350914804586,0.9165525221209002,0
3.3877791614305073,10.874455671276213,2.9748417867073513,0.9739967359906727,5.723891656971377,47.17795867783996,8.985036427389431,0.17894869751216363,-0.5179671450946048,307.50349218526867,0.36389374740495173,0
1.5253694203910597,5.223961221010273,4.869702917866286,2.0992145586686273,5.796510723665626,5.455296711035924,9.802383221802431,0.8692103045452199,1.6260715571854356,362.72589411642406,0.7467077028736375,0
3.0182938432374002,11.58125884310469,1.6377363546924646,1.6312855009663356,5.796612213392205,58.4512112033047,9.554186311262052,0.6209262083841178,0.08381574526551683,114.79550716146525,0.1304558401086513,0
1.6615127903069413,11.244520457655344,4.615719438584288,4.868708909749225,5.7747483465868665,19.78945192790308,8.549875770307285,0.33306048324454474,0.3037509048770899,469.6899108424178,0.17199396100566755,0
1.6546226036565166,8.748653412601744,1.3467845909024705,5.339629855412426,5.260967764278244,14.718840284357219,8.499501494979556,0.8637895294548347,-0.3370914926693931,178.10298117708842,0.6955132789481504,0
3.6222153199155556,8.805169024379044,4.945372327368523,9.494507299714174,4.738384200465307,30.27633591205907,6.67863757825608,0.8223820834535382,0.27594460415344146,345.420622599351,0.8513059509440608,0
1.7490068582206906,9.576445460693094,3.3513184341379585,0.8249918923446157,5.378039673069143,62.828322345423615,8.296894377116013,0.19085636631498004,-0.3060997807660092,323.0400565138571,0.24137745851471498,0
1.7897420395540335,7.709350083544209,2.3175574017927545,6.038692934234967,4.402184956004145,12.99598147334081,2.2417551705618686,0.6797254363614746,0.9977823219025428,336.47629087202387,0.44742038369721027,0
1.0019601722838987,9.53055598378499,3.0669521403180244,5.312335420549589,2.5374784555680945,22.237924684902154,4.00154377779386,0.7496502413731935,0.49662923744026166,445.5284553869505,0.6384461829679704,0
3.6120071023765528,5.313378720819408,1.362655845201034,5.210707669564709,3.564872660165684,5.634831621298215,6.48019567428853,0.7442446032873675,1.3641813378887266,183.1600429927789,0.8064625222972589,0
3.377784439627404,5.378333391448086,1.370869287557333,8.744276945089982,5.88517964789175,77.63111470217136,8.772759059103644,0.7508284370685437,-0.061815651798116655,387.0266847136958,0.6467867798603171,1
2.881986805272034,8.20061293733681,0.5677727192174692,2.1348308598853163,3.4045512543826253,49.41091999916479,6.6726007312140805,0.2525120070841336,0.5167850463771133,319.27597877262616,0.14065462461044786,0
3.250797291816527,8.847356107742245,0.5702514885269938,0.5036554159795774,5.471311654925477,58.99247272885246,8.422415191675217,0.3835778088418924,-0.2214300310685967,84.22714892958807,0.5656783619173797,0
1.4561457022734754,11.214723482350733,1.7383587073445566,6.755487925578506,2.3728458830994783,53.853737836701086,4.844705255323116,0.8597606576540162,1.8034217907398946,236.36960639688883,0.8903763474027415,0
2.374970783762726,5.732624437355274,3.814277389481858,3.517058894946204,3.3367353695018784,15.827341915225578,7.229576629509435,0.9085525752047946,0.5658070033733094,427.078207969585,0.8746225349727849,0
2.0536581620463426,10.758535490357225,3.0398558379908125,0.2741401705039935,3.4038132989095184,49.62049542454956,9.80381190247585,0.3512699979083833,-0.47961251104617075,191.90632501876365,0.6057648273634132,0
1.2813295787710495,6.470331361044487,0.5129228016551041,2.5886026721750968,2.2064101724359206,14.856169635594657,1.7041878598716258,0.1207175645599772,-0.18170302236991287,267.01874749079417,0.995911396432297,0
2.4583914556447723,7.758585539570223,4.261182624879555,3.1623350647464377,2.47637732074702,35.09273404723459,9.28382278469572,0.8737902524494973,-0.7512941076278196,269.8873556691469,0.14986753626513766,0
3.762218951027906,7.21621704379189,3.006838134950332,6.206699930163996,2.772660844487084,47.672235194396976,5.319166688850648,0.43938265404257437,-0.9165520132067998,328.10444006263816,0.5046655895220702,0
1.1201773571520834,7.801086910057792,4.804277883923898,1.808599361087794,5.351262363240451,46.91608355766169,6.5035367011545695,0.3965172003639428,0.577765478212013,447.80803690558247,0.7863674573851034,0
1.8743827404813818,6.053468486508098,3.3509273370560377,4.18923804473864,2.2536079597592256,13.930506948705572,8.803116267723025,0.4122997117197631,0.01136876757681593,128.0926394533204,0.18398621220845124,0
1.6226228086171104,8.524990520824884,0.875874318520905,4.876506899736542,3.194803605377549,7.582697723489163,4.214610891012707,0.4741267815708774,1.8913203657809192,277.07759718805653,0.9741122734087119,0
1.714439960997089,10.611498128819571,2.368916811539111,4.6464501745044995,2.04070001035707,64.86757354053603,4.303187233922497,0.44043995948942904,-0.4860058109155474,240.92026667942545,0.3863442179244627,0
3.725303655638126,8.090738072652279,3.2424879877360206,9.74201359000114,4.7825109816120985,59.4441827747004,5.366381996201584,0.6097878092202044,1.3817379582108362,183.16404054526836,0.3826327662796613,0
2.4042071627028703,8.434295031287395,0.14132350524988846,0.5504919541239315,4.481212360173519,11.136417842355353,0.3872004280691357,0.17104625064837117,-0.05208567342129178,463.8236796291975,0.25253458608414586,0
2.3988982388194566,10.9413730969692,0.07455132077403948,9.514585045878754,4.579929048212567,14.556163910116508,5.067328573244838,0.9743861748776637,-0.32938784182388436,53.676991583471285,0.3236165908632646,0
3.281726927365847,9.942406802466216,0.6470150029928395,5.86117841854093,3.497531138858475,71.94378322922152,3.0526551969434577,0.9428059310249451,1.9089104570039224,104.9471566836697,0.5987094550694425,1
1.4634766120147775,8.433180859638494,1.2583221752273537,7.977704378201399,2.833071285070276,62.684667621633494,9.293950987439457,0.9409659819539493,1.4077297962372972,380.0050024622493,0.45788657459840676,0
2.4617960623001522,6.803869537324258,2.147745617603378,4.360886918359147,4.881280853144133,79.71202221625056,1.059805927779707,0.8913498616737221,0.8918626743359948,168.54872210911105,0.23370926941039372,1
2.289955642363179,11.194487227914767,2.4372023687989417,4.5929950244441065,5.2444714909627805,24.049058690376626,4.701340527794058,0.6942936719635567,1.091363111671256,375.43066749150955,0.8186829433006458,0
2.7907320716399684,9.039142811833909,0.6901380446894839,8.805332340256653,2.554405992392807,41.585224165161115,9.485188069698136,0.29899770647358914,1.9741444245517696,424.5141248220033,0.10912734176785668,0
3.9986731097513157,6.548033270774853,3.366957895579154,8.96975151328983,3.9473177117496854,22.734468204676677,9.03014545312108,0.14453513843173507,0.7796222264746602,164.57720757553858,0.8429201072752582,0
3.308346682246141,6.883838268466072,2.980690308482674,2.4630199261698467,2.99486272791545,51.710010385798235,7.073214735270592,0.18938895830358995,-0.6942986475791197,136.3749295383609,0.3111917884155168,0
2.1935971090522814,10.62193162255372,1.472320494205801,2.07249459798772,2.672427444824535,13.656067931848849,5.975738309561533,0.391593250419045,-0.8054016198958559,115.385284706521,0.5211081664411732,0
3.482659156822141,5.3090189346121885,0.06829941717646004,5.012728221312516,4.937301253979996,14.543237955727482,2.951163183901834,0.5534947229462069,0.9998203324216202,140.0398748971008,0.4120113116589722,0
1.5121250899374405,11.94464530920174,0.3882395767664537,9.012742568564148,4.1523877418913475,10.391591855384199,3.7961797049740573,0.9939277640663146,0.9728034317754446,170.23342510273622,0.5920720077202284,0
1.0913910589268805,5.912461758003542,1.958473877554197,3.2913154247211454,2.864741329514671,57.01895616981252,1.083321674590447,0.49189914261513923,1.244521378934266,440.9374174432289,0.8061904953831667,0
1.6133451173928193,10.572479677778562,0.7698717558284196,6.5549446918574,3.2400000448461803,42.055443307490506,7.90386131803073,0.5721814814422391,-0.6736638093021587,396.5019859635946,0.9898538038009602,0
2.021234668342779,7.76342721740178,1.884098030739854,7.110701708631951,5.866614685310969,51.32984122659725,3.373923725457355,0.7256415224692725,1.8347068242655151,50.82994261320872,0.34075618837120647,0
2.5317422723786795,8.445513283012268,3.140913022551776,7.808879182452142,5.394718258834226,70.94757849420192,6.744262610496032,0.26266057340301663,0.6534752417319343,443.353613944144,0.576114191745357,0
2.8453874216235997,11.164554042252046,2.7361871393964177,5.682852133417536,5.519786971492513,60.5246363566519,3.704428816546412,0.9395443014060302,0.9486665630636462,85.46553486588995,0.4927071713362475,0
3.7318171516432654,7.890378327124493,1.1558794156869712,4.084306264961799,3.840048388322832,39.62921886250182,4.750438325683374,0.5761311452584608,-0.8954428498656093,344.86952789609273,0.9989817513474647,0
2.529562028651373,8.76245627571264,1.719112456293762,9.673458289109831,4.495229055683501,78.82669912956699,5.639024229288672,0.3486307110415917,1.8829226435467215,118.16364569757187,0.8184679489744765,1
2.503826933877188,5.34509763686419,3.070155992243253,6.152174457698242,3.5070709608176465,39.21920758564799,8.058153602227915,0.9415980877049563,0.6877755462318458,78.02411472993029,0.42722966565118314,0
1.1507290294689465,5.016432317072172,4.304275140217244,7.312795595169381,2.310847902755562,13.43380049251499,2.269332499898668,0.6629055567030551,0.6900893389838858,391.89681388453,0.5030351028272642,0
1.1047346579686714,6.713599111012082,3.7660671936943864,3.515330172389196,3.60427724262713,79.44910604395369,4.107900790932593,0.5353207581242894,1.8306659486911396,260.2414012351294,0.2836587647052637,1
2.653479885749116,9.764081650431372,2.7670001341670747,6.732496891930493,4.375923012828579,6.711554751113548,1.4747994045398123,0.6221403189646967,1.7880505345510023,319.5781309900216,0.7674849537613853,0
2.3145358397450337,5.848854253513957,1.811464991582431,2.652196855424847,3.1485770830725257,46.24126696158141,0.9424529482283412,0.7734719970147039,-0.33910422454827505,241.4088584588565,0.85295119705952,0
3.517541184940896,5.796333711631846,1.825256387709027,2.526459483533498,5.3918022989096634,28.182161652478193,6.125808690454161,0.239084203323658,1.7932964657177877,80.22733812852896,0.9667374824417743,0
1.4820387541355355,7.8767242562513236,4.39708655132198,7.175749797913321,2.6044006366983945,42.76641132627386,2.0530922347172464,0.8783473876329028,1.209863868140184,382.82817482913856,0.5875374519769072,0
1.074914986351149,9.534859270257584,0.196217880202732,5.261807889003057,3.4685163577476796,46.903471444589115,0.7860335508757685,0.9635561292683916,-0.9432978180057476,419.15800452597193,0.6871488521255675,0
2.3471163037903775,9.984503945735513,4.939913222101305,6.864438443181658,2.4996156212968117,23.00719222088657,8.991559725822773,0.6102996865750671,-0.280470553784985,68.6392443899151,0.47375589008598634,0
1.7124356702567725,6.249154718688624,3.3218770542578113,2.7674410584061078,3.6193285359409013,46.76440668029464,5.43628131389688,0.7140437621178383,0.23894043641433904,219.07273864277272,0.6286720848207615,0
1.1488431200165123,5.557117031604297,3.405688495361953,6.027361076461631,2.158645219897082,61.70458340041531,1.5193564325492497,0.8738501327616167,0.7484673665172643,300.79244168157203,0.38131157872812427,0
3.1737948605428867,11.582779237618809,0.18998918652371077,4.494943132060814,3.0901975802465818,24.988237793299877,0.7235760489859873,0.4373295682748505,1.1039891914660669,322.3325402451128,0.7508046606946073,0
1.3347789998717423,6.824664677934712,3.027646374456361,6.009906839770727,3.6029410204547347,33.75695999854303,1.37462852345383,0.9935486153941585,-0.369368818129302,310.16882351358447,0.07156534746665852,0
2.824958500023315,10.973425483261067,2.4238903004522347,2.9797093492177718,3.9126614531067663,25.118201987304342,4.819104955142018,0.7124512323762079,1.510101542821067,361.8232942559583,0.0770340072073844,0
1.8431492505006675,11.044440153239728,0.528894534470335,7.182964540126326,4.174785433900567,66.54197982411517,6.750959500655199,0.48159882852218394,1.537145971667464,485.06729108878534,0.7303148456772682,1
1.520488151065066,10.407658142337812,1.3896100538467953,8.07870072497871,3.0999645191596756,59.37366944071975,6.484544734863247,0.7096041775014644,0.904996457781732,225.76393450791997,0.9341486629689078,0
2.1392545687579525,6.18183524656799,4.451572281068256,2.6731730911914644,4.092165338459489,70.33973279138056,1.6153462453920855,0.5695120292620928,1.763281731547095,300.4806051300152,0.650636487714624,1
3.404337328668861,10.752610214779402,2.749942079329765,3.0761435425708568,4.036018486248239,17.753741967624446,6.408191728009547,0.20047741438452865,1.438947280691564,364.58538325879954,0.7402018840535121,0
2.176280730713718,10.384753914691107,2.0670828758695436,6.64542727021902,3.2647122035048337,10.518472861981365,4.167683117332475,0.8162787742923866,-0.33512902211937734,316.59071993501226,0.8327375766572592,0
3.2523089476331672,9.177060930743519,0.36341077920405473,6.986293225605087,5.320801322625913,13.953762789400502,4.754489086134758,0.6079380222276389,1.3960305989310813,224.03796350413174,0.39359055124040043,0
1.3764588903974522,7.360414246182669,3.570607637011528,7.070586875534755,4.182564506374261,17.076374961817727,8.054017981204108,0.8162610020864998,1.859606236259315,330.83567957742184,0.15270797468143796,0
3.3183142589952372,6.837560229865809,3.5142541169801627,6.858715197280785,3.32907887498618,44.98119955061018,3.4584938522604562,0.23942074633071925,-0.5871806589447072,342.5501886980726,0.9364376728875915,0
1.7107999747199458,5.853224484562513,3.0702180348628176,3.9887963978301344,5.789354048323106,77.81840527720736,1.640590662200867,0.5845214411206981,1.936093654373087,313.23581389685154,0.9416420367523182,1
3.0321793896666183,8.5682994683061,2.5513132311032463,4.009051376596416,5.380449652284645,31.79265624625865,8.759840708950136,0.7899618449916216,-0.9250216096897292,142.29979733856686,0.46974852779347503,0
2.697344664522989,9.096826128568924,2.168922011036863,2.6226944740793763,5.930351246207204,76.88812020201539,2.2788796434901126,0.9894741108317184,0.5665017343213168,277.69161116859436,0.2563111741448831,1
3.787434151635062,7.515372933610511,2.9663554649399613,1.6526536289739937,4.768935498581683,7.865059624188479,3.0814927314354987,0.8959575487467328,1.3216794169354529,447.96056439231523,0.8977366636314895,0
2.161967553925942,8.32751347376608,1.1669772586420335,6.956516056029366,3.5128916220241875,74.51541521109938,7.1245825772457,0.8779146643545754,1.3713143076387633,440.87084511450956,0.7230053622309905,1
1.1984955665033215,7.544601201584866,4.7062953208882385,1.0225689811258971,3.1234426667160493,18.586445547872838,6.898793107164552,0.3227141243317582,1.2040177074388039,387.854566248205,0.057816933019613714,0
1.0574664566537586,9.48704240124491,2.9439726459011477,9.384143639189139,4.653271374697924,73.43562392895116,8.043920208581522,0.8541861415381427,0.5880541182594858,363.7379814967513,0.15233371638612836,0
3.4805756829182593,11.308814454575943,1.5559622217718827,8.284194406347368,5.923266329981215,9.217057258659587,2.0018930861898228,0.25235314978866674,0.9528929662111865,118.9756119922029,0.9840396606331573,0
2.5742069129842964,6.147441834328614,2.2483992544257863,8.589306825576836,4.506860320415395,76.11645856212745,3.6523429544791925,0.2782968980935902,1.0997965569593413,256.75909902700215,0.08622176986773744,1
3.3257321555048476,7.669861669321864,4.028423944384461,9.076021264690382,5.526459763959353,20.05986982391456,1.4336557417713587,0.1991050693691248,0.483617672641687,99.92808938637236,0.31842725984544096,0
1.7032768000345442,5.986080227656029,0.8080803036514872,4.145189210160077,3.3164137241910745,27.703554505487052,5.502183642252322,0.8718368776424085,0.7870549254039128,417.77800233620883,0.5710715274708296,0
2.0352512365397013,9.374606392854824,1.464178112301302,8.48233716116897,3.6278151298970225,41.820675807721855,3.067191806879272,0.19742904680618684,1.5391041603727196,180.969442897888,0.22513783539526827,0
1.0903116166339568,10.10209356642017,3.397540113682777,1.6648068728873284,5.625100958357413,33.55406609266064,6.951569281883915,0.22430033177050904,-0.061362936562518344,395.08963891209225,0.270451382044811,0
3.8844769737223364,11.523389128182192,1.5774460324111195,0.3142537666215332,5.027466807831275,55.06459769473624,0.20337480624850252,0.32129843507414724,0.5696189809058971,416.5605011790062,0.38531911223390203,0
3.0036037201024404,6.952103483826754,3.96250840930733,7.870424807172117,5.9256412814716235,78.1105825437558,0.7848933849038766,0.6153961682085769,-0.9745608369234764,451.62324383519336,0.3060765549068059,1
3.7996152632779188,11.65147844105801,0.6522674358868041,0.8404868151696991,5.099056838928968,50.48198681037055,4.439090945089565,0.8921621667703628,1.0623091993303797,389.2235353194935,0.8131884165240069,0
1.7964892222872169,5.442838702744724,3.8134308522730427,9.886394206526624,3.794062828872927,59.11140570774119,9.590204728560572,0.4764053397300113,-0.4138436061554748,304.12805022832157,0.5252607497229745,0
2.8343908336769825,9.221097043552117,0.3417585742528312,6.780484653055404,4.124272079289453,11.600393772927612,8.930343596119993,0.5916573542726067,0.4430037611413067,319.1832116270133,0.3146891401987299,0
3.0354999048779137,5.39992903540331,0.06296306333747392,7.559152131396845,5.602061969852547,52.0859321802504,9.941288475007436,0.2498404599615277,-0.3693843511586221,194.26202457017862,0.34744123181996345,0
1.9526491007727653,11.256419314333613,4.49111759416081,2.533458177150873,4.206586944392192,39.03873327848099,4.28493620366764,0.3393512703080125,-0.9293988562645231,129.6482861257004,0.0878717116086298,0
3.54432770504689,8.708663399490378,2.906696084661493,6.771267399804913,3.0215894966577808,71.43367684397212,0.6563711654827651,0.22053318623719742,0.44966165509404976,108.78629217070106,0.09692247237183182,1
3.8414843887007435,9.685438455339572,1.7591344854340574,0.5278773788240764,3.7424792510797977,34.11583247323264,3.1983701917936718,0.46892696038038073,0.27450081983212105,131.91058450254715,0.7320121880409399,0
3.654565353088013,10.821017481373168,1.162973184819252,8.394474627243648,4.065263955396471,55.95906080374393,6.822554351304725,0.6313020928103731,0.27544854057314216,470.27834933128133,0.15726529521755833,0
3.2172009278181175,6.0521743573877815,3.0844289163040806,1.7792785210125672,2.3868793342045183,22.111529619430932,1.5246053357206697,0.35561757703010877,-0.3735815202133891,123.9949643903077,0.5020069359476927,0
1.832394039174862,5.270140933566937,2.5450109176836913,7.003844861654328,4.975050697011561,24.4529400143147,3.1397273518480104,0.8613962700173133,1.8416137692445376,375.68185021784745,0.8502473607130069,0
1.8448481263168952,11.152168021389965,4.957988877649926,2.3223569622040108,2.437415733419892,33.20918231917052,0.750428412539615,0.9831145159059709,-0.9894785445679165,133.0828444916261,0.4000308304408411,0
3.8900809613381138,7.204532592212527,4.916079933268729,0.7776863773178231,3.6196708534752227,27.804765312987705,4.8546769762242965,0.20813936708312292,1.6746363499920158,488.8803965970981,0.37846461566017064,0
1.030853487807076,5.902852355490157,3.175122830708048,4.866787417639003,5.218489766161618,24.040912954255614,2.247422641411862,0.11607405041379174,1.2107057694184462,214.96304096406385,0.8793958619976233,0
3.1481499197264333,8.279228659609606,2.2143525305294527,1.7759334817006156,3.8702814464531876,8.725152942560698,1.0942306636102233,0.8107992166553054,-0.4837838994001855,235.46139306308146,0.871607876817189,0
3.1187384876657864,9.188142529872131,2.4557048456733104,7.321495484432843,5.368062078874032,67.75597488143443,4.2299149329282955,0.2715784100230104,0.4165759589106637,232.03021045196923,0.8861299613872695,1
2.8680686228493926,5.216794223957571,3.41239533118431,2.4519018494965,3.36752528822446,9.822614816846324,3.642008962866719,0.4178319333947731,1.966550244524818,417.40663282709386,0.5933182621251709,0
3.9703265382605974,6.924269607799614,0.5078727211769068,3.4904783067347056,5.830545175993741,71.55241367022258,5.467673822065826,0.4548080964482293,0.9310947109529217,148.23073613394928,0.9546890598945973,1
1.9356383072911756,5.229599119938272,1.641760369053591,5.717648587518282,2.837873727220942,14.409904180104519,7.540578822073664,0.9249394500108501,-0.6178698285439975,423.9611311575332,0.8280157504265084,0
2.0199155913797444,7.942347724368492,0.3763612050180193,2.921185948015385,2.1530565799572052,9.894630279699427,1.3031736169797512,0.6929543941895457,0.37292671656929555,345.67648449893653,0.44485270560475026,0
1.2368182088396666,11.26570020346371,0.3668037975845978,3.8420823504786203,5.489706171961674,47.22535729855228,7.953030784058084,0.1365485412726017,0.404609289718437,149.12607550861622,0.6480773848430365,0
2.3283944096312124,11.878566880454985,0.9791962094711687,8.174655533299829,5.008810863801633,42.68313444310413,0.45764180277676514,0.11332921664273915,1.4067899986493249,79.43339562840981,0.1656996286203942,0
1.7831455787045443,9.459332874525392,2.426266272966134,1.8741775106541545,2.927935348269491,41.84259266239138,4.5423986444593085,0.27961128777725214,1.748488798478466,398.7466436475314,0.5737655766533089,0
2.0301601065329327,6.131463856492143,3.9238716058139467,0.9137957358711434,5.938966428546696,48.08782456260484,5.9568168114816435,0.38635474678544024,-0.7532753701337963,148.53337061728405,0.29999162937655527,0
3.503715370766883,11.340945729995141,2.4274794558293626,3.350742072816891,4.009120517074111,26.52924545893668,9.578586996770015,0.536071450677939,-0.05788813914150315,450.08007337527346,0.3193698651858004,0
3.806453540582487,8.613734762400423,1.6773830528043487,4.301329993437394,5.804261760576654,54.72119550722084,5.824445663322567,0.85405547107797,-0.10468561934465515,108.4033748141326,0.16943232128152858,0
1.5571992160155568,6.076245184720427,0.4117649516837907,5.47232689315202,4.020115085547998,42.68016647803874,1.7557420940596082,0.3833359804312836,1.9881443747570549,327.364054163376,0.39028926239523015,0
2.1175267946603977,11.452086686161628,2.7514776159156478,3.78699459213257,3.887498347085164,30.105760021799394,5.27190969237031,0.4388834973444897,0.6776813500741992,361.47577717468005,0.5073208137841998,0
3.785891686346182,10.302283355061721,1.3563429324158838,7.920125832205771,3.79655414857786,66.9875500235546,4.078682682475879,0.3964041370086918,1.6394944883599534,345.9660865507486,0.62033671912752,1
1.185425382067668,10.121936909062061,3.0746708895857373,0.4892629279178853,3.339501104531801,59.57908222450326,4.897684562482389,0.10806880242961506,0.27809854833447156,192.2134165233145,0.33962586945584405,0
1.2770815843341357,9.964264926560833,4.885938695662092,4.374498628165724,4.134805988706207,34.52077564584665,2.131550743659055,0.9596813852063077,1.1681694512268095,443.9855854492107,0.8026358225945869,0
1.488372967618688,6.402378747675096,0.5565716073877508,3.884333555098406,3.8102186477942714,68.57133389216546,5.108105014650465,0.2250962957228264,-0.1402430730875618,396.41239253693624,0.5449119635235321,1
2.7856385023806243,6.477046841952682,1.0606269936096995,6.511027058987905,2.1469875064942165,74.01936875838307,1.670389690050593,0.35890073038292236,1.7353580704677003,279.59285372957635,0.6561495035079442,1
1.4514168130179925,9.818050988990784,2.3654726904968735,9.66613489378422,3.04174093369401,45.26497003132719,7.491622190770525,0.21637297188679763,0.3654387229596012,321.4818625723019,0.3142364285296062,0
3.9042291443522004,6.538059250772778,4.843069076729647,5.152716525625735,2.8524912004222336,21.121433761769058,6.02028135021086,0.5414888405410504,1.411176491948262,304.86705212631813,0.8234290850616515,0
2.340143581775561,8.070701877621342,3.859048881349978,9.870080784723033,5.469742409284266,73.68441174102402,0.9695713775994763,0.9389495034482492,-0.23254934997230559,476.0143598054413,0.6430607280376404,1
2.5045538810504993,10.47401277915759,4.491145965814151,3.0922690096406553,4.395479908907365,19.21097150716379,8.918221785704002,0.19063064586293765,1.0808130257656376,453.3859565506802,0.8692313119766992,0
1.7399758474162195,10.487667626684885,1.6685742423789645,0.405594512170364,5.05473240179891,8.631741981295185,6.240520125233257,0.49680723122964654,0.21547521320010743,155.97377832023153,0.20195399999137975,0
2.4128807573042006,8.172832407681017,4.960192368892972,1.7400653580164862,5.827304150997122,29.561525665484815,3.2978491402527483,0.1201373611944206,-0.9056817310763589,168.2418999717703,0.4116301035844486,0
2.9857408979110347,10.545329567926716,0.514164080320787,4.011736359268216,4.5761570901056405,59.52247583457798,0.6472955153676411,0.7938083992475333,0.2390247612771903,491.64713245959456,0.15736537485439667,0
3.253531410862128,10.870352573386398,0.26486453023050416,3.2317057009666668,5.9304399656189775,74.24555647651621,6.395821618562004,0.6771035291989824,0.6500649252662614,156.45231587879093,0.25475094535917286,1
3.261604248129739,9.583430258989821,4.2780131352701405,1.060835896735439,3.2470562066085185,52.79642351108299,3.8597145612137016,0.7297287973364351,-0.5447151582604743,479.06569601716785,0.42482012926062646,0
2.733673338082265,6.598980966158941,4.636324351034931,4.3833350661380965,2.7450687292515754,76.3878910224995,9.094657427809178,0.5251027248061595,-0.44826068442215483,342.3891672935353,0.8998528122764055,0
3.713079324981572,6.918082462698832,0.45292678773050876,3.4473461394296714,3.613239551971646,11.927812945692246,0.5418027605989106,0.9168697266007652,0.3945883949694706,72.54924756848041,0.5791886356183088,0
3.452223541918328,7.203888087861148,0.5671371337292075,1.3139302825286407,3.883197659743232,9.556529719101505,0.5832038663539847,0.46860170578534854,0.02818913730021988,201.07723975737514,0.36385941417854534,0
3.2711443440958763,5.817628754137664,0.16587078877886907,3.0315595930578985,5.58144617141034,50.31439630577481,9.503133011687968,0.5626765673083693,0.322221614010088,264.26933236080123,0.7595542047356127,0
1.166816565041382,6.912117342589616,0.5225378132136205,8.875716948018367,4.239761756146706,77.45872418695662,9.655764667659161,0.7257603000435664,0.38248096796816844,424.8918011527033,0.06869857088458639,1
1.020633886658948,6.466634570187725,1.0470990840014043,3.090283768344468,3.168723997672068,42.7040981716043,0.4718738223718583,0.568504576985914,-0.5797718688917332,197.86343597390822,0.40158760068053445,0
1.637341831586419,8.187301248660216,4.850383094550005,7.168158690096311,4.970537131470083,8.863641945447885,7.217125702425011,0.27040208312469516,-0.4564162741896558,189.7602404560459,0.6207901117637096,0
2.990570781740357,11.359062835105854,3.3393011111984023,6.159266088611781,4.023327748556284,21.591399205809214,2.370649552822637,0.38536355624042085,1.544496180438483,464.1184665628988,0.604075438669092,0
2.2335924666476377,5.731362217277707,3.8927651275927104,4.32909350784288,2.6485277811006807,23.3594679811828,7.073649109603511,0.18306502132492475,-0.5118439320685478,85.56545543052806,0.6271799883203695,0
2.207218777897935,10.041875467631769,3.8806970184576106,2.466353804356325,4.307279150365009,30.33928468527125,8.71358140724824,0.489352147495568,0.9977429990247826,298.1845466217479,0.2509257265737427,0
3.653760664688841,9.810981030891895,2.675368748896073,3.75324552352486,5.645578147229136,8.270253768965947,1.188148492850299,0.6484528837776952,0.2555841403033763,276.90767143164646,0.3702251953438048,0
3.6866885443955164,5.670279390643504,3.987444888565086,5.961861413363323,5.370490469903281,72.86695253734372,2.539910884268012,0.2066769498422266,1.9047100579089227,75.80064210012966,0.9349871795088954,1
3.7275257921607574,11.458006834340601,2.979037661949848,3.5724568260186143,4.347239890541324,43.66729585411214,0.4359611495996494,0.6675284093231161,-0.8016869143352874,89.49164923368977,0.9752767547223625,0
1.941634229545082,8.979305415097738,1.572730488016788,2.227474692384895,3.5083326955399525,55.31980947155818,0.6295324853555199,0.9035849257768984,1.4911665980922857,221.88534484010208,0.3464364337653,0
3.0731674382177854,7.546078647949789,2.8055505438420036,1.252981214027158,2.3479150042568446,10.037962767125673,0.490255010534187,0.4039513596869677,0.4743476933078645,110.37254870515144,0.6622785182383166,0
1.8148995438231088,10.295770084467147,2.6675429306725675,8.809692685304697,3.878595693326495,9.058660085273704,8.046687092978862,0.2998297865969379,-0.9839428874074342,265.1323570015351,0.27923194018006053,0
1.5718294992233495,6.801558208811438,4.117265268796603,4.459098459943866,5.008317750118317,48.98508290304104,3.1232682486216117,0.9037054574577128,-0.20901934318133886,323.9999984332307,0.4001022336250287,0
1.5538973720421076,9.854568859324242,4.908636086908295,6.2895623852550075,3.4410948789320424,71.5472007878156,5.033472107805494,0.7227507123077938,0.22309055764780839,361.12850802633955,0.8027179619751657,1
2.0263228625907823,5.277978453005731,2.055212827104653,4.955062575254372,2.9417873022066576,44.63615007196603,7.9208737832507605,0.19485538125089846,-0.05741573965322466,295.911529664344,0.5261197935060948,0
2.2898728593394653,10.875856263264904,3.8169533922067984,8.738408531743838,5.725518877083814,70.83643794275537,5.0504478945258375,0.4673007568555593,0.0873483920417999,220.8470071519906,0.8571104618494627,1
3.4928475131652053,8.137195929149229,0.4988150201906677,5.514655039237287,5.28622280183197,65.82434547914295,4.406121413721042,0.7066806397790939,1.7500157274115398,108.391381972086,0.6473032333761041,0
1.3596732804181362,9.456850400505592,3.8841568472414427,4.859736037696222,4.553102477680579,10.689033934619056,0.31341742359669633,0.6169454874779092,0.08280209717698295,161.3684366631849,0.6474751258888412,0
3.2047775421846825,6.548664738646785,1.8570845599661605,9.253549805174956,2.5471333756820775,20.14681057892674,5.766787124860211,0.6566924074148858,0.25648813820819827,238.73975465713409,0.08218602674043385,0
2.594364742567916,9.739515988609135,0.19695081444843332,7.22492700084901,2.579635361624692,54.32830018665069,1.4224821657434468,0.6104216565765335,1.2833946607343383,465.85151753103526,0.7621868412798141,0
1.8638360280279773,10.405681931252936,1.8162308928108861,1.2043440827338876,2.412878365823116,38.26260369125312,7.693552759752058,0.8182552287744013,1.3815006972451256,141.17026153747776,0.9789732015529723,0
2.4784587535984737,8.31249230819079,3.053213754608224,1.8592741658484593,4.465186667570973,26.80248602351904,2.725829693387192,0.38838426111728075,-0.7477310446399162,236.00490391969493,0.49937713224071545,0
1.899826209331068,9.32408846843256,0.5962508384073328,7.892516343100475,2.462251185893344,36.39753920359843,6.8070366259248205,0.7376161131094268,1.1122101037010128,379.53898581832436,0.20065101421121356,0
2.788245865714918,8.19428146675679,4.620172462151273,8.374928079681547,5.370508795450532,38.389973470297576,6.532990572681859,0.9919714982448559,0.4477158610303271,367.34150840085255,0.9781287878115122,0
2.3015317685657326,11.258639584804918,0.3883620663641929,5.497389207993935,5.9718600072772885,73.29141881161974,6.243420908714198,0.45096297200306235,-0.5984383202870338,484.5166675132744,0.325619581076973,1
1.493216587236636,8.485084263600234,4.650033599165831,5.589106755879729,3.465392738834661,12.759371277871477,2.816129673864488,0.8119434830993137,-0.2058683081593471,135.90558350585349,0.4387380579503119,0
1.3497492236670903,10.892660963201731,3.5356875896784326,6.3561363322293,3.81467938786839,25.979806010571124,2.817479816320568,0.32149831342255397,-0.864893508080444,57.43382521998283,0.12349809339645508,0
2.6400870462163906,10.609464407891739,1.648560877071018,4.447246165398131,4.846668707942715,45.317361243703544,8.657870825725032,0.35370704105564443,0.08071156643550559,195.04546744424124,0.15529502240779763,0
3.7072390998583105,7.873533749438495,1.9537517385454661,6.833971322490649,5.748612025303063,57.37151949729437,0.32551185977818453,0.9413774867651888,-0.23378067899792754,117.36167561722222,0.255737387031436,0
2.0318730596730568,6.610591443002326,3.7040468236637207,1.1739644499075155,5.57637509422554,52.297796671943274,1.9789218078487876,0.12334452062381991,0.14631019214005292,296.8110735725778,0.571042761835691,0
3.1990003216678695,7.842574927918397,3.007355504406037,9.616664499437125,2.2303673149993943,75.62320533030459,6.179674992891454,0.29568461037474636,0.7410216425922704,454.4505748626051,0.5798997417711876,1
2.975984064819301,10.783521630426542,3.358214607274726,7.526532755569725,2.67628721022706,64.67066936146048,8.207053293151064,0.5346286280308028,1.1970186561098597,359.70207483764426,0.6259316317007378,0
3.7946647429284432,6.593427750735747,1.9458230825673999,6.3486246196891685,5.01838879423117,46.78076314808227,3.711785984994015,0.46166285953376784,0.816055959678589,111.1094853575562,0.6046261091572165,0
3.4629430518974225,8.671054421004246,2.439067409037995,3.231588364393859,4.755572432129789,21.101201875513063,6.603745894385842,0.6662527581115282,1.0351319067798372,102.24051097796934,0.5204751339292437,0
2.699815776716389,10.642677235725232,4.949337420189467,1.6934593258216188,2.532874376160493,38.815567355167985,5.660132912278317,0.27344984532434374,1.59691736185638,460.15241597394225,0.8119937218720036,0
2.971091494702322,7.474342325898652,1.0696143524985886,4.152495341906552,4.008258328006271,57.0036683145858,0.832493023923947,0.1634923039316782,1.6214733303845326,269.4242974515802,0.9372047125051789,0
3.6951593997521046,9.495467459018883,2.089280932610657,6.649609731683179,5.123258524341182,67.84716311270637,6.293151929920646,0.4324000580242814,1.582158045077522,465.6528463951838,0.3062732666152679,1
2.1985563537608046,6.719421018341702,1.4591159378698366,6.373726459888798,2.8751227290507746,76.98021683167906,8.176254028270437,0.5719197179297628,-0.5404932535614202,381.2979719943574,0.17368399819111316,1
1.980384117573332,5.764956117577119,3.825557552199249,3.888147435149158,5.4851505429386656,50.40895746034382,9.925993538934211,0.6058016533764202,-0.24679259921906394,497.00680728593045,0.4538329292106601,0
1.032433250905589,10.560689575649995,3.8200631283286035,6.171535298947985,2.211887099281472,44.518952547832434,0.4904727119868841,0.6413441711882201,0.5069759147827164,442.052484197438,0.07510125633927714,0
3.4796532225743926,5.6927803638609475,1.4622273049869794,8.15610812611872,5.128780340272296,6.326894234086123,6.668570091321907,0.5937957961853995,0.076217882048081,236.39548651781232,0.8891529300260926,0
3.402942101210095,6.899669765557093,0.40695158316491453,0.36021924614230993,4.463275599159481,10.407430186263495,4.26258562085003,0.32117677387406884,-0.6049930951601104,391.2025223982157,0.2777209472340079,0
1.3133635543004543,10.985765953982082,0.057163383361020226,4.561148374509729,3.2607973866173965,16.70787482280502,0.2959213093208118,0.7880947623721016,-0.13674929618304577,262.05267529397526,0.5718317982608803,0
2.730572143398101,7.42528500955067,2.1372526662124276,7.6096967618212314,4.883730193367645,9.106994839222105,6.220737248343412,0.17900223556545872,1.9262862849969173,154.88253189460158,0.1593402404016519,0
2.391945094500662,11.811317446599128,2.0516879716788545,5.506830257587434,5.129463180604638,35.06474291036949,1.399787525845228,0.2785184915969647,0.04078026648960842,158.46316644036176,0.57559447228112,0
1.3561272865273344,11.858140343417018,4.941949393199315,6.549613270497793,5.7355958852158775,30.265890885415413,3.9099551318535393,0.7654402081172027,0.25674220488788446,228.7949650078161,0.08704378025677117,0
3.9417046811821708,6.877932143174897,2.349010378488398,5.215096286792886,3.4710986886170545,52.801561840129466,2.7613975063863427,0.35175352069472654,-0.9807957344281091,100.15980170547891,0.7803663608096056,0
1.6440876623900662,5.286847555749233,1.282091847877103,9.919557992354878,4.74406694391982,45.17488309500521,3.739401342256774,0.5441260974484647,1.1582446393705963,129.99482819988975,0.957650389511719,0
1.2017025402716834,9.935442989437654,4.456147205157337,0.6407532112414784,4.410465107738764,49.69780695408948,5.028416698709306,0.394477966770003,0.2406501966361394,275.2739076740446,0.3416272616964156,0
2.7845421385057287,8.156905518538405,2.4553397482678925,4.961343735546535,4.1008242778283535,40.39829022032406,3.720253418397242,0.5562830904544028,-0.6905798113145167,479.2651148128127,0.295303879931578,0
3.216600031399098,5.705269907717034,2.995878176052889,1.0050238362337252,5.561665896620152,25.830286141569285,5.616772331777485,0.4119902199526285,1.9056702149140157,309.9588539077513,0.4755952230074982,0
1.097330338141561,9.9526597328463,0.4783435521410634,1.6818770649243473,2.0126692565536013,76.46189862098578,2.538766964281967,0.9947871909154453,1.3322996377552605,233.82353713461006,0.638974977237857,1
2.9761529161810665,5.218224363783449,1.9145820366488704,3.8920796691407924,3.1284464244143906,11.480686982010422,6.42654532079814,0.42172983042233203,1.1784502682981808,159.21514394118577,0.22951433889221756,0
2.5968756278543634,11.091376833445695,4.721118372368934,1.6398469058548244,4.15310895817932,75.41682495989804,8.566877440423562,0.6643444756578809,1.8736170045250082,138.15558711789828,0.8131425973997336,1
1.3097950266251452,5.970567703793126,2.9475269208771273,9.640502942970846,2.7131730465462094,28.3428535148551,2.395857059769082,0.8995088958857896,0.2224402535514134,346.283163220503,0.23860807268289025,0
1.517571630839086,5.891183151227075,1.7225092757123084,9.473218789579075,5.631466134931033,43.449608402547305,5.177196715385101,0.6741414949282754,1.1556006208773453,431.7463928397464,0.05520050898452261,0
2.7039228919482414,6.229706085780092,3.1283359031579656,3.427485497583978,4.590380470452061,13.163174212065961,6.5571598885889095,0.6092715295986477,-0.38137630784364673,229.4851668976236,0.5480380544062958,0
1.8890728405398651,11.721864509444465,4.552055447890581,6.433502349173027,3.9115319785279596,10.319830127825695,5.733336085891478,0.6123065092805874,1.0913616423563601,297.79657086797727,0.15939222560761618,0
3.8149471859539483,9.852185521776923,1.3699530023629503,5.3841578738784825,5.258807036266618,37.21590865389522,3.7833645726838148,0.546814639831047,-0.9577627234371915,368.02704256206755,0.713326789117711,0
3.4562206884521522,10.609600748245457,2.525583592353372,8.174311107106108,3.803544765860415,60.62730322847586,6.493557138456334,0.8268223612640095,-0.6210838586781576,76.23300877500911,0.2090964960750799,0
3.950701619540989,7.783444900129271,4.793453269558777,6.311711537187728,4.234612047720038,25.20235831614117,0.4768128208587471,0.14538167052524378,0.27577675580854555,207.90367134628255,0.8265113757440337,0
1.779012516851242,7.354189092534689,0.8619807164922633,0.10249929945656483,2.011003982215684,47.176091670149006,3.8250810735650442,0.8966169171363949,-0.9637219155819755,378.388800392949,0.4968497262321981,0
3.9091708983939313,6.64138804748219,3.5983196279835576,7.655426417536415,3.462802120780294,25.898775539211375,5.419599703481832,0.6276629982210785,0.3858975663512578,358.07856193367235,0.5879640093858294,0
2.293701609374674,8.364536198186862,3.0724050410149117,7.493796400831569,2.555161889403879,34.145979566978056,0.40200895659147384,0.8639858991301734,0.5683752471950116,74.00647598724112,0.22725590703757614,0
2.042556385941264,8.862801134739179,3.398375655703174,5.146254785108162,4.758754722649164,72.98347388553685,5.174958530906139,0.1093534322897877,0.8648197927612462,157.01832426803225,0.18935367365393974,1
1.1510485809080597,9.422423905569287,1.7560981533378484,9.038897835007234,3.916107835902935,69.18797191211897,6.611693715503158,0.8823487635654559,-0.6988399690191509,355.9807465002506,0.6497278431942014,0
1.158295773578808,6.799829527990862,1.5693968674188246,9.093617436334975,3.207030229000923,43.70131575632224,7.640235437587843,0.20812376725594017,-0.45696426061836304,172.13721906015707,0.2926875845746009,0
3.076033767839964,11.640578566320935,3.4210483529418525,5.286725599373532,3.8713293574869696,22.857922060405905,1.311065997812418,0.7490962057531593,0.8398501121515851,416.4846322718244,0.41662928990186987,0
2.3737869833020837,6.188309487449951,1.0777164255227267,6.119083488845723,2.8385195518053847,19.48879345497671,9.90753577393861,0.4748692535990594,0.9745631373879178,63.2771866396217,0.5054766962401367,0
1.6795648781083172,11.759572223364886,2.0982737242950256,9.965568512054256,5.700346529944563,76.55655147767857,6.140443473083937,0.7129651519881319,-0.9222993153691712,135.65616318205028,0.2681519253018927,1
2.8419109189756977,5.103992857552527,0.94087323026459,3.0583203246330335,2.215890530203652,20.203744738301566,3.759299167600834,0.6653707639096278,0.6211020863451147,176.5908410227512,0.8056526200317184,0
1.7585743547503334,8.367879842717919,0.04152420561664871,3.313710698883626,5.461668141184481,65.61262331844043,2.6411099736757957,0.24705689236051764,1.354945195996498,466.38042566453976,0.9424531884634603,0
2.7328952630332677,7.3335748668159395,4.850286800190347,1.909461636368614,4.045435154933404,32.6727657151653,5.814389244497463,0.5631523880027967,-0.7926973666438177,408.34353036679954,0.46029850395721633,0
2.077626240948071,8.143863897511755,2.1585148932820952,8.969082697662893,4.475785984555269,78.92448856686788,8.840774142232394,0.34950742587508665,0.23951859573955936,447.865288938193,0.9216709652643255,1
3.4706566798354572,8.994652052865524,4.8467480720991265,7.470435060497736,3.210422483634815,32.61168052720909,5.301540882185376,0.6043931585632112,-0.02046618090969443,248.21561622977933,0.8885486764752406,0
3.462088482300338,8.049124106088964,0.7016175988391304,1.1458642038153948,5.866790467177285,31.363746868304457,6.682426144928611,0.7642029547475596,1.74099687605605,420.15294107438893,0.2077448672841195,0
2.432051194367204,7.9039279521111645,2.93683389728743,9.819496776859859,3.1274038340779593,52.809772165821734,3.7054251074974904,0.17313257312365413,-0.4425928203806341,434.0721073310369,0.21471284853176753,0
2.0524573280050467,10.129063907893146,1.0048701639561979,7.336520910795048,4.355511988561217,77.11376049701144,4.003892423271932,0.5641861811779227,-0.044918760566559524,229.98057074374984,0.5035348083968645,1
2.087679389677284,9.801133925605253,3.9503706348163736,8.520168885089248,5.973666820428516,78.21572043473246,3.004516036564542,0.6558668386860326,1.6953342349739091,497.5078314849137,0.549564320270356,1
3.4171435770046537,10.832898974250934,3.918514943804876,0.5766928128146892,5.524377585533783,58.04046098502389,7.11524548480875,0.3658307082374924,-0.008040081820081646,433.05738314714114,0.37407323936977194,0
1.9845384483928359,6.749712868676469,0.563035745196559,5.09911309752746,4.145319301144424,61.595477422726525,3.720038023482338,0.9577031345164064,0.594042321756783,488.3436359351549,0.3472749308466863,1
1.627178121120538,9.266699568278444,4.560322264381946,7.016123038597689,5.961498091868848,47.255163197977076,2.0690207596041446,0.5682725429561466,-0.9008939883073619,439.9236988903245,0.45979892531146827,0
1.2540650256259205,9.096363497749977,0.9731482360161231,5.475171187261229,4.805479446930459,61.68318043492489,3.820125597429132,0.26426538086133944,1.9547073085251085,399.2916381150236,0.7059553173292409,0
2.400079362653225,7.588164676108821,3.0648867079468016,6.699809910422847,2.8348016645672374,69.48347412278724,8.567506636761012,0.19700943561935563,1.4748401236135686,474.72974305904563,0.130173951361287,0
2.4463962967595254,8.402402793318767,4.92816810043852,8.196953229545677,3.6223848417432256,41.45714773962674,7.43487002705385,0.587493594248829,0.9032028342400289,238.91866006306554,0.7250529033367233,0
3.5227261312087217,7.196475003140101,4.411982673831819,3.805936923305943,3.337973336046204,51.48966971225773,3.479480275742927,0.43771454301423607,-0.8177341807300591,402.5000450735882,0.929928248550528,0
1.663716089338192,5.992910783318896,4.782819642805845,8.501819888625226,3.3760548330847566,45.29875214247858,9.086727855399683,0.2732923879915462,-0.775390115881658,145.8010426622493,0.7753313733989781,0
2.1429738210052,6.49660847463913,1.712993856090597,1.7128694371763784,5.041825757439465,47.18529601465079,0.9333598241511762,0.12762863810719713,0.6349208923720693,379.7572346244846,0.2320930135288511,0
3.425217216681073,5.7385955248084075,0.5278782110973168,2.7817719447611102,4.337051709091174,71.75359324054557,0.6875871558537037,0.609940072034092,-0.14480669138969726,403.40897737357676,0.13310712933828484,1
3.4708708322469204,9.781487026330868,0.9417343664472505,0.5291216372805252,2.152370846358114,31.671262265417766,1.4492094768953645,0.6387402131502957,0.8683683425095201,372.4359844476154,0.515861388540062,0
2.1538332279363046,9.62509175176406,2.502474475383069,3.7078254322189865,5.509793934603904,20.613801920046818,1.3412566074143104,0.22762234106332163,0.7945774455433172,432.41587941072277,0.9585857847200377,0
2.3773720698600425,11.654244601059109,3.9661483913666107,3.8611044937587913,3.1871845619206582,39.221008270522184,1.0607762871209372,0.6415642447932739,1.5159541948378932,236.00095108232256,0.8281063230193798,0
1.9098576725478487,10.107748895530689,0.7507682209193761,8.072178912351784,5.988299507652575,20.60638928609489,6.681157597580326,0.9567754792368386,-0.15586881786207296,295.14565943397116,0.5845969570623433,0
3.797664635257936,5.36432087129292,3.2986576613037855,6.565993635867594,5.8167629213391425,42.38003192465143,6.088255320623155,0.9804660489907655,0.7335905734729775,54.800334812871945,0.18583235224671313,0
1.3559312972247408,11.18971621750268,1.6178880201975594,4.423553325741099,5.762122866727861,72.76310790177939,6.546534003700804,0.8996436429013045,1.332089956516283,115.7239233527108,0.7281449430060157,1
3.80124826900441,11.038726140620081,1.7060103619607676,6.555928388375107,5.244510416255895,51.307514036185836,6.9459873307878945,0.8263707227521665,0.47231895896697873,339.88726653251973,0.8223483266771865,0
3.0515993555060295,8.103242245408891,3.3095886507896317,0.6225551701053426,2.8824533267341703,69.15746399773083,7.617421574310663,0.2884310530419981,1.4919309948168333,303.04273984027026,0.9383156796045511,0
2.5947164580601934,9.10104135369545,2.334997097666101,1.8846882065819235,4.1305309761151285,17.464318971163387,2.230333889366822,0.24079166424633713,-0.6061713952786811,138.7996310936318,0.6315104224519195,0
1.0979771823534876,11.83254832730763,4.06016646512997,6.306783766893375,2.8972105072998984,72.56551944028826,6.298574429701039,0.5004528420568191,1.20169329544143,159.5591573721267,0.538742523913138,0
2.4267885754660248,8.726130546937164,0.7795925483141353,6.449531510330492,3.038701822355797,50.13403733053368,5.884476861496458,0.6576685761866972,1.8289462745629352,204.83699086555612,0.6382229413892954,0
2.2232443150081966,11.337252798632628,3.9497413488351922,7.763933121203529,4.4438070777451095,7.381984155535985,9.447868252874043,0.8656108156075402,-0.0043500370193017,372.38662082457915,0.9460898794256174,0
1.4836564359253677,5.581271304671305,0.32117624028710434,4.089697614630662,2.1633341814122535,52.48392164637776,2.4772036975485565,0.3087667370231214,0.09900932723589495,324.3724711984854,0.64672073186462,0
2.9692288105019706,6.33736308096078,0.970269401228025,7.2532855564999466,5.8778342672828305,76.35477171956884,0.7754847568684478,0.5316831104682993,-0.7493509684274359,81.30706887888041,0.2947122569240222,1
3.913452722104857,8.085284604089225,3.2807485725158267,6.871405292345875,5.674692690311858,10.937525035652154,6.6042516832025235,0.6826962177611613,0.9244783387241351,391.97261705556224,0.654343837545229,0
2.6865664331935752,9.093297658361132,4.274628282555356,9.637594445861506,3.5230702886308793,48.68420978521791,7.453693834319776,0.5010344690809773,0.6573521769046105,168.1968033599133,0.885757344161477,0
3.1442598293318373,10.7135949630396,1.2633981386967452,2.229789241604324,4.061689792027652,73.6608952152286,2.975320856913997,0.5087743093713558,-0.8789627238028966,352.29185528198906,0.5886519271662161,1
1.2053513576980504,11.917834806002308,1.6359580291445646,5.561627681151131,3.864477677071036,5.727137625078092,5.794314623208757,0.30260544492545116,1.2566360809139354,105.5132800976977,0.527563886609222,0
2.253000987450984,7.721960475318815,2.6856037414336997,6.057467976893646,5.528799114469879,52.31846948493674,0.7834534422346757,0.9879948144199684,1.4878534872350748,499.06457452362565,0.746700787027389,0
1.3490754554934876,5.331909452980595,1.0578640324465116,9.986614060848785,4.754407505264444,40.6176718873222,9.608439443449232,0.527673955066699,1.7213588124222623,86.15082680947135,0.6779392603875716,0
2.838387506609531,10.608200523067275,4.0557813079375284,2.091723007449852,3.112444989697426,31.024198898645796,1.2772647383318525,0.5794677508649427,0.6372022585119264,383.7803127804478,0.10385321900600447,0
3.8154464746424637,9.230665033579657,3.8681832250288037,5.279858397676193,3.7873650178611875,52.0652367459032,0.862191254289558,0.2967033621581462,0.3577401047052722,293.5986616638929,0.7390455838525593,0
2.9853331974149153,6.389800012077412,0.7264585598289081,3.527234546365025,3.715863902747055,8.952657094056269,0.6322795630472667,0.5627230464986368,1.6284114635962323,88.67263607786222,0.4371719585817803,0
1.2304091449432646,8.46379919634994,2.3191486590831607,5.306340388932098,5.8373406731356745,61.47972847155501,4.387264683732857,0.3298146026808761,0.1960904572044171,62.06470589783998,0.9438533660292002,0
2.0639986149552483,10.196171718736071,3.874138833273107,2.398073160820749,2.7012436420585586,5.335960768978072,1.1521654858804624,0.28210262624511984,0.966329375703685,213.19957288250538,0.9722628389976143,0
2.651990138322555,10.392882509480506,1.686647655517074,0.5713625464321324,2.358305349177716,28.020180784426415,7.497552761364638,0.348150025848641,0.8460867692027789,411.00076940321475,0.4763018772183226,0
2.2096232683997568,8.497328883991333,3.1655341135886585,5.7683979935871195,5.522475328646761,42.79689782635088,9.008966774138775,0.1024836836547529,0.1164832994555356,68.51805812662663,0.9703551043250266,0
3.500932031425517,7.136501710902014,0.25106560728786365,3.4249577270222384,5.586743958023483,33.27666879249138,2.750145536783599,0.6131360008015155,-0.7393301873018556,366.97939849762435,0.34527948920819646,0
3.4440130141299674,11.816198074269455,3.04344380264659,1.9012198773094933,5.486956351648659,28.060695140418687,6.36197656866371,0.4487320049705589,-0.9357533839879429,344.9193243189074,0.6985122003793789,0
2.8354930603096644,9.64353827669545,0.763264900003035,3.3069621041725346,4.043907662502225,67.31263591010722,0.6149167807158142,0.9088201172745373,0.28471322160616164,169.49195454774525,0.12130197555394676,0
2.120373835398116,7.8576626354240915,4.1529166255722565,0.5878739943326747,4.638977713077842,75.11244307039317,3.9883318225893953,0.13663645625126908,0.44360472447007027,84.87141608070063,0.18773988108967482,1
1.7660091212897324,6.963242569432567,1.7772473179023924,9.509378117492023,4.2534521902439355,70.52845136794166,3.070832711591738,0.13888027077017512,1.468034804569676,461.8948822493279,0.8712996072589275,0
1.317622954639388,10.117720881024935,1.4077693136409786,5.853364358235279,2.2777913042176037,44.18234847874998,2.440467145115517,0.8972861655813251,0.2432349497344135,185.15741123152577,0.8990948373321153,0
2.0646930504596623,6.695284119156374,4.204444883557425,8.166209945335545,4.38333958760289,71.31231313951122,6.518290198361251,0.21398017798390712,-0.15652037579959222,100.1224543040425,0.5559806323712575,0
2.2395175516231585,6.201969922815817,0.25072011535905103,4.288870155722531,2.0544565890244035,74.06461738861577,1.4762338743136558,0.10194409371160162,0.3862894042254599,356.68268526241224,0.3727847555995695,1
3.027468775312221,8.708837222734491,1.983043996671724,9.042815208905239,3.2999496382283446,35.69287977855965,8.634963128310487,0.2610224773417124,-0.28602855872793653,147.5065529562326,0.47847273517575295,0
2.97447947289272,7.029911748508993,1.850017702875157,4.884850393367308,5.729170303492668,26.258439462908406,6.7153918824136,0.8414885575878437,-0.7259181666551304,264.03384000318346,0.8761432646874232,0
1.2103244189237707,9.402336014465305,1.4240018712477542,5.782058689786627,3.2161810785432303,12.369890435999025,7.165204751142969,0.822442674484092,-0.6608708989416783,72.68249490621487,0.250443751489872,0
2.185777946293473,5.825570724119634,4.558771660007385,4.968760402620303,5.7593065705769915,40.93189407869218,9.366374224845147,0.406118989759106,-0.04253662030921723,496.8427770086472,0.3301267197365165,0
1.5453366016520858,9.58458773197125,3.7546419675836114,7.359455129089751,3.000535828596977,75.9722690328831,9.435254140724645,0.7012278255338668,-0.9619707473245279,251.42950704897157,0.7961707875401293,1
1.470438115950417,6.983075695983915,0.3196158209596939,5.7098951682604175,3.25824896184613,47.068064605277826,5.6061927734285115,0.556524736602245,-0.33939013995628564,499.59949158929044,0.9385059736205951,0
3.4819064492117375,5.001700541041589,3.5734372471747706,2.7888293434459377,4.513629985754214,55.06715763396287,5.054722209402609,0.9142614908613155,1.3625694227970615,223.55369462032985,0.13828097301472908,0
1.1257456501487726,5.888552403719235,2.6364956656439698,1.5408413600941986,5.046507891157179,13.46628638688857,3.4867397606237196,0.1507811278756801,-0.2961484227090674,206.53365017399875,0.8135836862846809,0
2.257548627706364,11.535307644845659,4.504339472007896,6.1006314499414795,4.005551072019536,15.763974810669218,7.2126017799841895,0.8318612158629686,-0.6678114668814523,461.55754772018304,0.6628148915852332,0
1.5046109672995547,11.071482473807505,1.5647280867417923,4.942881619315659,5.528462748776622,39.83549464697544,5.474447092402167,0.25353880248471405,1.8472416799836173,198.25963423001966,0.26923296724084644,0
3.637990647035422,6.6352632242536576,2.8708099980479145,1.0501593972915182,2.160961686442477,76.34485992377942,9.342175781453221,0.4524588076885834,0.8674103490548584,244.4024962923218,0.7680263368315295,1
2.6711215398251054,10.44860333181844,2.5037763737049303,4.0166129113533575,5.688779354537482,32.05884811936467,2.5385342973835328,0.2727614362912893,-0.8199221516930024,85.14969652137088,0.7415202617493615,0
1.694141909130544,9.26000115221782,2.4478045311380288,5.19628657780449,2.785231199581632,70.81130309881502,3.2404763252548094,0.7323529686347251,-0.8132681005152915,479.95807461596405,0.18492832097194084,0
2.5072818614991292,11.796332980149085,2.280526997586063,8.28624301487334,5.536954980338624,14.021644506928364,3.297686384715694,0.7104935617779319,0.8363663770975092,88.31805838290599,0.5271385045408192,0
3.1944590791093477,7.615239616738414,1.0281473776614063,0.8534004527502873,3.603452717945522,51.276290520028255,8.09878485465573,0.5931078415291242,0.6203864061947351,397.03322009089584,0.7703765287081326,0
3.874354026758301,9.770224287620199,3.7785496124619637,3.5501039476354292,5.33102822348415,50.04597326828886,1.170595252053093,0.7283467331232897,-0.7948756828210455,292.37692721502964,0.2319669204674219,0
1.6613380127362567,5.44475005696743,2.2566801636964433,8.244295614832815,4.68666219921478,69.49060625527014,4.665361385692002,0.6756083025442065,-0.3270535750799939,77.63231482139062,0.48962772127161164,1
3.6585453163880355,7.773731427714841,4.792581375013029,6.519396924538629,2.7037665299130484,5.2487528303676125,4.390291222335864,0.7987978501158413,1.7871287434567646,50.76672261847528,0.1647040684605458,0
3.802912342502471,11.746723628317262,1.3040421359638814,2.970587385857489,5.672190279525793,19.244875039817913,0.9167682859348343,0.31546598616149385,0.716032431443052,470.9991373372082,0.3414931778388489,0
3.749261633596199,8.772866121150845,3.4137191981352055,8.46881770802416,2.9820695619538387,21.47657190721113,4.225810585734602,0.48602135344664854,0.32097619444349057,383.9780319059947,0.25704765585645745,0
2.9062430705857296,7.0151565233439115,4.703585398195543,4.983606447570654,2.9765604747799963,76.2474566068053,5.231104236183017,0.23646387641880584,-0.24953376423890183,358.8963095927367,0.5298175703886131,1
2.889461963304123,5.841896741900248,3.3172916150804626,5.033683723973559,5.256715586549522,16.527024220242122,0.8380259865481499,0.4866342077981747,-0.598905873094387,247.35043876964988,0.1841545680797148,0
2.2096318995514683,9.924698381270712,4.356364538086973,9.768214658083805,2.423493022290084,7.772176266542028,5.196648858757741,0.7315225762783071,0.2078950523320433,157.37620401993985,0.4139932176228872,0
3.2571936469113636,9.513992304008088,4.13740479878503,9.476453382040146,2.8881436254818413,45.0846121056356,9.60053146589733,0.7222520447059164,1.7670996779939014,355.9383836287583,0.31140475973637644,0
2.593882055052796,7.617570995226423,1.8005885774450192,3.649473565361455,4.014710293684249,44.641884682526126,9.793360366983016,0.7384842129654485,-0.853865812967375,323.73548087769467,0.7587464684966279,0
3.0323142136848835,11.65658946306084,3.0006196996974825,1.491733373764515,5.321908114746497,68.30352240258982,5.41046183018015,0.3778907757799209,1.9729364478285998,376.8539876817514,0.7146862844785766,1
2.285373711546386,5.155419690914952,0.781306699056778,3.3241006495531313,2.58993589894907,76.16447376333515,5.247949939508999,0.6959925764118314,-0.3765618393939766,214.60663332511794,0.14018400318234164,1
3.1944893921294173,7.126066961422781,2.6776294134779977,0.40178427708274156,4.190672938049385,45.390908160509824,2.9979800308806364,0.4307196876300443,0.22630208119702777,494.1156922309356,0.9558096934840223,0
3.4734145528136473,11.44748640409707,1.152109859071686,0.3056020784328729,4.8449623672117585,74.74956368147416,9.971731622778595,0.9500428414945449,-0.8648460755028473,80.15389494283978,0.7574487721760844,1
1.4393087698084484,7.246548068236082,3.718684074762228,4.01566914888905,5.442380898863805,59.38693634748722,2.8874458760472157,0.40902972929230486,0.7543466093240938,85.86572766629632,0.63516076096038,1
3.498789146722684,6.765769836986193,2.640292109460623,9.416096244702619,5.742262240808879,24.841934599668875,4.638432744311573,0.6427164106399492,0.45066579620297476,462.59413141127675,0.5038164200454505,0
2.6208895953709215,8.739542869518731,2.0561368131583024,8.726437678198856,5.13855965787573,74.63155332079447,0.22875376646622997,0.7751311427729584,1.0001211042043394,341.4678957135696,0.21902629972716703,1
3.533997727270673,10.766612249443765,1.343985480834888,5.163284055784468,4.611313592888008,55.05823821364061,3.622476450909542,0.915766686123707,0.6280343818744178,196.85033068194699,0.9639151781374541,1
2.293905119023044,5.7220273261485275,4.993492409206434,5.695741173591224,3.7344803412510634,36.05719495569753,0.9001149459664741,0.4941357431085198,0.19453335394120685,392.8787409652818,0.05746545786728778,0
2.137121456149105,11.601144967520153,0.3585526044246634,0.15874161778595913,2.4484406167536785,56.0181563387698,7.4894827497742975,0.4244365973874412,1.2132700934350122,253.74802453386795,0.7078570775183837,0
3.7451821975516673,10.565510168268148,0.2178034028621001,2.2334614427542787,4.8389487701020855,35.09846208078132,5.697941639693337,0.48702535778493006,-0.9249366166391267,59.50467896347945,0.5320721083113835,0
1.753507802645204,6.268751788860864,1.0862870024693227,0.34526385665039905,5.970949217901948,13.563782599096944,5.807284397419035,0.39132671639480276,0.6230870626237854,342.9966512389808,0.9074527955233453,0
3.5326369758584293,9.984055728387139,4.855362293139098,7.569941373684337,4.9470423789283995,58.92340603826749,3.0078106018170896,0.6885320410605826,-0.6583713885129721,159.40037169118528,0.41166241538703713,0
2.4520617175282124,7.6947110584629,4.896190841599922,1.5418933806623278,2.066844374950905,66.80657091280578,8.185983644479142,0.9394450876077256,0.30802499925749993,101.90080247453051,0.5427121980195532,0
2.542286327653779,7.8160627465342305,3.2746386738606796,8.703566314520488,3.985039912167355,59.660464926454075,0.23205506824625172,0.21346390584043007,1.3733759505740495,151.3729321247319,0.7552224223177167,0
1.925404844468452,10.483030647072065,4.400533336032024,6.468910705390304,4.458586529931615,22.18360008175074,3.469291555809083,0.6048298582931413,-0.5726177612187995,264.2710465081618,0.0951882161563962,0
2.719126601857047,11.739493655865125,1.0698086542039769,2.371244897505562,4.758696804411372,76.74762601082097,6.663075406496905,0.907883852824298,1.8074310463174559,72.43539407745811,0.10175147897377047,1
1.975633588828634,5.886591109930357,4.860210470883118,1.6614311391241725,4.878903342402834,6.894092126836694,9.097640866685826,0.1901030901904158,1.6655140771742136,447.41857405079645,0.2510891113960323,0
1.117808242724957,7.944411658151736,0.7139242506978233,6.3134845391382255,4.232433764866096,29.951397303173042,2.4992363778672844,0.5444788696896528,0.24471521260009554,301.96310745621287,0.18910335435276726,0
1.8159958160330683,8.366591256590125,0.5056259409082914,9.018286104795003,2.893441330936961,24.506932590117163,5.502780506928698,0.8787066362744015,-0.9820754778221903,181.84828105193708,0.05612129491719822,0
1.019137130219772,7.634182718684983,0.5610576962363645,7.211766167252378,5.768802645906186,8.609467071113823,5.472315921226547,0.9104069905408742,1.369234480023458,359.1521816399073,0.6418403310009002,0
3.93506436117057,7.542323866013575,2.8656396163628233,3.550611850873439,4.786665870654648,35.429726974150135,8.766908816628257,0.5629169450376249,1.6426874102368485,411.90642364097357,0.8061410690832072,0
3.8972416294592422,5.365880672931175,3.9048720035902615,5.915097593159606,2.947360147477638,51.73361301220809,0.6950655176864551,0.12245669602094572,-0.47578572293370225,326.26608259256614,0.9592592275188115,0
2.1854658924169152,9.798770343938363,1.8333358893731655,3.176540784186972,3.2892873290810916,71.1914647613826,4.359860498492932,0.1950752605850395,1.7485766264496712,141.12260685973558,0.46885530178832235,1
3.185112563018938,8.053500919840317,4.8894799389306325,9.991580711108723,5.6877106825214785,79.22672871436025,1.9881636129609292,0.6280450707171104,1.742291831884088,99.62978906589966,0.31573462532948987,1
2.0374182952312747,6.363556618507488,2.1721006905916473,7.513507965772327,5.549940746829343,65.60671898032986,0.4110194829262609,0.21147274581971046,0.4138725531025713,436.954863665024,0.8707073263395727,0
3.013279471257928,10.712234516114478,0.7522427538660814,6.1823782335918605,3.6205857534323584,40.15103890346186,1.6409032171007316,0.23447599922014373,1.3941044323935259,155.60933609828322,0.8521758321974228,0
3.4162901291379373,10.617925237061396,2.3298337409306837,4.290265513381709,2.153228887965804,59.2778319475273,9.769412593912351,0.7949053880039025,0.3348439348159653,59.03709380487397,0.6436010503870182,0
3.840268734076722,8.404741396622256,3.3951858271121993,6.2197076735696175,2.1939894755757527,68.27178414422306,2.305515393298626,0.7756228527179503,0.6921387977558535,339.30594866941345,0.3094915867098379,0
2.2006368275490162,7.089154628034324,4.161128902521893,3.4819990184266145,3.135673163673556,39.8980397314011,9.36330157869084,0.8584954834829247,-0.04048297057071004,118.79839843894081,0.9130917151606377,0
3.349893948868143,9.466649080575166,2.2938414497829647,0.3857619106345045,4.516488877355998,63.87908255191249,2.2114925577832287,0.1951616228554951,-0.5215919640375266,495.9364188940588,0.21948126985719008,1
1.7977853518963562,7.017064950441822,2.9680341302458375,4.011376371330665,4.336778541338248,41.198931373465754,9.326693228367947,0.27833039298713597,1.2396097514420958,441.37887428273535,0.09146417846150133,0
3.970996911380945,6.652055512265984,1.3367235607942667,9.311760113840682,4.53531114777577,33.987199315754204,6.6152851649630815,0.8496652868727855,-0.995821466442593,323.800576700548,0.8067873704909961,0
1.0773087962930534,10.113602578184286,3.22958263202757,6.300380838261272,4.869131887728427,44.45681283378209,1.3095420595188823,0.7489788478280128,0.7386580689463444,425.23953917384455,0.5854761074127357,0
2.810586419503363,5.282276678046655,4.929859719751718,0.9311614604019259,2.0761290143709537,55.689105322035864,5.902768520240462,0.8253605150452361,1.594058079135391,261.7410653459133,0.2841444262625989,0
2.9785179449539814,5.663379297242158,0.2452678629389693,8.861436772610757,2.4203423806897715,59.5161542238948,3.3214375678947308,0.9907711074171299,-0.3361681396706484,404.81881000809585,0.6873508792042021,0
3.0641366712223865,5.047517218165129,4.432653353525839,2.761861008480997,3.4379338073088506,31.75522016690809,3.9549009285850882,0.8779884455401319,-0.0013016296059928933,340.940098578718,0.778380697622127,0
1.361162736367267,6.0706023053279825,2.811412513837614,2.513317981519002,2.619439990086327,47.849018866702615,4.513675386782737,0.5684169257647843,0.7624575585933884,62.89009158634517,0.8523186537751789,0
3.8155893504193914,5.482930060973216,1.2604932978114998,3.0412005909251763,2.3012801701782166,73.24031555603354,4.342528820797279,0.37969136631753175,-0.2593892604065797,476.9409503987791,0.3180197151701996,1
1.5435498371502483,11.97061657445943,4.77444855004629,5.814302137646979,4.563857583989328,78.22346750829799,6.708267126733684,0.612708927917231,1.5424605719923488,437.41381018850916,0.07430807868935192,1
2.8682602097195233,7.0216697896786275,2.416771515294495,5.492412124996369,5.261345909964396,22.043606838796588,7.730007072189479,0.6747278952110072,0.0998095013376652,479.0333257669499,0.5345368790255101,0
1.668028237369255,6.044876088684731,1.6584512583669282,4.964996170766529,5.0105066297371295,19.46233742850061,3.4259413541709893,0.40178092713365887,0.7448411594596585,379.11467055236704,0.8632746682238738,0
1.9216492510638128,6.686973805971426,0.9074881413542057,7.203614948775007,5.268159114436717,55.75142250714864,9.25876682451976,0.7938433337362106,-0.3216365572023737,235.42741474772996,0.24743027039884125,0
2.639375625184373,11.552879000780942,1.2222610512833105,3.2337235402160944,4.663426176231509,36.10129143675829,9.39696987738499,0.18347841339209808,-0.8758409890270429,143.14335047882702,0.4500691994626115,0
2.2515802556937294,8.64112156117077,4.1642452079572125,7.842438763567068,4.941381287256808,6.816675381360278,0.5987662840812054,0.801453565613539,-0.47889920195901814,130.99835640464107,0.29359969833064425,0
1.4806768029295188,7.553726674154998,3.0720500465858294,1.8356846159481315,3.0871150968332053,31.01464029854631,0.3461061310535813,0.12879866681375363,-0.8614031871735903,115.21231177449722,0.06269451885271421,0
1.5128092072625448,11.113740205364536,4.566228097441581,7.847945811862392,5.972032145136657,65.50585576041891,4.365650035480398,0.5481694546493412,0.4058116988396576,149.27433918868297,0.9035978916211796,0
2.254434364488399,7.764931893843228,1.1598422607889292,6.6717200419777996,2.7326626179755484,64.80701977873869,5.988323459679054,0.8752928171349397,0.7599121727541482,297.7862060063279,0.178300565373542,0
3.2718489348265023,7.34505998970387,0.6056928692445074,6.863762264521106,2.85797549755753,42.10138616124364,2.923466525030204,0.1778457466192578,-0.8659743769436418,357.68527847952845,0.7784287599658315,0
3.6938939405433655,6.450977657848149,0.030437654877950027,4.867378631559873,3.1556873272633874,40.44334511656515,2.742254760640589,0.5659650428447527,-0.7285533353862015,191.3254524573207,0.37927307020207746,0
1.2523829867781484,7.644577767365881,2.539310188079969,6.7033151735405605,5.9013297204263155,48.46305818257831,6.847671531150069,0.24345229506518473,0.4565750804310529,296.9361362785386,0.31379781346133195,0
2.1793117226782033,7.2167904921184824,4.991534651909941,0.8899907609386284,5.953154357415624,21.4547532922682,6.096701989624584,0.9053341750548417,1.3975397966029286,203.56369675423258,0.9439774421801002,0
1.30073669116863,9.741127715086987,3.474826344093195,8.530356058788735,5.17957499882599,44.45327186682166,1.8380393749324746,0.8491109743302672,0.884027536747158,363.42948815329817,0.6743395124036103,0
1.0497774418977937,7.0270789326950895,1.5419729598257303,0.6499176115276954,4.516230394238535,5.828477004248629,8.868109439998557,0.9405255189641389,-0.6858693396883917,494.81879914411303,0.702576528825402,0
2.98515604793187,9.04039822495793,4.3842929151308585,1.5725409477278252,4.080250300738454,40.66696660873503,6.863765487578485,0.8874841073770842,1.6626268215244844,360.0576357722976,0.7716702725311524,0
2.8073483258997634,5.461245155223809,3.9086113299397987,5.810218114122639,5.882483382747383,30.20382846879444,3.753247241856282,0.7628979788793916,1.7523507043692401,76.563759576944,0.37388666922153097,0
1.4890573414446586,6.339024096875601,0.07707583038269628,7.4201734090212454,4.7824912114329905,55.61522044277447,6.899521961913271,0.26640027602965255,-0.025129516451617318,264.7557310252952,0.5854812566609845,0
1.7014384992791922,7.851836901279441,4.084302402705112,0.8548904870279093,5.77892051330412,52.87651881144706,1.3040002503245962,0.37225235410201063,0.8480533756440867,396.67437168553886,0.30671217684454133,0
1.0711232609335553,11.558644777360868,1.50263378619248,9.215571659810966,3.2662031979104955,33.562691013710676,4.7889100208257505,0.5471696424772067,0.47698145055413566,294.00872281411205,0.8428144397030256,0
3.504841617083211,7.640763900009867,0.7483673229180055,9.738715723126916,3.3350991690782625,5.545473610894367,1.8560472136836812,0.6300071033632513,1.8260713058894664,477.9783633753041,0.6193420103337269,0
3.924071788145654,9.648518848398838,1.1316541986853728,6.098906712776339,5.418898376473742,23.920522204622035,0.606026212058679,0.8039650557818889,0.5262455988462074,74.64725564189504,0.28123648473906177,0
1.4063786103840723,6.785610556949787,2.342899021875695,4.864310208230681,2.5994196823411775,52.50108876418717,3.515597448825338,0.30426366536835486,1.8798974411361926,181.01999448305511,0.9047704860056892,0
1.6944256412958945,5.889235031812622,2.124339635340055,7.439810225569522,5.783711445184303,10.42800072631284,1.677207738111676,0.21544965473226696,-0.4019723484093817,149.32314843790488,0.6017980004596591,0
3.605228571840802,5.409756200560351,1.4444364968711336,3.350737788039334,4.02989741865363,13.073181637509789,6.408475978147483,0.5343491535342725,0.03661027308703968,395.42999079361493,0.5202789780945424,0
3.7793913938685546,7.13789448979926,0.8610916110351635,4.983317897640553,5.705655514334791,53.52762684253154,6.805865361373561,0.24205726978562853,1.344035720288412,285.70688081780304,0.08276320711036879,0
2.258882148420431,6.103627187578356,3.8111539482108463,9.169895165462572,3.3471711549032523,61.68255507119692,1.6571846010207127,0.724363122096615,1.3508322067801033,112.2548951088526,0.9143119049025819,0
1.1518674168072223,6.218073136112869,4.950548918674586,9.560988709891182,4.863835616557588,29.116228100953407,0.4412074549135775,0.6180678010825456,1.1965498218701152,178.5169685576426,0.9546602202298092,0
1.1181755010784582,10.325315158708651,3.8889579020984524,9.277984248906732,3.9315004878907587,41.72547991374214,7.969543504024573,0.7669970173169962,1.5788343939959124,285.1966953483687,0.5844686964459137,0
2.721849598207031,5.110866496614119,1.4796848383577061,2.698235862942018,4.507214520981892,75.9283523737744,0.22015880313991043,0.15709290368959758,1.1076385188314366,498.25804156414216,0.47038768593382946,1
2.178685326679537,8.904670880148041,1.2240448070606669,2.401443498145958,4.017489972556609,75.91576716319771,3.57034827400113,0.9682278043997835,0.9082554334167017,213.9315608369173,0.3915868127044558,1
1.0859572827329635,7.656229664154253,1.0883293803296912,3.0468786087002115,5.868462469485445,28.062708084757258,5.046916320847565,0.1000049830081642,0.3767750392325362,120.5717438028629,0.30464558340923387,0
2.7497571769376705,8.545849999359831,0.6834753724451814,4.468980012645756,4.7684215912556684,65.74909062628177,8.222693447676642,0.39289817351218126,0.4012632299879808,273.6799366062461,0.595802870913996,0
1.0339076097670674,8.93981166050222,2.756652748461506,3.2102573866404396,3.0052758745052617,49.54580396051441,8.417874698912179,0.7116713140296158,0.218484479612725,189.58386975487957,0.1716903003638371,0
3.362115874447819,7.193573861200948,3.0270018597667208,3.8047066778166743,5.638707687620338,78.1613370012785,7.304406517982464,0.140627866475907,0.860635399111461,304.68507072284666,0.9232149278328832,1
1.9192984681101146,7.065762021289997,3.5275133033156862,6.244305825995519,3.1761189526204174,40.82101772833224,2.622536700890999,0.17501462322184624,0.21999178769898053,260.0196362533517,0.21716080115492975,0
1.1207740090276963,10.13381294534434,3.40106685466834,7.649004203230361,3.486420397203425,63.10301510116712,7.257831956327874,0.1690132935053983,-0.5575170577402091,360.2704647706353,0.7582375992263415,0
2.76505666294946,11.0989389168481,1.4616665564169122,7.3820261628523784,2.4084947920808535,62.61028472111533,2.6160841391940286,0.6233587540488814,-0.6804111513740597,461.4308189903823,0.3415433837502189,0
2.193053243299164,6.348071427209695,1.6515550269842327,8.162793314083604,5.599866079184763,42.30746507248071,2.3031602789706764,0.9063327835346843,1.7734168257313336,140.23145784593794,0.2647675237947444,0
3.9214012400714484,5.683331323746042,3.4075726772116894,0.4186255918324815,3.144448092911452,64.67225857229809,5.561853951459218,0.5998932799410358,-0.9257832773863507,419.53103166577915,0.5799757203870408,0
2.6325959875111065,11.284570644744182,1.7472382039181418,0.5725645178196852,3.0356704717255294,24.578024998024738,6.852773549573814,0.6432142170517045,-0.6835982145830426,477.1695719968409,0.7768687321015298,0
1.8257175431110249,7.4492682455317905,1.063115948096565,7.91489131081743,5.681050391979816,14.168977721767165,0.7199073059344698,0.4114014860871905,0.33591462393675986,218.12435668308296,0.7403998354932989,0
3.1283165939019244,8.8592217346397,1.8716807684836978,5.377480341013856,5.222107449620133,36.88728084914872,0.7882214910211629,0.11686704278997906,-0.21122119928686056,101.14821526851446,0.2720685333523471,0
1.814476007628134,7.516802011640024,1.3604207878898884,5.823592670244991,2.5643156860774976,75.77229924751886,7.884872730804541,0.11945324597609475,0.21754670120643782,419.8600268523013,0.36397723275612087,0
3.7127298742226955,5.880616354422359,0.441563606092889,0.6206099161223332,5.077298015614723,42.555845615189654,8.623073059461701,0.8994789698328202,-0.64765785521835,365.49311424720753,0.8753905738503573,0
2.1241659115221294,9.125321514634097,4.150694511383268,2.627606631595582,5.652132392215163,52.64443539851952,6.123520980150562,0.19231519484768206,-0.6072791894578781,145.72049217532327,0.7370815572905877,0
2.6496056883286156,8.675985962387408,4.265556945785182,6.419707618366229,2.3140448728429757,51.81218419309065,4.402514495127483,0.9998104346313358,1.401973726175346,250.35061693214755,0.727059210084934,0
1.1517193114726867,6.420954914338381,1.0987515008343973,8.605900712095695,5.300859979618292,14.942965045214782,8.484101500072022,0.24798035036015031,1.2773262323009114,310.09649292044946,0.3054598225152964,0
2.2783637138566926,8.163083312565945,0.32386099762600873,9.178135632095884,4.1896802074922235,34.27226617829077,7.342406921198236,0.7071709995596706,-0.687241402826157,126.4343389931409,0.8024040922907137,0
3.497090618982985,10.578632528109521,3.6941371867558974,5.054153008767309,4.676789797515203,58.02042296914061,5.880023144626433,0.9540599249628151,1.00337124469706,371.7107719833019,0.39049690566081585,0
3.416946416090026,9.13298272175524,1.0576431293170685,5.500194904108156,3.9714173556197476,77.89925739355446,3.3336197950978814,0.4260603498778236,0.8279339700664501,360.44723362746043,0.43132099415134434,1
1.6729556765605786,5.678421289468964,1.967177447184301,8.34719134758301,4.791212339621115,17.601330372276962,2.140351604236799,0.7609898698731904,1.1400881680406894,449.2069756302329,0.32318303455068975,0
1.678237213031688,8.836150480603946,0.3206762611869163,5.42248354739881,2.136391446667013,35.78314177543372,4.302995784860854,0.4157709790981017,0.4233467136874225,305.27283399268777,0.16532073468727987,0
3.4519159366397103,9.919168095027107,1.131347923792176,5.2168994028194415,5.050826892893134,12.132034985204701,3.0108612444100737,0.3744469510853008,-0.1900395173996775,308.4408638130366,0.44937388484600815,0
3.7911952605079766,10.54892384046526,3.9645113916481787,9.060331973833442,2.1333747914358336,23.178234473694204,3.5247341597977178,0.28162367431789503,0.9910375080695837,328.7243101861857,0.06609252682625016,0
1.2860827638190107,9.403823050439868,4.02198223457601,7.920333938453212,3.821199390989374,33.25695074946127,5.253184342057919,0.838841416208978,0.11407227956846588,173.20246762185795,0.48311472745589673,0
2.350175918278676,6.068607151785486,1.035424124438552,9.099818010976817,2.6038599725211795,45.54824359642628,1.857120778125776,0.3316483572482331,-0.3431412969635186,391.3726330751013,0.7387561161979953,0
2.012362836892687,9.971212866131125,1.6795692255334478,2.260645842333423,5.294297109405228,22.292516167931073,8.10053146472349,0.3548423466152718,0.22588704115784952,348.124667568184,0.9627077811262513,0
3.612065366372318,9.741392922570615,0.6711920954687178,5.291317317888032,3.2546436367026743,22.06719958840143,1.6261887248047209,0.9990727679788997,1.2898095068028619,427.6155314574099,0.12468248733773174,0
1.2505747440400563,5.170988180584432,0.3708631514246119,8.440474073074244,3.81637417841733,63.337248435515285,4.913737666325334,0.39457939190078783,0.42737958960860567,395.8637022376718,0.3172261689667203,0
1.6333778276741122,7.882233673131703,4.9608585722420475,1.2003634919243786,3.7150029651932464,77.1981247210161,7.51051911318828,0.4804970399488441,-0.10040720969973371,337.3575037268281,0.5194244990311152,0
3.257405012759483,7.330651728736613,3.277969756224196,7.967155327510222,5.090007862738826,29.270972581359214,4.953202935358044,0.9910499119973514,1.4956058444714846,122.40146790931954,0.21186855126682047,0
1.1538815469436468,9.685884449775504,2.710482545991594,1.9114364958072079,3.924577439183902,56.59940139767601,3.73801622316866,0.43237031087568367,1.6449312655428043,463.6162954439735,0.16098709597248945,0
2.477606142142868,6.5129506861764455,3.8274925020264976,8.10037567435468,5.155833340041385,24.356034601844055,4.85393479706296,0.4295368065122802,0.29975127131802415,215.24548162241678,0.47970220017802295,0
2.32632110403916,9.13610346081981,4.200385798438621,6.158809281812994,2.294033107210701,74.5964191224224,8.516972848966576,0.8449430195924742,0.12406406218068389,483.934355832543,0.6016940024475964,0
2.0032035369662458,11.392441732699206,4.033573840223638,2.0130363157001847,2.7663758716119804,55.46767701240487,9.906230643182784,0.38073733163892287,0.838096841056895,230.84186090024622,0.8291973402190441,0
2.183716945956771,10.584616605460255,0.08269724644938303,4.78620637539473,4.206136998585443,65.20076409781774,6.385204235036468,0.3104074932781664,-0.8260766618262609,115.67223170742687,0.9979132507044698,0
2.5898217607906986,11.450204153515713,0.9340394909524924,6.850861147961639,5.7883532990107796,8.701553239937361,7.975751617957267,0.48088922965779013,1.0739694817027914,448.17788637485063,0.7855572409878255,0
1.4841020751651492,11.84954176852883,3.2745265105891552,6.375143718747069,2.2990313868871213,49.887947618046844,0.34198912436102896,0.7305767205185735,1.3468628161317406,407.7764330579173,0.26027342936800424,0
2.7159876348507783,5.074690889043139,1.8787967390198146,4.329747242693873,2.1723368646274572,44.57092485187867,8.827571213340812,0.13891872248133882,0.19232578177151494,403.8332252509128,0.7605791653231851,0
3.416296987899959,9.359188934642344,4.912413255305535,9.003728636317177,2.6262026997114227,26.9747680183649,9.549687647293599,0.43652442449671014,-0.4761524499778107,90.23483782900317,0.5602959431031282,0
3.280482789370477,7.889875784312345,3.3270239631912704,5.240707803429658,4.564612515440626,24.682248879298854,5.8366595492241915,0.4116204117512563,-0.9135448745774095,445.6759248733852,0.47826909691826697,0
1.461699714081321,11.018981432345852,4.782744543646032,5.1080862554340145,3.5959716666809887,48.50186017377273,7.587287648190155,0.3203365125358293,0.9117367984612996,318.3802867232875,0.9389420692119061,0
1.4477484092244217,6.762702914063922,1.007232408228969,0.7162808404203973,5.302209517670745,57.986422625541884,5.224898481008735,0.6888586023139105,-0.19301978009527065,261.66008132282917,0.7169879575736784,0
1.80452310323474,11.867206423805534,4.3197851405751155,9.228991858996608,2.2877326059254632,7.487956777639172,3.0047966564647797,0.36099107237230965,0.39166876136385276,460.92722963591234,0.69760841986676,0
2.0832241790231114,9.295955786806232,1.6067615290761266,1.8534540299158928,2.7856563472588043,47.555118644277826,8.552030125433525,0.6460584031072027,0.15906656497259242,349.71860861687315,0.0611681664912202,0
2.2253667442254477,10.554761815601816,4.947824041189034,5.330612465021886,3.2001056218595827,17.784464670997146,6.04899977756023,0.5539031573091643,-0.47534561215761206,109.86387073384367,0.8718179168107939,0
3.039091650500036,5.599196869759378,0.7884433603657365,8.05531925386307,4.506920346755141,15.527204853957542,5.87795422115579,0.29547088374330877,0.5251060053821122,283.79172922551663,0.8036354535397955,0
1.1700412964975062,6.284205193312055,2.5816990941916327,2.232987441860869,4.740690761206189,51.73396160710134,6.659495597643823,0.33990945133796346,0.37878056822221384,336.4774649814033,0.3339947840339204,0
1.1040181126781992,10.308825711239422,3.9642226691856095,5.320995570711327,2.4968131758550953,28.315258791310477,8.588831025122714,0.25354004797590757,0.8724428686094967,454.3478139792354,0.32750774188127824,0
2.175731688831727,5.153905654275265,2.1632124030201796,2.4827806013110747,5.7752188359669585,38.0660174851148,7.372680032555452,0.15096629336586206,-0.24434501641063977,175.95234575370506,0.10080453704930505,0
3.0914910764139414,10.71814590125648,2.3404203009382334,7.620980478219127,3.3641765407608366,31.99991070798297,2.2690171033143036,0.6572696167944204,-0.3560827604397826,407.40524854133685,0.0983136025422433,0
1.5803060288694477,5.09764313084338,4.9317789775287055,5.686977561944191,4.852675052001132,53.62522401143928,4.774870735191732,0.7055098245229009,1.4430351792694163,409.9158067256358,0.6851647877885972,0
2.924513443768755,9.599831873428913,2.1265407515057664,8.574161017911921,4.096830875790795,40.258982454985166,9.806923653464821,0.24939999424780293,1.1065767348921245,107.62226817065633,0.22692573226239043,0
1.7794844138208985,7.555657441622641,3.020360502995318,8.95612422848609,2.8910324541884265,77.25939965284606,5.634694994875192,0.6538531462174659,1.3166193550746899,57.75493224014282,0.927370457346623,1
3.6582583264405493,9.280463969034393,0.2726983033757535,6.522461476209441,5.384913292461644,31.4287069329849,9.394804464013827,0.9838762660518202,-0.6301305647349158,311.6343631543054,0.8502842066237049,0
3.6870698327998497,9.872219848923795,4.2110504010513,7.28137333697355,5.27295211276772,60.52132551971264,8.171020965867948,0.16696188544403992,-0.32788107001894706,405.26549883094356,0.3814409020305745,0
1.8918616128439796,7.3973265343041295,3.2408402448977176,5.537278988879951,3.5842874156667603,24.29694256872834,6.727029729725837,0.5413337852489774,0.7265945486109195,299.49387094728377,0.4110651242218137,0
1.6899812618897214,5.755737136775849,2.0201005143140676,3.905844457367091,4.354430342775421,43.156481946961016,3.623778986065602,0.7597343922794684,1.5716040406187242,416.0063683399439,0.36091273281204156,0
2.233911916198694,5.4875210742378595,0.08084769977259876,6.516367437906262,3.031302783743759,46.44273139264678,3.1823296057493025,0.1414082780467542,1.6763439295054106,330.03641321038134,0.13777516753217134,0
1.7215947555404463,9.122552157937836,2.9583441029675193,9.092057372524556,4.759406514985206,29.683196079704913,6.505526439916363,0.8004461445978541,1.495729886764782,343.9815627525351,0.07985864976770705,0
3.017151529875111,8.644587476138781,0.06328914242081096,4.225135766271236,3.2361072504817257,40.383539668447185,4.439100160294826,0.9815601133835973,-0.8698061617467179,62.66949159313651,0.4795265004229024,0
3.478194053644857,10.195407063847927,0.006018069545089544,3.212659261100574,5.37631493752894,25.945897842386913,8.027785503603926,0.17963907717947786,1.4626375539671788,89.86919131374174,0.9458881087669196,0
3.019276392733651,8.56814857002756,3.0804928107467733,3.945525691670484,2.8695404171090972,5.45005862554865,7.65247604749392,0.8400069149193328,1.697273532563245,376.2633279721436,0.9213868547781785,0
3.4730513417480484,7.957120530216153,0.9450853366727713,4.410436539094836,2.0592136912738566,21.173622622840906,3.2588787700374406,0.4407233900608848,-0.8297527295420438,393.2794770693301,0.8193468040652963,0
2.1909764866224224,7.786610247653616,0.9594377485904765,0.8282541868793906,3.0740321678716738,57.50481293699005,7.086742074005269,0.22970458219061063,0.24884268133096432,293.98009012894664,0.6471651810708545,0
1.4689509121265827,5.185128318183672,3.2663578291637183,5.034574220306444,2.7642099458379468,62.822226836403274,5.046591862952404,0.543873888276713,0.609830969890105,315.57430735296555,0.8634112863568765,0
3.2138528421927766,7.3489004118766,0.2684859396968714,4.993711055695591,4.033145758899697,26.015215035418997,3.3682625879771715,0.16436686220309416,-0.30174888134950106,326.4646279302849,0.5393150918449859,0
2.0814235154246616,11.83214110267146,1.5670278073727817,5.925593893641179,2.814813166626305,35.6032249113554,4.247072609093473,0.5698912673504658,0.5500569681113316,97.24609348427722,0.22115212636960013,0
3.0138124756873976,11.114889033589622,0.7471595107100953,3.691918301666182,5.052759482877979,7.802424510395832,8.974448298680166,0.11742110920364465,1.6578673638831938,350.55887191291856,0.6999618303997702,0
1.811931825945297,7.305646469239524,2.900881848982669,6.169765199960338,2.9654825520160157,22.779717582326043,3.723273382800897,0.7557502975054572,1.6008275190372938,265.3114895429227,0.9246137334195705,0
1.2436889044200181,9.114567835464605,3.308825773636979,8.79434147171461,4.827872719650623,63.44144625292244,3.016512878530689,0.5391727172304298,1.8195118437724425,321.1353395092756,0.06862484253545945,0
3.9777453864632903,10.931077218748458,3.6056792679952174,9.559162805902126,4.313883692054896,50.4489702698793,3.647710762959351,0.5130456948416625,0.452329395183626,303.4138229647351,0.2888718495975342,0
1.468604523791798,8.08892035725048,1.2761560845928273,5.877760939796391,5.944999425887538,20.432789146577854,2.303260674845179,0.2765723443678753,0.23170083588176027,393.3501118043175,0.3021662817077078,0
3.9652629818904432,5.125705046251056,0.44624875818292,0.5216504443060996,5.999603908036926,24.30814963418241,5.537422876484022,0.4251368402152892,0.9973634570970602,193.3557186721916,0.14408756168544787,0
3.9318397976993418,5.52157323273048,0.39341828470948914,9.695436372944378,5.47810433326932,66.26015172421701,1.6448770759608158,0.26368248917949966,0.2502817328031024,218.0868102803534,0.2642195103286219,1
3.381454311724119,8.572749049440947,2.130757742253619,7.088034402872937,5.039933477195005,20.68131522086756,8.210949107081781,0.7618510904821654,-0.8741662119974267,226.22283793606084,0.41478297401584785,0
2.978268886245993,11.786075629731148,4.729222045313575,3.426040120681156,3.545825656002295,30.06182943853484,2.410686423007136,0.2791227694897246,1.159764356511365,393.1052446283056,0.9428436536059078,0
2.733421150753254,9.852466795532074,1.088645171235123,1.5568612395408616,5.013106908525215,54.826901874098326,6.060939269888528,0.6550779943465436,-0.15704817615152866,244.00067981136584,0.8672524806704566,0
3.598304636133504,5.496413340069987,1.2837080067077467,1.519844261139122,5.826702148317963,47.083428928105896,1.425249889414957,0.351646750960977,-0.8527440631984285,129.6836472650246,0.948705913049486,0
1.868318564858464,6.3255261305430395,0.5044440105292947,1.7606696207820671,2.0935103015817766,39.56526539253607,9.788840852500398,0.6912839763309945,-0.9381367704192876,492.36843668766295,0.16454318788622224,0
2.403043637454631,10.39926200251795,3.0278513694696514,0.551167963976821,4.151658800790955,72.48058182348082,4.6548394971577425,0.5864094630292082,1.7940838057319546,272.0218387840465,0.07664603853829384,0
2.858169908099506,10.890078319693714,3.399364369735874,9.031326467663824,2.8719932175537384,21.478284703628876,8.257279139436381,0.48109476848744803,-0.2437719740674933,99.16163742022837,0.15438900619054977,0
2.2335714276084735,9.323862103320135,3.2146560408038,5.453605504990629,4.231505263475402,60.60649181472499,7.7327487893698414,0.7057007500694243,0.3436975775691906,351.62373019671605,0.9185808531099957,0
2.282459362270804,9.510962187408715,4.305651215223906,7.0295981858669885,3.8657883590355646,16.92978804636375,7.194191862027653,0.47414986444740626,1.8517293586965664,382.62306088781764,0.1996142066087731,0
1.990854002506253,5.198362152683693,2.432129175130359,8.298274241756245,4.3030743262091375,51.18003751116089,8.308175737805175,0.8392335423175296,0.40255093634217554,275.1002775090029,0.5940048712438987,0
2.692695450053608,10.799711817070559,0.6722852038353222,7.936255962698683,4.203848885674897,70.2967672558485,1.1845433648651171,0.7566386124117394,-0.764172029421066,340.90574822479465,0.2662032513677239,1
3.551723584045348,10.517926457195808,1.4470256535220631,8.837795674915531,5.840428156674248,39.34263391086034,6.8492725352252295,0.5865750950617731,0.6558081417399777,127.70368901722848,0.06960365367095951,0
1.6045851340189385,6.81324600872343,3.312149867106759,9.675820762997024,4.208744435738945,59.32208803934967,2.8051069056830555,0.8893546143273973,-0.7354040396378044,215.56507337617052,0.13039027503544878,0
3.803299116260324,9.960737039758548,3.0656098687077993,4.446799085945202,5.384928352499469,66.52950147492412,7.901542307852581,0.84597563932125,-0.7147363648793909,122.82287151722728,0.7243071718180925,0
3.067262961244689,6.503982244974987,2.655015648714812,9.508321120017067,3.279281147203386,15.201981865820207,9.577313846509309,0.5786554551584493,1.5544312214073792,224.25586536416378,0.22324812941267214,0
3.4698196380400903,5.282311127360591,3.414822093443436,7.260570488593881,3.7524027551641956,57.937017146158254,9.03459739245842,0.16160292433071777,-0.13173536990623158,303.2602349841136,0.26768224516180544,0
2.668572077890035,6.407955798132641,3.1869542518664966,0.7996150840499768,3.8816539041792395,73.98807679915072,1.3265317802419279,0.6093967169793196,1.0360106003373089,249.142733231861,0.40839367578250146,1
3.3385501042721906,6.250402137280096,4.406624447324758,6.849652900002219,3.114912173341519,48.22779573916581,3.8216137225936464,0.41973129060425696,0.5267730059859854,316.94667833108326,0.6743794821293647,0
1.0486011920184017,7.364235977143931,2.930081887391483,6.898494930088002,3.519161045911821,18.959168339656703,3.770363020536478,0.5861016485233608,-0.3330199263867575,275.79162801584835,0.4959037733116829,0
3.4551412743386054,7.929146480228207,3.8930067935027823,9.068019581546018,4.394052317867101,14.520689869170724,1.3985034103234,0.682417414447834,0.553460895959623,193.01646803079035,0.9473797051940812,0
1.1204165772560994,8.559772240483955,1.2435357798323392,3.7920281114539116,4.32075105321813,24.48014978500609,1.1616353227989091,0.6803547173655757,-0.7930193923007417,114.53719915445546,0.46247308120268016,0
3.6697401290885874,8.337277128558297,3.39091292294534,5.890623852690997,4.545741378293922,12.763495176251192,3.9719233226979807,0.7061716391662013,0.04163704876912799,163.70278763957475,0.23917437418759813,0
3.97588824171593,6.894722241757026,4.510970591913378,0.2206567550162509,3.4072716616805643,43.50455536887856,9.922301194865812,0.7113417625405134,0.568508675061475,140.32096335256995,0.5593356974385577,0
1.8822023865303334,5.204194680018521,1.9286616394991662,3.3875448975952267,3.2633259806122283,10.227851203005093,5.775637980449497,0.19835327684215376,-0.31481698574304395,368.34003216081976,0.47834513434012366,0
1.630955668857381,9.235711355660055,3.895520936693233,0.7162128889719312,4.446471531016652,21.755346847716986,6.293459960321711,0.2725410974115643,0.9805643905440813,418.9850799855714,0.7977814216082784,0
3.296090091574122,7.77021380893148,3.6239465059771767,5.26654243037248,2.5314469937101,37.99328329341608,4.815985318183087,0.6674869040881158,-0.8445642349110797,374.17487238474155,0.9383651690125082,0
1.7590790227607598,7.090705101712848,0.2976309843591124,8.192731740018838,3.01212617412856,40.54360628015161,6.690839412579424,0.467355149857933,0.45442969361188057,339.68036614782125,0.844480466634682,0
3.5966871495166104,11.068587299813586,2.9075415481203617,2.1437826520777827,2.168510947811981,47.40488638602233,9.575288391298741,0.7865664807751872,1.14498734386815,188.53310921619632,0.41958773867964505,0
1.3085277764724301,10.22720315458712,0.6509467460040119,5.321666351022007,2.2904434103843205,57.92112220630449,5.96923994542104,0.21241835403654896,0.28983817687031843,369.9435015979301,0.2553103161767917,0
1.3778655891380747,11.004358838607097,4.836595861152956,2.119685501456594,2.9735331170424355,8.542147974910065,0.837376905267694,0.27237069497848543,1.6237592459568138,322.2875569951159,0.918764490163231,0
3.9374546653018467,8.464879562987226,4.057037513503281,1.2948158316777805,2.078117121187676,11.046571413183743,5.030327577848347,0.6026181781928257,0.8965783437219967,71.10201500943155,0.4166426688653096,0
3.021516694810014,5.916518764887442,0.5486190062356006,5.15886824014999,2.981642368349846,9.564436385358555,9.928962477869122,0.5506732173411089,1.8754787481762132,458.425453277037,0.7816962922762747,0
3.5406616732868583,9.873550052848907,0.6087599882383921,0.8835713474023036,4.619905292248104,36.736273659868274,3.9965466618237806,0.33975743857902097,-0.14763456167506384,85.97922849573767,0.9900509741522461,0
1.972988132054554,6.442516459560227,2.9723692745630945,5.914810848266095,2.244428313875732,8.138595866220072,6.020036124701828,0.46750891915464265,1.8163679925642415,276.21855687147746,0.5985705474395123,0
3.0294512485618132,8.088607683642017,1.7244458708659165,0.4102408606995901,3.746946711178564,60.95609501234947,1.2450402816024067,0.13148315025098778,0.8204677696570901,280.8811187235791,0.5058864449504412,0
2.782725481925792,5.455005522642219,0.1745292953655464,1.1564782214969178,5.652435147678197,21.72501357788584,1.5835688876183558,0.13333429719493672,1.235536697640196,426.65323494127176,0.7148772433571546,0
2.809450360368841,10.777158816960878,2.7082075391652656,5.544975106324842,5.1651393157016035,75.4409369967469,8.771878240908832,0.1854343025423845,1.7064833511303408,460.88037546906486,0.2342344317511088,1
3.0475973786131645,5.881584487332504,1.9392254984292345,5.954933387699247,3.221750009179429,41.48028163228336,3.1433773568657926,0.6191132078805044,0.6535915639754628,472.8541061794068,0.5138277518587177,0
2.726077519387296,11.321682549345168,0.5053824618587133,0.38697060792820503,5.699221916766588,38.47443143316512,3.1934224788750116,0.8773447731518382,1.586542375848996,306.3524600655402,0.34671421925480944,0
2.287187107907998,11.0496142158309,4.009601961279913,5.776430201215429,3.3185859869908994,63.54040194796252,3.9946873608228164,0.33420096033361757,0.625090818764166,355.56900359522155,0.20601647714189592,0
1.8277680831416405,8.252079351074723,4.57538382639403,8.401175000704006,2.29006198535025,58.486548791974336,9.671490994464321,0.13054584675107822,0.7975967828517132,89.83393808565337,0.6296297215794052,0
3.305743992739606,10.210577430127934,3.78296967007065,7.250930155210144,5.976223827072454,50.54817807111071,1.027026861161389,0.7377643918470812,0.3352957186921566,269.56220487981,0.5969207811852394,0
1.6788172900095586,9.336115516727073,4.112111550081386,1.3987325288159065,5.480090108756687,75.13600296877775,8.223888205003082,0.8698170151045599,-0.5630843444796914,454.03551690902805,0.7731434197554128,1
3.0770629184632425,10.621529496364214,1.082452836330587,5.965499010879787,3.8637311332043693,36.66944457403078,3.547267189366668,0.22435550673679155,0.6605097000466,255.06371796712747,0.8793216180292932,0
1.6999984679479798,8.022635705501385,1.3178647545930051,6.755299750734713,4.665506096769615,65.63987568292148,8.524786654657653,0.4471729263463602,1.9323446907985433,81.31727094504379,0.2593571867198448,1
2.8759905098633616,10.50065938971045,1.0426377014959387,0.4685888973476886,4.684912311426681,33.50697093093639,9.919205365144515,0.2428631565311843,1.361557987196853,140.2885140874041,0.7907175194511101,0
3.241234801387087,8.237197719456036,3.82531715682782,8.567941919967865,2.7779289229218413,67.87592557220786,3.6169406200751295,0.19572168754842867,1.2424954542603093,243.27811509597257,0.3990159027152826,0
1.6561416667196176,11.586760514899556,4.739585394672485,9.072047233169318,2.800194532614529,24.460597172447645,1.4676923888810816,0.6833516846269371,0.9299264081888885,156.88773720907358,0.6473653217037536,0
1.1798299025839247,8.404604705776034,3.5841860336695133,8.51947750628636,3.878322813407303,26.695030462702437,1.614879880232697,0.9707828285603182,0.04372602046173357,226.53166340377427,0.8577280262160206,0
1.3929212289825221,8.238334903536106,4.40733382439778,8.263851533092222,5.646292560550792,55.84021505130905,7.635660731302023,0.710349063058686,-0.4911544165648646,199.83284390122657,0.29337585952152795,0
2.8179909018130767,10.49550303094459,3.1934954744158626,7.475155464762843,2.039975099434283,20.95349712138473,1.620231212913738,0.9863331965268564,-0.3263451950719305,193.51807376717844,0.6209132197675453,0
3.5483392186772065,10.751043842325865,1.9382995027939953,6.370977109691405,5.130022543797438,22.18656402690716,2.752131371639439,0.4909557484632623,-0.9810337313720496,91.02407439057592,0.506302933340172,0
1.134990463706273,8.881423800248196,2.128808074651526,6.818407349383694,2.2301071348586166,27.894682176306105,2.203103767888382,0.9080828099446241,1.0204412626950639,447.2216109889639,0.801048428778183,0
3.202453777124939,6.258584694465528,0.37660716083702417,8.083313404016332,3.9128884595324713,55.919657724528186,3.685649927503629,0.28457580219967415,1.435632675669301,361.7178140594359,0.71237923399405,0
2.0239559378501566,8.274307616703057,0.1572859762301304,6.658734737776916,4.551491332293906,71.70410693174239,0.9287924364669373,0.2061139303097138,-0.19326594640582073,330.5218588111061,0.7811502441080796,1
2.4355851097585677,11.776507520367748,3.477378020945387,3.344496871152503,4.74703706832986,55.592573834524,8.59607632759113,0.7322680458211926,-0.7244488010671843,322.9112336429331,0.32354597312304767,0
3.786578649536697,10.270903351274296,2.192144460055903,3.822014911397404,2.2339170544636455,67.08606832580939,8.629433855649737,0.4342674977763722,0.007181203465753683,228.42600112159644,0.7191384793846411,0
1.9959145142075365,10.678138227153926,2.7610753402731474,8.980868936885692,3.674414469535873,45.76704422708523,4.246742405130361,0.3859188424723915,-0.12384631174906624,420.49188898317493,0.6255155805466377,0
2.3960108018184583,5.229778491734681,2.7883062381120816,0.26950864939190283,4.335349042009298,10.169241600885897,6.198458176430059,0.7041525201978922,0.3526290823331957,468.5179972675724,0.4838464332434688,0
1.0410472442820433,8.275016238439118,1.386879066666507,7.018323754318392,2.2641821492240277,12.53496586313755,6.491125394862186,0.40013563759253934,-0.2076938370369671,52.527762047948514,0.4094265058497428,0
1.244796160014515,9.526347935602887,2.3794625541474534,9.552297769009632,2.540378226381239,46.57939837751866,7.542729530390103,0.6153023550236693,0.019198116035087143,85.63931457710333,0.3650200292556593,0
1.775774773404352,10.810228785396523,2.3538011083385113,7.091658882583939,4.654595958016154,29.58507264815822,5.302762857931701,0.36950959563517394,1.722664338047728,353.73902781482565,0.05919064323768845,0
1.0835567224632232,5.3449155750794,1.942136106139285,9.939728683494643,4.086552786362606,21.5426055227707,5.201293245328523,0.8053818293901263,0.004506058668818591,156.23002522538246,0.21108062374144826,0
2.894125978144753,10.967072199493112,4.1033769170053525,6.906694564730475,2.647314645073162,39.96926954769656,6.386777017816467,0.3811495064457838,1.356554140189691,460.26724944644684,0.10602930161223617,0
2.2791950704048674,8.838806557193383,2.2558200184379795,0.44019398924692466,4.140957347658934,54.987255567822615,7.0898742775648005,0.5814947300465981,0.8775011006733782,350.3358793023147,0.8559396654981858,0
2.6444356081840663,6.38119779403242,3.0182226225299393,8.287397828304544,5.650769493777663,33.874396080189385,3.5975656948866677,0.12085847532731057,0.012613836894121544,215.7310648214209,0.867084426894328,0
1.5239415576889885,7.2207865151479,4.477600601904131,2.917836128199259,2.0623503391014557,65.19066928680061,3.4376306380343884,0.8125577050225534,1.4533648093410516,236.87708125074357,0.8538836698548042,0
1.8877960883098484,6.973506862260925,4.331168114294613,4.5159665340779656,4.570535093943418,60.389243492854526,2.8432403601399105,0.6583039973397784,0.7852282087887947,360.8971273609511,0.8270237761360935,0
2.9914734245581753,8.71601324001933,4.452111018895826,3.1897099674801126,2.2946017384213677,60.11861616196751,5.578696242064936,0.2730133602936061,-0.9741438172032989,113.4338461709645,0.260263930851578,0
3.8959081708911993,5.361799759377923,1.3500249823250698,2.758685651475827,2.0257977718588034,78.88922672580414,3.7295257576465697,0.29383603848192263,-0.7938153952828007,447.5353461109743,0.5171968657851402,1
1.1512503208066276,6.109753109499465,0.17491244154031416,4.370916466330875,2.602617954642535,27.14224830287261,5.495070023534793,0.3362436266543398,1.2579186783569565,52.14726429358,0.9124515833699771,0
3.6711529625657984,10.688851303630477,1.305333999476646,3.8496393395626707,3.691626527415677,53.354418975567135,4.1786507051038315,0.6188770941360057,0.33958336875558315,490.52612898673976,0.771792704344711,0
2.7306436039336255,5.928227935227677,1.3935367281035433,6.370051960241635,5.209375995927812,69.16087551202351,8.399994989016076,0.5934846997837206,0.2165233752306217,125.4404661633924,0.05172927165664286,1
2.6917587002668713,6.633773886206889,4.54680163362484,8.150196889776355,3.1271419864182346,48.46433254354332,0.9166763495055152,0.34647734767770044,-0.5625184474125761,383.9501113762471,0.48645524758360376,0
2.5008356056232808,8.1735942392291,3.2462136641898534,3.0411776665536836,4.502692849555034,64.21266320865445,5.807663817325812,0.7246560627793033,-0.5280442181161893,67.96611816942224,0.060136689296671895,0
1.2081822577125503,8.619846216793313,0.4085197980111438,2.2158394129379726,3.6446265518212266,36.08391393799342,5.841112755754538,0.9001370493403581,1.3932573502877017,244.1430045693917,0.3166279946316411,0
1.2696305552084821,10.34527335729911,0.6768929800555057,6.702263181616389,2.937327167864032,49.28685092411035,3.9604296432792587,0.13916392988818463,1.487051401884366,333.64115704136185,0.4639743191655407,0
2.802736016977258,8.131326986663314,0.778380627709877,6.736168651724738,4.0569884571314345,9.174979460324622,4.326004766718803,0.47547697404041334,0.6800076219161877,81.6023559168878,0.8982543280177651,0
2.022875714306675,10.529052347248772,3.152108740844616,9.0211992689331,5.1898579614904925,78.932570436861,8.041287336652701,0.6341681066903289,-0.11461657058293773,249.4820880049657,0.6716650699399602,0
3.751804199733042,9.328424149318202,3.6770701275350155,0.2578622958877774,5.329969480224577,65.0013861086313,2.9506023605512817,0.6277916831832995,1.7981024500034906,186.41138139960012,0.3943603372154122,1
2.219771612078417,5.791698175966757,4.29821955282698,8.545102554953449,5.386078127508947,70.16068037235871,8.739757155976395,0.1175818122905597,0.8718871729856801,274.2096253852368,0.5161221573302749,1
1.4298443761079231,6.0943200687498695,4.703182754031215,5.257921512188734,3.3542312502199176,57.072070860720956,8.984164380519994,0.28950945926374455,1.3899263583553645,277.0594411861166,0.8265200141671253,0
3.1441565005061083,8.059236078148395,1.0085227869322089,6.250890682803778,5.173824258863013,18.95375246065246,6.576069183141521,0.1556476491809094,-0.9901512391353537,403.3542226290389,0.3346728191580275,0
1.8800602643230295,7.778225751623277,1.5488624236202453,1.0045772615580064,2.8487138204356315,7.32713318135242,7.774005594339365,0.6120685652949407,0.3509588026260815,105.57703780020395,0.6342830366952331,0
2.5764109220676796,10.204809887461062,1.2016144037241534,4.382887835433252,4.953700404971533,69.84924558020101,6.206885777873987,0.6808508989025204,1.6128472589598672,87.2238204713599,0.29913453969345793,0
3.09349835651551,9.065159978581462,1.7938078373306887,2.3502938316613857,5.793537705090467,34.724799030209226,5.347539314716599,0.24376794708112984,0.014699849698163847,230.85060495745586,0.5059652653624794,0
3.700792333606211,7.716931567015745,4.573325537118747,2.61682779781684,2.0549753387638288,24.789865702993996,9.67344199165225,0.39971000740786533,1.179653530616843,449.38396371943963,0.07342557838396017,0
3.3765735844050284,6.1953219841527,2.8755628346968076,5.090541635292671,3.761455724715192,47.12547191292083,2.970018649429149,0.39682336903841897,0.9730244753859365,434.8712838524418,0.8596615535171073,0
3.029083203618172,6.587859716278466,3.6909594866224955,8.143313908990812,4.591083953656018,36.56738918567895,1.710679277102499,0.8378220984308051,-0.5433449009371017,301.9968091766341,0.09593138993657095,0
3.038899547185431,9.028507129283412,2.45059618063391,7.463431208434075,4.807103081950212,53.87494967656678,3.01735655879665,0.27519346407622003,1.3247114817632153,449.9482185369982,0.26314247484651015,0
3.8377739320962596,7.964071634298547,0.14428956668062265,5.9508995949509425,2.704351033076809,41.28449247908852,6.223330962118563,0.5934827091930927,-0.6624196290616033,412.40461889692034,0.36683628501086996,0
1.8874722924896081,8.604492562024705,0.32097742998907164,5.4402401082593235,5.888733100954371,57.2924855330203,2.014797693391208,0.8046419612507959,1.183742289715822,175.07275704187222,0.6439030609288225,0
1.0033362825885623,6.194742047115636,2.689615156339429,4.33032982802145,4.461061471883892,69.00674521318572,9.106377623617878,0.846620373607343,1.972905010337283,126.54782620062355,0.7340317922963029,1
1.815863678194596,9.64034376641196,3.5939451741001283,9.729828738257725,2.657362404913071,19.666775821684176,4.228039126520849,0.6999094848562597,1.8739442954352885,185.52042543951765,0.12642849017117114,0
1.6536741388802318,10.967771185991769,1.0766526376436576,5.645906286918909,2.082090046850061,29.70746604241151,8.529636207260067,0.36957497703569464,1.4007252291710142,152.20304529746647,0.09129221159055087,0
2.9855037553419947,6.805576547508304,3.60954786996152,2.614267343290999,5.133056795159104,37.76116899279792,2.642518136382404,0.8407419173459706,0.6035522726891065,330.2234566964137,0.8090403922978814,0
2.901134799296587,8.440599580822786,4.053328867417562,2.3778988411963917,2.3188189577818363,77.15438360207287,3.269049879810926,0.7679494243901139,1.0244737274622198,313.20460074859255,0.7265582072089201,1
2.7803841481141713,11.828691303146313,2.0594873918105563,6.152395004673903,2.564203684280946,32.400021016061395,0.7803892922904665,0.7340222204463424,1.184325171032278,319.2968225537518,0.8399728365419237,0
1.048730329628361,7.332692183855094,3.7320961642205246,5.275992520378194,4.299320107422762,33.58248871944721,2.726123383418625,0.16060185899650647,-0.9747954271652839,135.18659142115197,0.6927113519243405,0
3.186334163351942,9.165324414466328,2.0201497516422995,0.17620824925165657,4.414022013798479,54.01043922196709,5.005075425840354,0.1389383925863946,-0.6929013371411307,406.33822637439744,0.7634616568388202,0
1.9705912374564747,5.631369901401711,3.3917531472751,8.317647184738215,4.747548474369594,36.43997824174619,9.472141793687774,0.7258287679314216,0.7911773962365873,245.1317375941841,0.4100864638947875,0
2.9951679670198934,9.242105017356103,3.819985246597715,7.070811306901103,3.574056050654483,76.34178092297039,4.011249144136682,0.9503153211105376,-0.9803963795712727,262.6033641649398,0.6106751043752213,1
2.66973528550646,5.627422413132326,4.959633091540554,6.6521099678132245,5.095594675867291,72.08515703565828,6.46949001893679,0.7963515352567174,1.726716952320492,498.6328307950578,0.8151227257266355,1
2.0281927762837215,11.714648047266754,1.7269833103179804,0.7809285112068236,5.897434398463554,43.50565833317547,4.391559151194122,0.8483280098443198,0.46898813967523356,177.02230368323666,0.21351165768619124,0
1.4037288013123232,10.00963856450618,2.0552039028730573,3.6843529167076654,3.084379772319532,53.358142546088736,0.6585601375258241,0.5904840527648114,-0.22669877318463494,227.36210184846988,0.451681812784882,0
1.2832566929814428,10.517118516949946,0.8281002970508566,9.360284381254584,4.812114466151783,9.35229214127154,5.134619733787686,0.37412752967926655,0.18146350879279782,354.4084435568393,0.7534652800558682,0
3.4945549993366707,9.928730525401459,1.0203652920090345,8.6396334892795,5.713874609580627,57.17978960242986,0.8459537376984245,0.7099632070901958,1.5523292319200088,446.1858590856086,0.5560047431769262,1
3.755192626244674,9.128103252535261,3.4669750129918886,2.926875084908381,4.745147050468171,58.040065471177414,8.860259261055853,0.7407737879434233,1.781578621292347,107.05145300781402,0.697574580279863,0
2.9493641402928987,8.149389467598537,4.5852279507723805,1.6548829525814734,4.724437994577038,31.939947173240604,7.579762227118958,0.7078221745246062,-0.6512950585680398,380.77061289222377,0.3282257360820232,0
1.3103023445814501,11.008613658327437,1.9730247583062028,4.545970775968913,2.8950902763408264,21.47621627189545,3.910784418273189,0.9520381510473884,1.33388190186673,463.22623669799776,0.08072532875180041,0
2.2060816506647223,11.697849672801441,0.8992222341777062,3.6227207488098427,4.140520801278772,73.63088013627626,6.47414292867464,0.4304611299381008,0.7346813546495907,240.31607604209108,0.07768849076665735,1
3.1868176003154716,8.493253210328568,1.4254974969149703,6.854041129389311,4.250091374418321,37.00286756038458,1.2978759220706546,0.13569178506020516,0.75650827299346,179.02711532008288,0.9456421177038302,0
3.339462652030204,11.520745344086833,2.275258524040693,9.667704619834764,4.800518249823812,54.027957860128296,7.085038872233979,0.9175999174816685,1.338356365687479,354.98171604872175,0.9473130417952894,0
1.3546558668732658,9.083330369919622,1.453251646826842,3.6937143548273585,5.987285799584731,7.4996596232191965,8.262777608116401,0.24444920696867317,-0.33146593964212756,160.7331430572312,0.25071822295688845,0
1.0000921565361471,8.768689308275032,1.1678954156093313,0.7160193092571958,2.1345752901750483,36.05503749326272,8.253107355674699,0.7275865054486892,0.5931349039248748,222.93038594627873,0.1900923750723968,0
3.136411137641815,8.181379130687496,3.6799224437853977,8.986378682589613,2.2609306450699473,66.294410826041,2.9859199673684276,0.8858839957954159,-0.04194215364757248,453.61101834041125,0.06723284219836984,0
2.069788527958617,6.465014330710839,0.039224606203115964,0.475702329374721,2.311800277723675,34.06820003005363,2.7847127137129015,0.3791272582131716,-0.7164629650704555,315.64964866611984,0.26969401349949557,0
1.7634439948547809,5.026037625726414,2.696152636682416,9.532382381817998,4.971916537955828,50.23708701026576,5.30969734144625,0.8473737167694338,-0.6847616633301884,92.73976996992994,0.3676338690968449,0
1.0386924093685763,6.690543587992429,3.9688340351487694,6.679336337289494,2.54541518044303,20.73918503634046,9.684167186912514,0.39885231364429974,-0.5905855881245478,198.36388915086692,0.27918050195598704,0
2.620898220284499,8.568062201224956,1.331141431587341,9.422723163575297,4.489807497961381,36.23942366296697,9.221125180539635,0.8148321354126248,0.844699546714514,332.26932430281926,0.8075149332908913,0
3.553452206277945,7.659719665818268,3.0164575530600866,2.076630897824885,3.2986755115738338,74.572828853989,3.724457121208622,0.16284687667635317,-0.68250940486807,266.673936719605,0.7619589743116636,1
3.8728949388177636,8.139396596018436,3.344500528093089,0.5029279730126955,3.829279824842844,47.48388122757779,7.842329160593834,0.689718698803835,0.7103115277705205,347.1526925382158,0.12696343745158029,0
2.697234851839868,11.864537536948347,3.27512348202545,4.933278784937269,2.8626526392696556,72.64485943196986,9.228914088096282,0.7094242725209164,0.7648911739317792,392.64863795615327,0.7124555276969881,1
2.5433839832196825,7.451906594685293,2.2292481709935883,4.56117180424424,5.464426245218169,72.65144746171575,2.7570793640325295,0.5422832470728608,1.7116895303656734,266.27680409211865,0.5445558638935207,1
1.2551691564677232,8.165280575520756,1.7328899393788961,3.3817735052233404,4.3446012966521055,75.81108503183597,8.33689736610881,0.7183817774764397,0.8791297889765426,494.12825883587226,0.17555780105611674,0
2.6466184046277994,5.934608859469737,4.179620365139067,9.580799096448105,5.77825305432901,72.1543745060079,2.8253771437099306,0.9308653034984569,1.9567635226445041,461.60324405325514,0.7525586589683333,1
2.1399372368961838,5.335704127058913,3.7922297849993214,8.243578948398179,4.298384998817318,5.246084675772548,3.5641648336946647,0.7604693424714052,-0.9070222601774955,76.95833273089534,0.13174328691549247,0
2.821405842650731,10.427866602147462,1.6062758670695625,6.649662011618373,2.4956321223877866,75.05111686861977,2.148442770337391,0.9651664260861939,1.1124384099353568,169.89401198759825,0.21829313251130156,1
2.16617904362964,8.994782225503851,0.5150959722110304,1.7122970872144947,2.6834817353539018,15.309457931403228,5.169382030912593,0.5037510824668646,-0.9205597658408701,185.24458053940282,0.19176515747550493,0
1.7208973703511004,10.324933642307265,0.35903772722734595,7.3698017413633945,5.956295905471389,7.994468833336292,8.464446763760163,0.5754616585335615,1.1881327336241108,132.93066050150475,0.9420817339581599,0
1.2848958256851295,6.049039592205862,0.47137988949468024,7.297423301527267,4.902260789323471,9.154140093353961,5.374910946868021,0.33736482751393615,0.15755062761210636,190.40742637271612,0.7132482030444164,0
1.9447553337666872,9.002801398278837,2.9143468059602142,4.308174918798474,2.1971150001163586,31.16871463823252,1.4097120949923558,0.9870415010207816,0.8339232961777687,241.1692848209571,0.440721632706522,0
1.289934502863257,6.775497320389629,0.25831087914494844,9.255380506168734,4.81512402013866,51.56030639515952,2.667404135826266,0.14962306164514516,-0.07138578373498683,73.19794054660599,0.831093943306362,0
1.5306908524719518,6.596432718300139,1.684634374820192,1.7530810340672036,3.6486921872384466,35.17333973892481,5.716046299357122,0.4227583758551293,-0.5226848825420528,107.28510625958651,0.25516143904615113,0
3.962008475738638,5.080682098370897,3.765998509571147,2.7466418678754767,3.228833547292762,6.916571348703461,5.915237064591491,0.3679274482917516,1.1705375542678471,93.3106454570677,0.9345386150928439,0
2.3323106707198558,5.9123850649835035,1.4717408325768906,0.725920958581273,2.616243174922137,40.7361975631036,5.853677854739725,0.4478605418152499,1.71386114081026,70.84262261599277,0.7121474548351474,0
2.5956152995150497,7.164876780497868,3.816540385900649,7.974964485958116,5.3596158182262625,38.15980567027851,0.9546342265609165,0.925946074467879,-0.4492526688998951,266.6736591357283,0.5816016089577256,0
3.620855586211646,5.818151324136573,3.7273351910352766,6.255417922344433,2.2553655159564028,61.763694912623514,7.586219747820592,0.4312340866616634,1.762109003610802,200.21138745176526,0.8049160262681617,0
3.9867067014720634,11.901009082876563,1.2291356631660815,3.2179090262443704,3.1593418495185612,25.970967381907876,9.112396350092265,0.9252789874300005,-0.5794536723863687,470.9512533423701,0.6625419323539005,0
2.7481433480340445,7.160428539667654,3.644110900463727,1.7217552695837224,3.2255315753028175,21.314838034577537,5.20308568775302,0.48100497549688237,1.2069856476485938,96.24224094878201,0.8927538112599582,0
3.437421463132515,5.9122676269162975,3.738883191360504,0.4974629232845297,2.6436211358540014,24.195421825746966,7.244527010364257,0.8692918922981875,1.878335474537018,466.7159010810525,0.837695027070701,0
1.9808230730100258,6.393576189795704,1.9872696283351343,1.7507811293967723,4.032739533147481,27.7804866972386,9.157351821958201,0.5695750886506019,-0.5578873547312869,88.94552782975664,0.23793897978873985,0
1.9172318723418733,9.113922598390335,1.0521024187075911,4.587517998742816,2.0468105072435705,49.93736550253749,6.497702998490556,0.3802175590854835,0.30527014026606003,328.64780597199575,0.27768061051715,0
2.2081111629836805,5.448304667053519,2.6063540344593457,2.547051993205001,3.2039020616416365,40.36441140890599,6.808392099424301,0.5044148190710985,0.012372447075198245,161.47865181934415,0.11184254308686131,0
3.0175217880209475,11.037038910988098,4.606987940000982,2.6639235565764707,5.734517776132256,30.267092388429344,7.269763251162756,0.4819429710803831,0.1654332505522944,422.06254092224367,0.25918897131416235,0
3.0465750677652963,11.730497754660032,3.1980836621603097,8.768206030010372,3.242118277368023,33.073561871275885,2.7529240242498387,0.3339226558769958,1.2594192173953296,77.66367216798645,0.3763144216912279,0
1.9457183039483525,6.727231944671666,0.864612488136306,5.199862967264896,3.4418375484270065,32.81927451192321,5.910243172224909,0.36067485699271606,0.983566797666678,478.6286700963314,0.07738598741386847,0
1.399629772409886,8.150666880136015,3.4137846236675995,7.319594533971305,3.8926601929362863,77.93050210327381,8.453316122535671,0.267808529179949,1.9060608933884575,71.26574014980507,0.3492144189000832,1
2.897188769396526,5.15494115720648,2.136015136409173,0.4535383953786166,4.246773499405899,22.47477410397144,3.102394756555357,0.4024005014868476,-0.4435614899307332,158.50097073560022,0.7829685495459354,0
1.3849775865662934,9.48497157309055,2.957643986776865,3.7151172212124846,5.2348345792829765,66.3546170204194,8.99227089604923,0.661965222924254,0.6297826079776403,258.8831267303255,0.8483112181129344,1
2.7354775246879903,7.8974824063681215,3.6703201751155397,4.843776539214874,2.7612848926240705,58.115812819114026,6.279743107703194,0.4479023518386681,0.3473784362570802,390.22604895479697,0.05842962548805215,0
3.080266384168927,6.8904092627108895,2.574736757572224,1.9455268665808287,5.486985508770228,5.4177504202662945,4.3471135440439514,0.741090889833663,1.756568326777249,478.00072289451606,0.05678968635577106,0
3.101834489183355,6.447859774316259,4.069919872866543,1.289896260310833,5.0301974285755575,79.4882163594116,6.307193021722871,0.9882803527191578,-0.9681423025691202,242.61909408246922,0.18899175283845104,1
3.2604163319787904,9.578161543611323,3.610777896583139,8.71600740714844,4.890601338646221,61.73295279751802,4.1382270757529485,0.43939097153603657,1.9675112023012824,390.78954221804275,0.8789482076971002,0
3.6185782646969935,7.9135192172262006,3.0753667000925535,9.400373108287987,2.347218294858541,56.18371897630935,8.412748898112111,0.5163752926806553,0.43920294311758634,377.2231495003574,0.495814148575736,0
2.4998769758943653,6.257615023209384,0.7539640791617575,0.8801863106495333,2.0865627598983387,35.3993530757478,4.926722084662452,0.24769914125328785,0.8766189417007924,307.0260028809079,0.9837569723595818,0
3.1907475685887134,9.823763570407769,4.179745554557842,3.5552852541701867,4.376050803632336,46.64023166857172,9.0318909255925,0.45299375720138446,0.08015766741714647,360.91362924536884,0.8929648924784612,0
2.8575182060975104,8.955505981256856,4.67952792659908,9.58702771863029,5.452535850092644,23.995317175060265,5.1961191923087,0.7541492057116115,1.5575800090864966,67.13000737978005,0.8956217077993879,0
1.5599198193930477,11.010704384506473,0.6848256190464741,0.9233011580114024,4.337765856562544,7.66125538592731,6.6716102184463955,0.2956643197682166,0.685963835355148,248.70983040388109,0.1720526103323316,0
1.0770689346082245,5.82233129213545,2.441205647167153,6.47204959149939,2.8529394617821233,67.70162438344796,9.977895325867136,0.2638486437897063,0.9884328087492946,403.63731232701366,0.501467881752073,0
1.8536241570308012,10.499666213611192,1.2944437098525223,9.724991572573355,2.362079591796853,72.23633702608788,1.6402652418837034,0.4387373862842726,0.9467141241820294,263.39951525122893,0.9939110674521179,0
2.3291011190128583,9.714617507720813,3.7726165371278233,9.784414318955609,4.79838581127094,17.18529774606799,7.419945657587376,0.8367845371459582,0.09194641969319761,443.0770629021268,0.19159201874739828,0
2.851317833285969,5.805076557796685,3.6081481800235,4.765110975947058,4.887081109271238,64.02920718842998,1.560947833576149,0.6612914707403351,-0.7720270125801525,425.1370444541196,0.5955217809372848,0
3.549877991509616,9.863745109102044,0.7044256028519935,1.7112161670455681,2.6901268027484346,60.586450496424405,8.420890384491083,0.9618214398279458,1.42311867828215,438.5507135775645,0.37706599235543053,0
1.5887371501184968,8.090831022158813,4.385136356308186,2.1006347182766447,2.112761261986145,18.378125145206784,6.0452431353877145,0.9140863914348629,-0.13085224244704752,108.49850853268975,0.41846523301933747,0
1.3766493696954312,11.6148934988909,0.9048653198900114,8.907053811731506,3.633134052892788,36.63716019310954,9.3939636939433,0.23602347714091812,1.5467906854331135,159.86350605473172,0.896252878838476,0
3.8904398424229827,5.991279454325295,3.9862951282405374,9.125661742864386,4.330874808532089,36.70684406255775,8.68637469905971,0.13829749714649317,0.825929026372479,63.318772945458655,0.6085074407326688,0
1.3241336781292214,9.499833735710165,2.2849017981400244,6.1180084743481915,4.824009638268764,61.997319372893635,0.9337459671944697,0.45918526077527877,0.06111187429243392,492.2603270883748,0.770837569919365,0
2.4354732103215673,7.673860318240622,1.6413614677907562,7.685146354752122,5.239780036611611,67.82456793320415,1.545564908452837,0.5698715309367757,0.7827414469208682,156.2621627375429,0.689572677620479,1
2.7566911863799057,11.697702694136144,0.7911963133710675,7.425319389557041,4.442149709226929,12.108134104352825,6.091475100346887,0.564013553696843,0.9364780770843129,215.192000517009,0.552564906041471,0
2.624123262722315,7.309824267031935,0.838071280733147,6.652033820092159,2.44352243439394,47.22269261781522,5.279483471432334,0.22069654099394978,1.1200502232760172,173.71690125279628,0.8021256388318572,0
1.2580964710988296,11.735301366442602,3.3094527735045016,8.290041853232196,4.73032668856966,62.1311372696664,1.851938280011757,0.21233568893914934,1.4670144035212136,67.9071302804378,0.9721962606148647,0
1.171080742010858,11.310400957705244,2.7521519397356027,6.885525568099179,5.936706571579528,63.964294554886884,1.4677204370621681,0.14217468020128332,-0.5207351733460459,167.5661043245488,0.9684785762579969,0
1.316450282383107,6.892682647174595,0.6104271082561635,5.3866228269002425,5.622338338389616,16.09951433228067,5.727109677727809,0.8657739334498603,1.8324331543058499,94.18804979346827,0.7999794009437018,0
2.7567630516178374,10.624792437784993,0.563489302191626,2.4458679896227524,5.486675637078051,44.412885736309555,0.6794311701549949,0.952969724261361,0.23252184328253245,227.42738887306308,0.5129632679617675,0
2.633034662902963,11.969229412624543,0.3615528738639573,7.464492626774328,3.2086806134333634,69.31690297720272,8.762605968943703,0.2041165181961745,1.5813508951291322,485.070853251549,0.20500101123164122,1
1.7012223761102327,6.768641015198977,3.7188367368677206,4.787034891598917,5.003152705816003,28.888893243896312,8.10941261406568,0.29181013169420045,-0.3385612138966445,364.21806742871803,0.0922469835232997,0
2.9133224255367747,8.057440185263237,3.559410426146446,3.0184376716743424,5.404413783860582,36.883767418384785,7.896625722768676,0.1808765962614193,-0.9129130833858556,368.1053554135466,0.2698727199476469,0
3.460202506166948,8.641265155967318,0.29215495427287574,8.039268129843576,4.713304818525053,65.32688835022493,0.35677204099926246,0.8897519540267514,0.7200321308685522,253.92916998106486,0.3732450996176662,0
1.1247368795397814,7.06451795062705,2.801350377984865,6.99746464349498,3.002247026271922,11.698964088782173,0.6668812454448318,0.9628378601826169,-0.026001162782683163,415.08680481025146,0.17335713512215,0
2.4943898306441272,5.106853877522209,0.4233807762134495,9.37966167493453,5.815335887499833,69.46199674167336,5.588423387277142,0.3356169190488011,1.953386014843848,458.7278751129014,0.2635270631318296,1
3.0679312363080706,6.540904709382687,4.518728853044708,1.7378722361868897,3.8032776458347035,28.336753754810676,9.945371751162941,0.37322544694183746,-0.6866396358538512,482.69750273771933,0.1293681913328399,0
1.7569357812090614,6.973558190392309,4.535587095900662,6.526973917901282,2.5192222346635176,5.1087737443345365,3.5546987695192476,0.4264027159716456,-0.8580914019894348,94.54560023588834,0.5474931234598298,0
1.9233127158794474,8.10519790922731,3.4911649490656504,2.5179707340729425,2.439111580229568,22.56193587922687,3.5748732007723714,0.5522173834426581,-0.8649465443406003,445.839803890915,0.1700022816148697,0
2.8409137089681513,6.197717348893813,4.63094460719725,9.045471554486253,4.590075949196184,11.712548067162984,1.5159240752474368,0.7142148807804342,-0.34937891432861645,151.28729760913737,0.7556301984268069,0
3.693805880331211,11.112780496841708,4.057265152068453,1.0850442011404953,3.7508385856669566,11.928868024718309,6.808490876647115,0.5539515249291618,0.737573349096015,228.77010589587528,0.36601728923687854,0
3.429773260908698,9.934377929119353,4.142692879635247,6.596001883804284,2.3779355007158545,56.96268006069436,6.537431552141256,0.9559014235086171,0.5166901209340753,205.46473762041185,0.6884595785006696,0
2.7493906572987505,5.596403342917634,2.8485392528496662,7.931748643127496,4.961458288624378,21.04822517292986,1.192959680515759,0.1899041126693488,0.050227414500684464,353.8085180390577,0.8883934633263654,0
3.1906651532717474,9.550647157979519,1.5302959910808793,3.6136866196106014,5.197300669034479,75.10567722327369,4.7806404132698415,0.8187449610475568,-0.7336206777492722,319.06604310520623,0.1317157154101599,1
2.094467410623396,9.575595334839342,1.088995575582108,9.545966985899712,4.901662523145806,43.7333409943478,6.737334106455348,0.4010347817321239,-0.29878871561704357,99.09719364561619,0.989550748042075,0
2.9228965842962733,11.693548215505395,1.636000110194646,8.52223377740177,2.8090435107360516,39.507369346618894,5.036458135954885,0.4397929192778929,-0.4475588056458494,402.27018328153247,0.6629811752483986,0
2.398544773382671,5.021146099493128,3.1424771504453104,3.0167211668805436,4.7591018239842775,37.57126386651137,6.808763102274605,0.7379464993392029,1.2370005114681453,247.84043081067327,0.10069763866482312,0
1.5698084093726827,6.73552714864065,0.8632826791619946,0.17465681788838688,2.0428912115775404,56.944072975372386,8.1994498948286,0.936439398886941,1.3398391490039425,50.999829498341015,0.3483021203298586,0
3.1052148216317716,11.494540355627208,1.293201183186608,3.036906043568803,3.220448558713637,38.91970718927063,6.920991244593323,0.7445807006982191,1.3310420391854594,236.52647008737407,0.8919328914943835,0
2.6693939120464663,11.52493740778798,2.340304313977322,2.884973657660351,3.595286125630175,14.645026716889388,6.237919511139134,0.798274517841457,1.907121633242446,282.349209086236,0.616421924154253,0
2.075864745860774,10.044104935594461,1.1652504926230778,8.910649614258999,5.340987795542006,71.01291354805674,8.565184518056034,0.775701317942919,1.6527138390020957,80.99360834370316,0.3228612488826693,1
3.734017570235892,10.360343247332779,2.943218348580308,9.674499664722001,3.561577492277617,37.1296511694244,9.025767965123924,0.38888074538535233,0.4934142415355147,118.0108667372907,0.9434698551785884,0
1.0628023534801998,5.64038070550753,4.615880142281649,0.7973558611055775,2.045077784757593,10.550343177462686,4.011087084322881,0.781237389864023,0.24480806272749556,497.1074771708874,0.7978899418874308,0
1.947319453748488,8.597130843447635,3.7404468285156325,4.765818802479836,3.4093856473120376,44.70244906233208,1.8978488996940823,0.8060686841978215,1.7473055531283852,442.0379309101185,0.7487615713424505,0
1.1706441933329397,6.621080939022995,3.332133070744565,5.5284867854449775,3.9956963934371488,53.551014384177755,8.215031959278896,0.5800602885854615,0.8336757561444401,109.99733870599152,0.8940057640063677,0
3.2995819486648816,6.268526305295321,2.913607379918894,1.0198254471640626,5.796019146691094,25.66868481183189,2.2947804515349355,0.5830806148001347,-0.11680399892321425,311.1392298633154,0.781290947473185,0
3.106322362341378,10.672123093863327,2.4397395462853244,3.8372273204614737,5.764137215158179,65.02553057553817,9.30371656354104,0.7837487227562354,0.693392083145502,220.65948374780444,0.3224014355389197,0
1.9940566562089512,5.945266956763832,0.9328192981732986,3.239115932190211,2.7234961528856463,55.23318845280228,0.42420386317465386,0.8353277760019667,1.9764482680883786,294.6831839149638,0.6046917717493275,0
3.026988706621219,8.280561458974697,4.473552277134328,5.406957907838164,2.740586166957806,53.77558769483251,9.228457589669175,0.4034758978276034,1.5484101804570867,261.74083710532426,0.8501718593738652,0
2.1878116785878494,11.570047677102231,1.2426800100641815,6.645789907346186,2.653525825858202,36.561871465084565,5.973993327598215,0.8214059958177616,-0.15616085182137518,71.6670162615581,0.22180570138669314,0
3.268761374267303,6.300824388957398,0.45654438789080376,7.064502593916009,5.155687729656413,77.14364760584658,7.792472741826239,0.83278810600787,1.8588632777516505,191.93913994585236,0.20487211552614304,1
2.3625509882101183,11.845953966167642,3.750075896143476,1.4538747337725368,2.0240881614736255,25.564187596193573,4.1052273532311645,0.31071307682672145,1.9443863344373478,106.48426191265699,0.2010274351923359,0
2.2368391834949968,11.960015900327413,0.878077671655832,8.148182249251752,2.5087087927675094,48.327912576158944,9.918819660707024,0.7452556707850444,-0.3064991217537544,270.0356415308364,0.23454251092939477,0
3.804189746464903,8.88932008277682,1.85947999770588,6.817566094928513,4.151838526576396,28.17913681044632,2.4300039901496464,0.2678805296525425,1.6867763555040236,458.2925239907945,0.14806927483255677,0
1.7526372996721007,6.190999181240105,0.14142464145489864,8.901841675792523,2.990248267547062,60.86035647286655,2.790567893854113,0.18374420168931632,1.649608153096496,497.98974765629475,0.8457475689659579,0
1.3613420199896962,7.21273421558627,0.6853397127022404,4.548426988410797,2.3694258329570483,8.584361290259109,0.7040379515672348,0.6170887108452049,-0.8807392802978782,474.9138808171121,0.8274023093776097,0
2.7536293397783744,7.9714498287357465,0.8660181537995604,8.949508650949696,3.4395120493353373,8.442040090628693,9.416638958002094,0.9177869789050591,1.0090675791850612,493.5637062386645,0.1938005422661403,0
3.9079654368525367,7.165269570507561,0.27205063875088975,8.671163811325147,3.096830420240979,65.81457271390936,4.669087175267026,0.13191312117318693,-0.08415786090649202,56.86084210115983,0.7202603178748287,0
2.1335176411815597,6.96444905913561,3.283284783114226,4.440252390356769,4.0444172260571385,37.57011207977533,6.813553664249623,0.8438514738354295,1.0238378794756273,378.2511402998125,0.6456267812494522,0
1.1861102908863446,11.805607964514504,4.185038979015586,3.8733188214004888,5.916934375320784,30.58850409502668,6.936919129135839,0.555824089633156,1.7406760825707304,172.82696457944132,0.3123845523317433,0
